datetime,variable,ecoli
2022-12-30 06:00:00+02:00,0,22.376
2022-12-30 07:00:00+02:00,0,21.915
2022-12-30 08:00:00+02:00,0,21.463
2022-12-30 09:00:00+02:00,0,21.033
2022-12-30 10:00:00+02:00,0,20.650
2022-12-30 11:00:00+02:00,0,20.244
2022-12-30 12:00:00+02:00,0,19.840
2022-12-30 13:00:00+02:00,0,19.451
2022-12-30 14:00:00+02:00,0,19.055
2022-12-30 15:00:00+02:00,0,18.665
2022-12-30 16:00:00+02:00,0,18.282
2022-12-30 17:00:00+02:00,0,17.906
2022-12-30 18:00:00+02:00,0,17.537
2022-12-30 19:00:00+02:00,0,17.419
2022-12-30 20:00:00+02:00,0,18.001
2022-12-30 21:00:00+02:00,0,18.331
2022-12-30 22:00:00+02:00,0,18.526
2022-12-30 23:00:00+02:00,0,19.033
2022-12-31 00:00:00+02:00,0,20.005
2022-12-31 01:00:00+02:00,0,20.883
2022-12-31 02:00:00+02:00,0,21.249
2022-12-31 03:00:00+02:00,0,21.469
2022-12-31 04:00:00+02:00,0,21.533
2022-12-31 05:00:00+02:00,0,21.623
2022-12-31 06:00:00+02:00,0,21.485
2022-12-31 07:00:00+02:00,0,21.233
2022-12-31 08:00:00+02:00,0,20.963
2022-12-31 09:00:00+02:00,0,20.616
2022-12-31 10:00:00+02:00,0,0.000
2022-12-31 11:00:00+02:00,0,0.000
2022-12-31 12:00:00+02:00,0,0.000
2022-12-31 13:00:00+02:00,0,0.000
2022-12-31 14:00:00+02:00,0,0.000
2022-12-31 15:00:00+02:00,0,0.000
2022-12-31 16:00:00+02:00,0,0.000
2022-12-31 17:00:00+02:00,0,0.000
2022-12-31 18:00:00+02:00,0,0.000
2022-12-31 19:00:00+02:00,0,0.000
2022-12-31 20:00:00+02:00,0,0.000
2022-12-31 21:00:00+02:00,0,0.000
2022-12-31 22:00:00+02:00,0,0.000
2022-12-31 23:00:00+02:00,0,0.000
2023-01-01 00:00:00+02:00,0,0.014
2023-01-01 01:00:00+02:00,0,0.214
2023-01-01 02:00:00+02:00,0,1.598
2023-01-01 03:00:00+02:00,0,3.691
2023-01-01 04:00:00+02:00,0,5.241
2023-01-01 05:00:00+02:00,0,6.634
2023-01-01 06:00:00+02:00,0,7.535
2023-01-01 07:00:00+02:00,0,8.035
2023-01-01 08:00:00+02:00,0,8.191
2023-01-01 09:00:00+02:00,0,0.000
2023-01-01 10:00:00+02:00,0,0.000
2023-01-01 11:00:00+02:00,0,0.000
2023-01-01 12:00:00+02:00,0,0.000
2023-01-01 13:00:00+02:00,0,0.000
2023-01-01 14:00:00+02:00,0,0.000
2023-01-01 15:00:00+02:00,0,0.000
2023-01-01 16:00:00+02:00,0,0.000
2023-01-01 17:00:00+02:00,0,0.000
2023-01-01 18:00:00+02:00,0,0.000
2023-01-01 19:00:00+02:00,0,0.000
2023-01-01 20:00:00+02:00,0,0.000
2023-01-01 21:00:00+02:00,0,0.000
2023-01-01 22:00:00+02:00,0,0.000
2023-01-01 23:00:00+02:00,0,0.000
2023-01-02 00:00:00+02:00,0,0.000
2023-01-02 01:00:00+02:00,0,0.000
2023-01-02 02:00:00+02:00,0,0.000
2023-01-02 03:00:00+02:00,0,0.000
2023-01-02 04:00:00+02:00,0,0.000
2023-01-02 05:00:00+02:00,0,0.000
2023-01-02 06:00:00+02:00,0,8.473
2023-01-02 07:00:00+02:00,0,5.776
2023-01-02 08:00:00+02:00,0,0.004
2023-01-02 09:00:00+02:00,0,0.000
2023-01-02 10:00:00+02:00,0,0.000
2023-01-02 11:00:00+02:00,0,0.000
2023-01-02 12:00:00+02:00,0,0.000
2023-01-02 13:00:00+02:00,0,0.000
2023-01-02 14:00:00+02:00,0,0.000
2023-01-02 15:00:00+02:00,0,0.000
2023-01-02 16:00:00+02:00,0,0.000
2023-01-02 17:00:00+02:00,0,0.000
2023-01-02 18:00:00+02:00,0,0.000
2023-01-02 19:00:00+02:00,0,0.000
2023-01-02 20:00:00+02:00,0,0.000
2023-01-02 21:00:00+02:00,0,0.000
2023-01-02 22:00:00+02:00,0,0.000
2023-01-02 23:00:00+02:00,0,0.000
2023-01-03 00:00:00+02:00,0,0.000
2023-01-03 01:00:00+02:00,0,0.000
2023-01-03 02:00:00+02:00,0,0.000
2023-01-03 03:00:00+02:00,0,0.000
2023-01-03 04:00:00+02:00,0,0.000
2023-01-03 05:00:00+02:00,0,0.000
2023-01-03 06:00:00+02:00,0,0.000
2023-01-03 07:00:00+02:00,0,0.000
2023-01-03 08:00:00+02:00,0,0.000
2023-01-03 09:00:00+02:00,0,0.000
2023-01-03 10:00:00+02:00,0,0.000
2023-01-03 11:00:00+02:00,0,0.000
2023-01-03 12:00:00+02:00,0,0.000
2023-01-03 13:00:00+02:00,0,0.000
2023-01-03 14:00:00+02:00,0,0.000
2023-01-03 15:00:00+02:00,0,0.000
2023-01-03 16:00:00+02:00,0,0.000
2023-01-03 17:00:00+02:00,0,0.000
2023-01-03 18:00:00+02:00,0,1.704
2023-01-03 19:00:00+02:00,0,0.088
2023-01-03 20:00:00+02:00,0,0.023
2023-01-03 21:00:00+02:00,0,0.000
2023-01-03 22:00:00+02:00,0,0.000
2023-01-03 23:00:00+02:00,0,0.000
2023-01-04 00:00:00+02:00,0,0.000
2023-01-04 01:00:00+02:00,0,0.000
2023-01-04 02:00:00+02:00,0,0.000
2023-01-04 03:00:00+02:00,0,0.000
2023-01-04 04:00:00+02:00,0,0.000
2023-01-04 05:00:00+02:00,0,0.000
2023-01-04 06:00:00+02:00,0,0.000
2023-01-04 07:00:00+02:00,0,0.000
2023-01-04 08:00:00+02:00,0,0.000
2023-01-04 09:00:00+02:00,0,0.000
2023-01-04 10:00:00+02:00,0,0.000
2023-01-04 11:00:00+02:00,0,0.000
2023-01-04 12:00:00+02:00,0,0.000
2023-01-04 13:00:00+02:00,0,0.000
2023-01-04 14:00:00+02:00,0,0.000
2023-01-04 15:00:00+02:00,0,0.000
2023-01-04 16:00:00+02:00,0,26.755
2023-01-04 17:00:00+02:00,0,46.340
2023-01-04 18:00:00+02:00,0,51.274
2023-01-04 19:00:00+02:00,0,60.339
2023-01-04 20:00:00+02:00,0,62.362
2023-01-04 21:00:00+02:00,0,63.177
2023-01-04 22:00:00+02:00,0,62.975
2023-01-04 23:00:00+02:00,0,65.738
2023-01-05 00:00:00+02:00,0,65.085
2023-01-05 01:00:00+02:00,0,63.826
2023-01-05 02:00:00+02:00,0,62.549
2023-01-05 03:00:00+02:00,0,61.270
2023-01-05 04:00:00+02:00,0,60.056
2023-01-05 05:00:00+02:00,0,58.908
2023-01-05 06:00:00+02:00,0,57.803
2023-01-05 07:00:00+02:00,0,56.627
2023-01-05 08:00:00+02:00,0,55.463
2023-01-05 09:00:00+02:00,0,54.321
2023-01-05 10:00:00+02:00,0,53.203
2023-01-05 11:00:00+02:00,0,52.109
2023-01-05 12:00:00+02:00,0,51.036
2023-01-05 13:00:00+02:00,0,49.985
2023-01-05 14:00:00+02:00,0,48.954
2023-01-05 15:00:00+02:00,0,47.945
2023-01-05 16:00:00+02:00,0,46.957
2023-01-05 17:00:00+02:00,0,45.989
2023-01-05 18:00:00+02:00,0,45.040
2023-01-05 19:00:00+02:00,0,47.832
2023-01-05 20:00:00+02:00,0,84.540
2023-01-05 21:00:00+02:00,0,186.291
2023-01-05 22:00:00+02:00,0,346.777
2023-01-05 23:00:00+02:00,0,494.437
2023-01-06 00:00:00+02:00,0,555.049
2023-01-06 01:00:00+02:00,0,554.057
2023-01-06 02:00:00+02:00,0,543.014
2023-01-06 03:00:00+02:00,0,531.825
2023-01-06 04:00:00+02:00,0,520.860
2023-01-06 05:00:00+02:00,0,510.121
2023-01-06 06:00:00+02:00,0,499.603
2023-01-06 07:00:00+02:00,0,489.302
2023-01-06 08:00:00+02:00,0,479.214
2023-01-06 09:00:00+02:00,0,469.334
2023-01-06 10:00:00+02:00,0,459.657
2023-01-06 11:00:00+02:00,0,450.180
2023-01-06 12:00:00+02:00,0,440.898
2023-01-06 13:00:00+02:00,0,431.808
2023-01-06 14:00:00+02:00,0,422.905
2023-01-06 15:00:00+02:00,0,414.186
2023-01-06 16:00:00+02:00,0,405.646
2023-01-06 17:00:00+02:00,0,397.282
2023-01-06 18:00:00+02:00,0,389.091
2023-01-06 19:00:00+02:00,0,381.069
2023-01-06 20:00:00+02:00,0,373.212
2023-01-06 21:00:00+02:00,0,365.517
2023-01-06 22:00:00+02:00,0,373.471
2023-01-06 23:00:00+02:00,0,405.969
2023-01-07 00:00:00+02:00,0,419.005
2023-01-07 01:00:00+02:00,0,419.070
2023-01-07 02:00:00+02:00,0,416.920
2023-01-07 03:00:00+02:00,0,423.558
2023-01-07 04:00:00+02:00,0,437.334
2023-01-07 05:00:00+02:00,0,438.062
2023-01-07 06:00:00+02:00,0,433.188
2023-01-07 07:00:00+02:00,0,427.538
2023-01-07 08:00:00+02:00,0,419.590
2023-01-07 09:00:00+02:00,0,411.254
2023-01-07 10:00:00+02:00,0,402.887
2023-01-07 11:00:00+02:00,0,394.639
2023-01-07 12:00:00+02:00,0,386.532
2023-01-07 13:00:00+02:00,0,378.584
2023-01-07 14:00:00+02:00,0,370.783
2023-01-07 15:00:00+02:00,0,363.139
2023-01-07 16:00:00+02:00,0,355.652
2023-01-07 17:00:00+02:00,0,348.320
2023-01-07 18:00:00+02:00,0,341.139
2023-01-07 19:00:00+02:00,0,334.108
2023-01-07 20:00:00+02:00,0,327.223
2023-01-07 21:00:00+02:00,0,320.484
2023-01-07 22:00:00+02:00,0,313.905
2023-01-07 23:00:00+02:00,0,307.536
2023-01-08 00:00:00+02:00,0,301.419
2023-01-08 01:00:00+02:00,0,295.429
2023-01-08 02:00:00+02:00,0,289.541
2023-01-08 03:00:00+02:00,0,283.862
2023-01-08 04:00:00+02:00,0,278.257
2023-01-08 05:00:00+02:00,0,272.794
2023-01-08 06:00:00+02:00,0,267.510
2023-01-08 07:00:00+02:00,0,262.225
2023-01-08 08:00:00+02:00,0,256.933
2023-01-08 09:00:00+02:00,0,0.155
2023-01-08 10:00:00+02:00,0,0.000
2023-01-08 11:00:00+02:00,0,0.000
2023-01-08 12:00:00+02:00,0,0.000
2023-01-08 13:00:00+02:00,0,0.000
2023-01-08 14:00:00+02:00,0,0.000
2023-01-08 15:00:00+02:00,0,0.000
2023-01-08 16:00:00+02:00,0,0.000
2023-01-08 17:00:00+02:00,0,0.000
2023-01-08 18:00:00+02:00,0,0.000
2023-01-08 19:00:00+02:00,0,0.000
2023-01-08 20:00:00+02:00,0,0.000
2023-01-08 21:00:00+02:00,0,0.000
2023-01-08 22:00:00+02:00,0,0.000
2023-01-08 23:00:00+02:00,0,0.000
2023-01-09 00:00:00+02:00,0,0.000
2023-01-09 01:00:00+02:00,0,0.000
2023-01-09 02:00:00+02:00,0,0.000
2023-01-09 03:00:00+02:00,0,0.000
2023-01-09 04:00:00+02:00,0,0.000
2023-01-09 05:00:00+02:00,0,0.000
2023-01-09 06:00:00+02:00,0,0.000
2023-01-09 07:00:00+02:00,0,0.215
2023-01-09 08:00:00+02:00,0,0.000
2023-01-09 09:00:00+02:00,0,0.000
2023-01-09 10:00:00+02:00,0,0.000
2023-01-09 11:00:00+02:00,0,0.000
2023-01-09 12:00:00+02:00,0,0.000
2023-01-09 13:00:00+02:00,0,0.000
2023-01-09 14:00:00+02:00,0,0.000
2023-01-09 15:00:00+02:00,0,0.000
2023-01-09 16:00:00+02:00,0,0.000
2023-01-09 17:00:00+02:00,0,0.000
2023-01-09 18:00:00+02:00,0,0.000
2023-01-09 19:00:00+02:00,0,0.000
2023-01-09 20:00:00+02:00,0,0.000
2023-01-09 21:00:00+02:00,0,0.000
2023-01-09 22:00:00+02:00,0,0.000
2023-01-09 23:00:00+02:00,0,0.000
2023-01-10 00:00:00+02:00,0,0.000
2023-01-10 01:00:00+02:00,0,0.000
2023-01-10 02:00:00+02:00,0,0.000
2023-01-10 03:00:00+02:00,0,0.000
2023-01-10 04:00:00+02:00,0,0.000
2023-01-10 05:00:00+02:00,0,0.000
2023-01-10 06:00:00+02:00,0,0.000
2023-01-10 07:00:00+02:00,0,0.000
2023-01-10 08:00:00+02:00,0,0.000
2023-01-10 09:00:00+02:00,0,0.000
2023-01-10 10:00:00+02:00,0,0.000
2023-01-10 11:00:00+02:00,0,0.000
2023-01-10 12:00:00+02:00,0,0.000
2023-01-10 13:00:00+02:00,0,0.000
2023-01-10 14:00:00+02:00,0,0.000
2023-01-10 15:00:00+02:00,0,0.000
2023-01-10 16:00:00+02:00,0,0.000
2023-01-10 17:00:00+02:00,0,0.000
2023-01-10 18:00:00+02:00,0,0.000
2023-01-10 19:00:00+02:00,0,0.000
2023-01-10 20:00:00+02:00,0,0.000
2023-01-10 21:00:00+02:00,0,0.000
2023-01-10 22:00:00+02:00,0,0.000
2023-01-10 23:00:00+02:00,0,0.000
2023-01-11 00:00:00+02:00,0,0.000
2023-01-11 01:00:00+02:00,0,0.000
2023-01-11 02:00:00+02:00,0,0.000
2023-01-11 03:00:00+02:00,0,0.000
2023-01-11 04:00:00+02:00,0,0.000
2023-01-11 05:00:00+02:00,0,0.000
2023-01-11 06:00:00+02:00,0,0.000
2023-01-11 07:00:00+02:00,0,0.000
2023-01-11 08:00:00+02:00,0,0.000
2023-01-11 09:00:00+02:00,0,0.000
2023-01-11 10:00:00+02:00,0,0.000
2023-01-11 11:00:00+02:00,0,0.000
2023-01-11 12:00:00+02:00,0,0.000
2023-01-11 13:00:00+02:00,0,0.000
2023-01-11 14:00:00+02:00,0,0.000
2023-01-11 15:00:00+02:00,0,0.000
2023-01-11 16:00:00+02:00,0,0.000
2023-01-11 17:00:00+02:00,0,0.000
2023-01-11 18:00:00+02:00,0,0.000
2023-01-11 19:00:00+02:00,0,0.000
2023-01-11 20:00:00+02:00,0,0.000
2023-01-11 21:00:00+02:00,0,0.000
2023-01-11 22:00:00+02:00,0,0.000
2023-01-11 23:00:00+02:00,0,0.000
2023-01-12 00:00:00+02:00,0,0.000
2023-01-12 01:00:00+02:00,0,0.000
2023-01-12 02:00:00+02:00,0,0.000
2023-01-12 03:00:00+02:00,0,0.000
2023-01-12 04:00:00+02:00,0,0.000
2023-01-12 05:00:00+02:00,0,0.000
2023-01-12 06:00:00+02:00,0,0.918
2023-01-12 07:00:00+02:00,0,2.022
2023-01-12 08:00:00+02:00,0,0.001
2023-01-12 09:00:00+02:00,0,0.000
2023-01-12 10:00:00+02:00,0,0.000
2023-01-12 11:00:00+02:00,0,0.000
2023-01-12 12:00:00+02:00,0,0.000
2023-01-12 13:00:00+02:00,0,0.000
2023-01-12 14:00:00+02:00,0,0.000
2023-01-12 15:00:00+02:00,0,0.000
2023-01-12 16:00:00+02:00,0,0.000
2023-01-12 17:00:00+02:00,0,0.000
2023-01-12 18:00:00+02:00,0,0.000
2023-01-12 19:00:00+02:00,0,0.000
2023-01-12 20:00:00+02:00,0,0.000
2023-01-12 21:00:00+02:00,0,0.000
2023-01-12 22:00:00+02:00,0,0.000
2023-01-12 23:00:00+02:00,0,0.000
2023-01-13 00:00:00+02:00,0,0.000
2023-01-13 01:00:00+02:00,0,0.000
2023-01-13 02:00:00+02:00,0,0.000
2023-01-13 03:00:00+02:00,0,0.276
2023-01-13 04:00:00+02:00,0,0.243
2023-01-13 05:00:00+02:00,0,0.000
2023-01-13 06:00:00+02:00,0,0.000
2023-01-13 07:00:00+02:00,0,0.000
2023-01-13 08:00:00+02:00,0,0.000
2023-01-13 09:00:00+02:00,0,0.000
2023-01-13 10:00:00+02:00,0,0.000
2023-01-13 11:00:00+02:00,0,0.000
2023-01-13 12:00:00+02:00,0,0.000
2023-01-13 13:00:00+02:00,0,0.000
2023-01-13 14:00:00+02:00,0,0.000
2023-01-13 15:00:00+02:00,0,0.000
2023-01-13 16:00:00+02:00,0,0.000
2023-01-13 17:00:00+02:00,0,0.000
2023-01-13 18:00:00+02:00,0,0.000
2023-01-13 19:00:00+02:00,0,0.000
2023-01-13 20:00:00+02:00,0,0.000
2023-01-13 21:00:00+02:00,0,0.000
2023-01-13 22:00:00+02:00,0,0.000
2023-01-13 23:00:00+02:00,0,0.000
2023-01-14 00:00:00+02:00,0,0.000
2023-01-14 01:00:00+02:00,0,0.000
2023-01-14 02:00:00+02:00,0,100.941
2023-01-14 03:00:00+02:00,0,114.438
2023-01-14 04:00:00+02:00,0,113.560
2023-01-14 05:00:00+02:00,0,111.827
2023-01-14 06:00:00+02:00,0,109.807
2023-01-14 07:00:00+02:00,0,107.861
2023-01-14 08:00:00+02:00,0,7.740
2023-01-14 09:00:00+02:00,0,0.000
2023-01-14 10:00:00+02:00,0,0.000
2023-01-14 11:00:00+02:00,0,0.000
2023-01-14 12:00:00+02:00,0,0.000
2023-01-14 13:00:00+02:00,0,0.000
2023-01-14 14:00:00+02:00,0,0.000
2023-01-14 15:00:00+02:00,0,0.000
2023-01-14 16:00:00+02:00,0,0.000
2023-01-14 17:00:00+02:00,0,0.000
2023-01-14 18:00:00+02:00,0,0.000
2023-01-14 19:00:00+02:00,0,0.000
2023-01-14 20:00:00+02:00,0,0.000
2023-01-14 21:00:00+02:00,0,0.000
2023-01-14 22:00:00+02:00,0,0.000
2023-01-14 23:00:00+02:00,0,0.000
2023-01-15 00:00:00+02:00,0,0.000
2023-01-15 01:00:00+02:00,0,0.000
2023-01-15 02:00:00+02:00,0,0.000
2023-01-15 03:00:00+02:00,0,0.000
2023-01-15 04:00:00+02:00,0,0.000
2023-01-15 05:00:00+02:00,0,0.000
2023-01-15 06:00:00+02:00,0,0.000
2023-01-15 07:00:00+02:00,0,0.000
2023-01-15 08:00:00+02:00,0,0.000
2023-01-15 09:00:00+02:00,0,0.000
2023-01-15 10:00:00+02:00,0,0.000
2023-01-15 11:00:00+02:00,0,0.000
2023-01-15 12:00:00+02:00,0,0.000
2023-01-15 13:00:00+02:00,0,0.000
2023-01-15 14:00:00+02:00,0,0.000
2023-01-15 15:00:00+02:00,0,0.000
2023-01-15 16:00:00+02:00,0,0.000
2023-01-15 17:00:00+02:00,0,0.014
2023-01-15 18:00:00+02:00,0,0.047
2023-01-15 19:00:00+02:00,0,0.142
2023-01-15 20:00:00+02:00,0,0.201
2023-01-15 21:00:00+02:00,0,0.226
2023-01-15 22:00:00+02:00,0,0.236
2023-01-15 23:00:00+02:00,0,0.238
2023-01-16 00:00:00+02:00,0,0.240
2023-01-16 01:00:00+02:00,0,0.260
2023-01-16 02:00:00+02:00,0,0.327
2023-01-16 03:00:00+02:00,0,0.382
2023-01-16 04:00:00+02:00,0,0.421
2023-01-16 05:00:00+02:00,0,0.232
2023-01-16 06:00:00+02:00,0,0.001
2023-01-16 07:00:00+02:00,0,0.000
2023-01-16 08:00:00+02:00,0,0.000
2023-01-16 09:00:00+02:00,0,0.000
2023-01-16 10:00:00+02:00,0,0.000
2023-01-16 11:00:00+02:00,0,0.000
2023-01-16 12:00:00+02:00,0,0.000
2023-01-16 13:00:00+02:00,0,0.000
2023-01-16 14:00:00+02:00,0,0.000
2023-01-16 15:00:00+02:00,0,0.000
2023-01-16 16:00:00+02:00,0,0.000
2023-01-16 17:00:00+02:00,0,0.000
2023-01-16 18:00:00+02:00,0,0.000
2023-01-16 19:00:00+02:00,0,0.000
2023-01-16 20:00:00+02:00,0,0.000
2023-01-16 21:00:00+02:00,0,0.000
2023-01-16 22:00:00+02:00,0,0.000
2023-01-16 23:00:00+02:00,0,0.000
2023-01-17 00:00:00+02:00,0,0.000
2023-01-17 01:00:00+02:00,0,0.000
2023-01-17 02:00:00+02:00,0,0.000
2023-01-17 03:00:00+02:00,0,0.000
2023-01-17 04:00:00+02:00,0,0.000
2023-01-17 05:00:00+02:00,0,0.000
2023-01-17 06:00:00+02:00,0,0.000
2023-01-17 07:00:00+02:00,0,0.000
2023-01-17 08:00:00+02:00,0,0.000
2023-01-17 09:00:00+02:00,0,0.000
2023-01-17 10:00:00+02:00,0,0.000
2023-01-17 11:00:00+02:00,0,0.000
2023-01-17 12:00:00+02:00,0,0.000
2023-01-17 13:00:00+02:00,0,0.000
2023-01-17 14:00:00+02:00,0,0.000
2023-01-17 15:00:00+02:00,0,0.000
2023-01-17 16:00:00+02:00,0,0.000
2023-01-17 17:00:00+02:00,0,0.000
2023-01-17 18:00:00+02:00,0,0.000
2023-01-17 19:00:00+02:00,0,0.000
2023-01-17 20:00:00+02:00,0,0.000
2023-01-17 21:00:00+02:00,0,0.000
2023-01-17 22:00:00+02:00,0,0.000
2023-01-17 23:00:00+02:00,0,0.000
2023-01-18 00:00:00+02:00,0,0.000
2023-01-18 01:00:00+02:00,0,0.000
2023-01-18 02:00:00+02:00,0,0.000
2023-01-18 03:00:00+02:00,0,0.000
2023-01-18 04:00:00+02:00,0,0.000
2023-01-18 05:00:00+02:00,0,0.000
2023-01-18 06:00:00+02:00,0,0.000
2023-01-18 07:00:00+02:00,0,0.000
2023-01-18 08:00:00+02:00,0,0.000
2023-01-18 09:00:00+02:00,0,0.000
2023-01-18 10:00:00+02:00,0,0.000
2023-01-18 11:00:00+02:00,0,0.000
2023-01-18 12:00:00+02:00,0,0.000
2023-01-18 13:00:00+02:00,0,0.000
2023-01-18 14:00:00+02:00,0,0.000
2023-01-18 15:00:00+02:00,0,0.000
2023-01-18 16:00:00+02:00,0,0.000
2023-01-18 17:00:00+02:00,0,0.000
2023-01-18 18:00:00+02:00,0,0.000
2023-01-18 19:00:00+02:00,0,0.000
2023-01-18 20:00:00+02:00,0,0.000
2023-01-18 21:00:00+02:00,0,0.000
2023-01-18 22:00:00+02:00,0,0.000
2023-01-18 23:00:00+02:00,0,0.000
2023-01-19 00:00:00+02:00,0,0.000
2023-01-19 01:00:00+02:00,0,0.000
2023-01-19 02:00:00+02:00,0,82.060
2023-01-19 03:00:00+02:00,0,112.038
2023-01-19 04:00:00+02:00,0,113.166
2023-01-19 05:00:00+02:00,0,112.372
2023-01-19 06:00:00+02:00,0,110.700
2023-01-19 07:00:00+02:00,0,108.459
2023-01-19 08:00:00+02:00,0,106.268
2023-01-19 09:00:00+02:00,0,0.035
2023-01-19 10:00:00+02:00,0,0.000
2023-01-19 11:00:00+02:00,0,0.000
2023-01-19 12:00:00+02:00,0,0.000
2023-01-19 13:00:00+02:00,0,0.000
2023-01-19 14:00:00+02:00,0,0.000
2023-01-19 15:00:00+02:00,0,0.000
2023-01-19 16:00:00+02:00,0,0.000
2023-01-19 17:00:00+02:00,0,0.000
2023-01-19 18:00:00+02:00,0,6.303
2023-01-19 19:00:00+02:00,0,17.690
2023-01-19 20:00:00+02:00,0,27.592
2023-01-19 21:00:00+02:00,0,36.454
2023-01-19 22:00:00+02:00,0,47.404
2023-01-19 23:00:00+02:00,0,51.078
2023-01-20 00:00:00+02:00,0,0.068
2023-01-20 01:00:00+02:00,0,34.625
2023-01-20 02:00:00+02:00,0,43.633
2023-01-20 03:00:00+02:00,0,51.945
2023-01-20 04:00:00+02:00,0,57.643
2023-01-20 05:00:00+02:00,0,58.420
2023-01-20 06:00:00+02:00,0,57.730
2023-01-20 06:00:00+02:00,0,56.657
2023-01-20 07:00:00+02:00,0,59.020
2023-01-20 08:00:00+02:00,0,69.724
2023-01-20 09:00:00+02:00,0,76.946
2023-01-20 10:00:00+02:00,0,0.000
2023-01-20 11:00:00+02:00,0,0.000
2023-01-20 12:00:00+02:00,0,0.000
2023-01-20 13:00:00+02:00,0,0.000
2023-01-20 14:00:00+02:00,0,0.000
2023-01-20 15:00:00+02:00,0,0.000
2023-01-20 16:00:00+02:00,0,0.000
2023-01-20 17:00:00+02:00,0,0.000
2023-01-20 18:00:00+02:00,0,0.000
2023-01-20 19:00:00+02:00,0,0.000
2023-01-20 20:00:00+02:00,0,0.000
2023-01-20 21:00:00+02:00,0,-0.000
2023-01-20 22:00:00+02:00,0,9.197
2023-01-20 23:00:00+02:00,0,60.194
2023-01-21 00:00:00+02:00,0,60.995
2023-01-21 01:00:00+02:00,0,14.706
2023-01-21 02:00:00+02:00,0,222.617
2023-01-21 03:00:00+02:00,0,328.531
2023-01-21 04:00:00+02:00,0,271.201
2023-01-21 05:00:00+02:00,0,221.916
2023-01-21 06:00:00+02:00,0,198.207
2023-01-21 07:00:00+02:00,0,192.775
2023-01-21 08:00:00+02:00,0,194.119
2023-01-21 09:00:00+02:00,0,194.720
2023-01-21 10:00:00+02:00,0,0.104
2023-01-21 11:00:00+02:00,0,0.000
2023-01-21 12:00:00+02:00,0,0.000
2023-01-21 13:00:00+02:00,0,0.000
2023-01-21 14:00:00+02:00,0,0.000
2023-01-21 15:00:00+02:00,0,0.000
2023-01-21 16:00:00+02:00,0,0.000
2023-01-21 17:00:00+02:00,0,0.000
2023-01-21 18:00:00+02:00,0,0.000
2023-01-21 19:00:00+02:00,0,0.000
2023-01-21 20:00:00+02:00,0,0.000
2023-01-21 21:00:00+02:00,0,-0.000
2023-01-21 22:00:00+02:00,0,9.197
2023-01-21 23:00:00+02:00,0,60.194
2023-01-22 00:00:00+02:00,0,60.995
2023-01-22 01:00:00+02:00,0,14.706
2023-01-22 02:00:00+02:00,0,222.617
2023-01-22 03:00:00+02:00,0,328.536
2023-01-22 04:00:00+02:00,0,271.225
2023-01-22 05:00:00+02:00,0,221.997
2022-12-30 06:00:00+02:00,1,22.376
2022-12-30 07:00:00+02:00,1,21.915
2022-12-30 08:00:00+02:00,1,21.463
2022-12-30 09:00:00+02:00,1,21.037
2022-12-30 10:00:00+02:00,1,20.654
2022-12-30 11:00:00+02:00,1,20.245
2022-12-30 12:00:00+02:00,1,19.841
2022-12-30 13:00:00+02:00,1,19.452
2022-12-30 14:00:00+02:00,1,19.055
2022-12-30 15:00:00+02:00,1,18.665
2022-12-30 16:00:00+02:00,1,18.282
2022-12-30 17:00:00+02:00,1,17.906
2022-12-30 18:00:00+02:00,1,17.537
2022-12-30 19:00:00+02:00,1,17.469
2022-12-30 20:00:00+02:00,1,18.092
2022-12-30 21:00:00+02:00,1,18.400
2022-12-30 22:00:00+02:00,1,18.586
2022-12-30 23:00:00+02:00,1,19.105
2022-12-31 00:00:00+02:00,1,20.112
2022-12-31 01:00:00+02:00,1,20.988
2022-12-31 02:00:00+02:00,1,21.341
2022-12-31 03:00:00+02:00,1,21.540
2022-12-31 04:00:00+02:00,1,21.590
2022-12-31 05:00:00+02:00,1,21.675
2022-12-31 06:00:00+02:00,1,21.525
2022-12-31 07:00:00+02:00,1,21.261
2022-12-31 08:00:00+02:00,1,20.984
2022-12-31 09:00:00+02:00,1,20.626
2022-12-31 10:00:00+02:00,1,0.122
2022-12-31 11:00:00+02:00,1,0.000
2022-12-31 12:00:00+02:00,1,0.000
2022-12-31 13:00:00+02:00,1,0.000
2022-12-31 14:00:00+02:00,1,0.000
2022-12-31 15:00:00+02:00,1,0.000
2022-12-31 16:00:00+02:00,1,0.000
2022-12-31 17:00:00+02:00,1,0.000
2022-12-31 18:00:00+02:00,1,0.000
2022-12-31 19:00:00+02:00,1,0.000
2022-12-31 20:00:00+02:00,1,0.000
2022-12-31 21:00:00+02:00,1,0.000
2022-12-31 22:00:00+02:00,1,0.000
2022-12-31 23:00:00+02:00,1,0.000
2023-01-01 00:00:00+02:00,1,0.030
2023-01-01 01:00:00+02:00,1,0.348
2023-01-01 02:00:00+02:00,1,1.921
2023-01-01 03:00:00+02:00,1,3.964
2023-01-01 04:00:00+02:00,1,5.461
2023-01-01 05:00:00+02:00,1,6.829
2023-01-01 06:00:00+02:00,1,7.737
2023-01-01 07:00:00+02:00,1,8.352
2023-01-01 08:00:00+02:00,1,8.628
2023-01-01 09:00:00+02:00,1,0.127
2023-01-01 10:00:00+02:00,1,0.000
2023-01-01 11:00:00+02:00,1,0.000
2023-01-01 12:00:00+02:00,1,0.000
2023-01-01 13:00:00+02:00,1,0.000
2023-01-01 14:00:00+02:00,1,0.000
2023-01-01 15:00:00+02:00,1,0.000
2023-01-01 16:00:00+02:00,1,0.000
2023-01-01 17:00:00+02:00,1,0.000
2023-01-01 18:00:00+02:00,1,0.000
2023-01-01 19:00:00+02:00,1,0.000
2023-01-01 20:00:00+02:00,1,0.000
2023-01-01 21:00:00+02:00,1,0.000
2023-01-01 22:00:00+02:00,1,0.000
2023-01-01 23:00:00+02:00,1,0.000
2023-01-02 00:00:00+02:00,1,0.000
2023-01-02 01:00:00+02:00,1,0.000
2023-01-02 02:00:00+02:00,1,0.000
2023-01-02 03:00:00+02:00,1,0.000
2023-01-02 04:00:00+02:00,1,0.000
2023-01-02 05:00:00+02:00,1,0.000
2023-01-02 06:00:00+02:00,1,24.536
2023-01-02 07:00:00+02:00,1,21.196
2023-01-02 08:00:00+02:00,1,0.677
2023-01-02 09:00:00+02:00,1,0.020
2023-01-02 10:00:00+02:00,1,0.000
2023-01-02 11:00:00+02:00,1,0.000
2023-01-02 12:00:00+02:00,1,0.000
2023-01-02 13:00:00+02:00,1,0.000
2023-01-02 14:00:00+02:00,1,0.000
2023-01-02 15:00:00+02:00,1,0.000
2023-01-02 16:00:00+02:00,1,0.000
2023-01-02 17:00:00+02:00,1,0.000
2023-01-02 18:00:00+02:00,1,0.000
2023-01-02 19:00:00+02:00,1,0.000
2023-01-02 20:00:00+02:00,1,0.000
2023-01-02 21:00:00+02:00,1,0.000
2023-01-02 22:00:00+02:00,1,0.000
2023-01-02 23:00:00+02:00,1,0.000
2023-01-03 00:00:00+02:00,1,0.000
2023-01-03 01:00:00+02:00,1,0.000
2023-01-03 02:00:00+02:00,1,0.000
2023-01-03 03:00:00+02:00,1,0.001
2023-01-03 04:00:00+02:00,1,0.000
2023-01-03 05:00:00+02:00,1,0.000
2023-01-03 06:00:00+02:00,1,0.000
2023-01-03 07:00:00+02:00,1,0.000
2023-01-03 08:00:00+02:00,1,0.000
2023-01-03 09:00:00+02:00,1,0.000
2023-01-03 10:00:00+02:00,1,0.000
2023-01-03 11:00:00+02:00,1,0.000
2023-01-03 12:00:00+02:00,1,0.000
2023-01-03 13:00:00+02:00,1,0.000
2023-01-03 14:00:00+02:00,1,0.000
2023-01-03 15:00:00+02:00,1,0.000
2023-01-03 16:00:00+02:00,1,0.000
2023-01-03 17:00:00+02:00,1,0.000
2023-01-03 18:00:00+02:00,1,5.535
2023-01-03 19:00:00+02:00,1,1.540
2023-01-03 20:00:00+02:00,1,0.807
2023-01-03 21:00:00+02:00,1,0.008
2023-01-03 22:00:00+02:00,1,0.000
2023-01-03 23:00:00+02:00,1,0.000
2023-01-04 00:00:00+02:00,1,0.000
2023-01-04 01:00:00+02:00,1,0.000
2023-01-04 02:00:00+02:00,1,0.000
2023-01-04 03:00:00+02:00,1,0.000
2023-01-04 04:00:00+02:00,1,0.000
2023-01-04 05:00:00+02:00,1,0.000
2023-01-04 06:00:00+02:00,1,0.000
2023-01-04 07:00:00+02:00,1,0.000
2023-01-04 08:00:00+02:00,1,0.000
2023-01-04 09:00:00+02:00,1,0.000
2023-01-04 10:00:00+02:00,1,0.000
2023-01-04 11:00:00+02:00,1,0.000
2023-01-04 12:00:00+02:00,1,0.000
2023-01-04 13:00:00+02:00,1,0.000
2023-01-04 14:00:00+02:00,1,0.000
2023-01-04 15:00:00+02:00,1,0.000
2023-01-04 16:00:00+02:00,1,29.450
2023-01-04 17:00:00+02:00,1,46.780
2023-01-04 18:00:00+02:00,1,51.608
2023-01-04 19:00:00+02:00,1,60.968
2023-01-04 20:00:00+02:00,1,62.414
2023-01-04 21:00:00+02:00,1,63.374
2023-01-04 22:00:00+02:00,1,62.982
2023-01-04 23:00:00+02:00,1,65.893
2023-01-05 00:00:00+02:00,1,65.093
2023-01-05 01:00:00+02:00,1,63.833
2023-01-05 02:00:00+02:00,1,62.549
2023-01-05 03:00:00+02:00,1,61.272
2023-01-05 04:00:00+02:00,1,60.063
2023-01-05 05:00:00+02:00,1,58.915
2023-01-05 06:00:00+02:00,1,57.806
2023-01-05 07:00:00+02:00,1,56.627
2023-01-05 08:00:00+02:00,1,55.464
2023-01-05 09:00:00+02:00,1,54.321
2023-01-05 10:00:00+02:00,1,53.204
2023-01-05 11:00:00+02:00,1,52.109
2023-01-05 12:00:00+02:00,1,51.036
2023-01-05 13:00:00+02:00,1,49.985
2023-01-05 14:00:00+02:00,1,48.954
2023-01-05 15:00:00+02:00,1,47.945
2023-01-05 16:00:00+02:00,1,46.957
2023-01-05 17:00:00+02:00,1,45.989
2023-01-05 18:00:00+02:00,1,45.040
2023-01-05 19:00:00+02:00,1,49.629
2023-01-05 20:00:00+02:00,1,93.205
2023-01-05 21:00:00+02:00,1,198.862
2023-01-05 22:00:00+02:00,1,359.482
2023-01-05 23:00:00+02:00,1,501.503
2023-01-06 00:00:00+02:00,1,557.364
2023-01-06 01:00:00+02:00,1,554.210
2023-01-06 02:00:00+02:00,1,543.017
2023-01-06 03:00:00+02:00,1,531.825
2023-01-06 04:00:00+02:00,1,520.860
2023-01-06 05:00:00+02:00,1,510.121
2023-01-06 06:00:00+02:00,1,499.603
2023-01-06 07:00:00+02:00,1,489.302
2023-01-06 08:00:00+02:00,1,479.214
2023-01-06 09:00:00+02:00,1,469.334
2023-01-06 10:00:00+02:00,1,459.657
2023-01-06 11:00:00+02:00,1,450.180
2023-01-06 12:00:00+02:00,1,440.898
2023-01-06 13:00:00+02:00,1,431.808
2023-01-06 14:00:00+02:00,1,422.905
2023-01-06 15:00:00+02:00,1,414.186
2023-01-06 16:00:00+02:00,1,405.646
2023-01-06 17:00:00+02:00,1,397.282
2023-01-06 18:00:00+02:00,1,389.091
2023-01-06 19:00:00+02:00,1,381.069
2023-01-06 20:00:00+02:00,1,373.212
2023-01-06 21:00:00+02:00,1,365.517
2023-01-06 22:00:00+02:00,1,375.999
2023-01-06 23:00:00+02:00,1,410.018
2023-01-07 00:00:00+02:00,1,420.699
2023-01-07 01:00:00+02:00,1,419.928
2023-01-07 02:00:00+02:00,1,417.708
2023-01-07 03:00:00+02:00,1,425.252
2023-01-07 04:00:00+02:00,1,438.612
2023-01-07 05:00:00+02:00,1,438.466
2023-01-07 06:00:00+02:00,1,433.427
2023-01-07 07:00:00+02:00,1,427.677
2023-01-07 08:00:00+02:00,1,419.625
2023-01-07 09:00:00+02:00,1,411.267
2023-01-07 10:00:00+02:00,1,402.893
2023-01-07 11:00:00+02:00,1,394.642
2023-01-07 12:00:00+02:00,1,386.533
2023-01-07 13:00:00+02:00,1,378.585
2023-01-07 14:00:00+02:00,1,370.783
2023-01-07 15:00:00+02:00,1,363.139
2023-01-07 16:00:00+02:00,1,355.652
2023-01-07 17:00:00+02:00,1,348.320
2023-01-07 18:00:00+02:00,1,341.139
2023-01-07 19:00:00+02:00,1,334.108
2023-01-07 20:00:00+02:00,1,327.224
2023-01-07 21:00:00+02:00,1,320.485
2023-01-07 22:00:00+02:00,1,313.910
2023-01-07 23:00:00+02:00,1,307.549
2023-01-08 00:00:00+02:00,1,301.440
2023-01-08 01:00:00+02:00,1,295.447
2023-01-08 02:00:00+02:00,1,289.559
2023-01-08 03:00:00+02:00,1,283.885
2023-01-08 04:00:00+02:00,1,278.279
2023-01-08 05:00:00+02:00,1,272.816
2023-01-08 06:00:00+02:00,1,267.537
2023-01-08 07:00:00+02:00,1,262.248
2023-01-08 08:00:00+02:00,1,256.947
2023-01-08 09:00:00+02:00,1,12.351
2023-01-08 10:00:00+02:00,1,0.011
2023-01-08 11:00:00+02:00,1,0.000
2023-01-08 12:00:00+02:00,1,0.000
2023-01-08 13:00:00+02:00,1,0.000
2023-01-08 14:00:00+02:00,1,0.000
2023-01-08 15:00:00+02:00,1,0.000
2023-01-08 16:00:00+02:00,1,0.000
2023-01-08 17:00:00+02:00,1,0.000
2023-01-08 18:00:00+02:00,1,0.000
2023-01-08 19:00:00+02:00,1,0.000
2023-01-08 20:00:00+02:00,1,0.000
2023-01-08 21:00:00+02:00,1,0.000
2023-01-08 22:00:00+02:00,1,0.000
2023-01-08 23:00:00+02:00,1,0.000
2023-01-09 00:00:00+02:00,1,0.000
2023-01-09 01:00:00+02:00,1,0.000
2023-01-09 02:00:00+02:00,1,0.000
2023-01-09 03:00:00+02:00,1,0.000
2023-01-09 04:00:00+02:00,1,0.000
2023-01-09 05:00:00+02:00,1,0.000
2023-01-09 06:00:00+02:00,1,0.000
2023-01-09 07:00:00+02:00,1,2.388
2023-01-09 08:00:00+02:00,1,0.121
2023-01-09 09:00:00+02:00,1,0.002
2023-01-09 10:00:00+02:00,1,0.000
2023-01-09 11:00:00+02:00,1,0.000
2023-01-09 12:00:00+02:00,1,0.000
2023-01-09 13:00:00+02:00,1,0.000
2023-01-09 14:00:00+02:00,1,0.000
2023-01-09 15:00:00+02:00,1,0.000
2023-01-09 16:00:00+02:00,1,0.000
2023-01-09 17:00:00+02:00,1,0.000
2023-01-09 18:00:00+02:00,1,0.000
2023-01-09 19:00:00+02:00,1,0.000
2023-01-09 20:00:00+02:00,1,0.000
2023-01-09 21:00:00+02:00,1,0.000
2023-01-09 22:00:00+02:00,1,0.000
2023-01-09 23:00:00+02:00,1,0.000
2023-01-10 00:00:00+02:00,1,0.000
2023-01-10 01:00:00+02:00,1,0.000
2023-01-10 02:00:00+02:00,1,0.000
2023-01-10 03:00:00+02:00,1,0.000
2023-01-10 04:00:00+02:00,1,0.000
2023-01-10 05:00:00+02:00,1,0.000
2023-01-10 06:00:00+02:00,1,0.000
2023-01-10 07:00:00+02:00,1,0.000
2023-01-10 08:00:00+02:00,1,0.000
2023-01-10 09:00:00+02:00,1,0.000
2023-01-10 10:00:00+02:00,1,0.000
2023-01-10 11:00:00+02:00,1,0.000
2023-01-10 12:00:00+02:00,1,0.000
2023-01-10 13:00:00+02:00,1,0.000
2023-01-10 14:00:00+02:00,1,0.000
2023-01-10 15:00:00+02:00,1,0.000
2023-01-10 16:00:00+02:00,1,0.000
2023-01-10 17:00:00+02:00,1,0.000
2023-01-10 18:00:00+02:00,1,0.000
2023-01-10 19:00:00+02:00,1,0.000
2023-01-10 20:00:00+02:00,1,0.000
2023-01-10 21:00:00+02:00,1,0.000
2023-01-10 22:00:00+02:00,1,0.000
2023-01-10 23:00:00+02:00,1,0.000
2023-01-11 00:00:00+02:00,1,0.000
2023-01-11 01:00:00+02:00,1,0.000
2023-01-11 02:00:00+02:00,1,0.000
2023-01-11 03:00:00+02:00,1,0.000
2023-01-11 04:00:00+02:00,1,0.000
2023-01-11 05:00:00+02:00,1,0.000
2023-01-11 06:00:00+02:00,1,0.000
2023-01-11 07:00:00+02:00,1,0.000
2023-01-11 08:00:00+02:00,1,0.000
2023-01-11 09:00:00+02:00,1,0.000
2023-01-11 10:00:00+02:00,1,0.000
2023-01-11 11:00:00+02:00,1,0.000
2023-01-11 12:00:00+02:00,1,0.000
2023-01-11 13:00:00+02:00,1,0.000
2023-01-11 14:00:00+02:00,1,0.000
2023-01-11 15:00:00+02:00,1,0.000
2023-01-11 16:00:00+02:00,1,0.000
2023-01-11 17:00:00+02:00,1,0.000
2023-01-11 18:00:00+02:00,1,0.000
2023-01-11 19:00:00+02:00,1,0.000
2023-01-11 20:00:00+02:00,1,0.000
2023-01-11 21:00:00+02:00,1,0.000
2023-01-11 22:00:00+02:00,1,0.000
2023-01-11 23:00:00+02:00,1,0.000
2023-01-12 00:00:00+02:00,1,0.000
2023-01-12 01:00:00+02:00,1,0.000
2023-01-12 02:00:00+02:00,1,0.000
2023-01-12 03:00:00+02:00,1,0.000
2023-01-12 04:00:00+02:00,1,0.000
2023-01-12 05:00:00+02:00,1,0.000
2023-01-12 06:00:00+02:00,1,4.327
2023-01-12 07:00:00+02:00,1,7.304
2023-01-12 08:00:00+02:00,1,0.165
2023-01-12 09:00:00+02:00,1,0.003
2023-01-12 10:00:00+02:00,1,0.000
2023-01-12 11:00:00+02:00,1,0.000
2023-01-12 12:00:00+02:00,1,0.000
2023-01-12 13:00:00+02:00,1,0.000
2023-01-12 14:00:00+02:00,1,0.000
2023-01-12 15:00:00+02:00,1,0.000
2023-01-12 16:00:00+02:00,1,0.000
2023-01-12 17:00:00+02:00,1,0.000
2023-01-12 18:00:00+02:00,1,0.000
2023-01-12 19:00:00+02:00,1,0.000
2023-01-12 20:00:00+02:00,1,0.000
2023-01-12 21:00:00+02:00,1,0.000
2023-01-12 22:00:00+02:00,1,0.000
2023-01-12 23:00:00+02:00,1,0.000
2023-01-13 00:00:00+02:00,1,0.000
2023-01-13 01:00:00+02:00,1,0.000
2023-01-13 02:00:00+02:00,1,0.000
2023-01-13 03:00:00+02:00,1,1.917
2023-01-13 04:00:00+02:00,1,1.794
2023-01-13 05:00:00+02:00,1,0.052
2023-01-13 06:00:00+02:00,1,0.037
2023-01-13 07:00:00+02:00,1,0.030
2023-01-13 08:00:00+02:00,1,0.002
2023-01-13 09:00:00+02:00,1,0.000
2023-01-13 10:00:00+02:00,1,0.000
2023-01-13 11:00:00+02:00,1,0.000
2023-01-13 12:00:00+02:00,1,0.000
2023-01-13 13:00:00+02:00,1,0.000
2023-01-13 14:00:00+02:00,1,0.000
2023-01-13 15:00:00+02:00,1,0.000
2023-01-13 16:00:00+02:00,1,0.000
2023-01-13 17:00:00+02:00,1,0.000
2023-01-13 18:00:00+02:00,1,0.000
2023-01-13 19:00:00+02:00,1,0.000
2023-01-13 20:00:00+02:00,1,0.000
2023-01-13 21:00:00+02:00,1,0.000
2023-01-13 22:00:00+02:00,1,0.000
2023-01-13 23:00:00+02:00,1,0.000
2023-01-14 00:00:00+02:00,1,0.000
2023-01-14 01:00:00+02:00,1,0.000
2023-01-14 02:00:00+02:00,1,105.628
2023-01-14 03:00:00+02:00,1,114.807
2023-01-14 04:00:00+02:00,1,113.672
2023-01-14 05:00:00+02:00,1,111.892
2023-01-14 06:00:00+02:00,1,109.837
2023-01-14 07:00:00+02:00,1,107.920
2023-01-14 08:00:00+02:00,1,49.465
2023-01-14 09:00:00+02:00,1,0.113
2023-01-14 10:00:00+02:00,1,0.000
2023-01-14 11:00:00+02:00,1,0.000
2023-01-14 12:00:00+02:00,1,0.000
2023-01-14 13:00:00+02:00,1,0.000
2023-01-14 14:00:00+02:00,1,0.000
2023-01-14 15:00:00+02:00,1,0.000
2023-01-14 16:00:00+02:00,1,0.000
2023-01-14 17:00:00+02:00,1,0.000
2023-01-14 18:00:00+02:00,1,0.000
2023-01-14 19:00:00+02:00,1,0.000
2023-01-14 20:00:00+02:00,1,0.000
2023-01-14 21:00:00+02:00,1,0.000
2023-01-14 22:00:00+02:00,1,0.000
2023-01-14 23:00:00+02:00,1,0.000
2023-01-15 00:00:00+02:00,1,0.000
2023-01-15 01:00:00+02:00,1,0.000
2023-01-15 02:00:00+02:00,1,0.000
2023-01-15 03:00:00+02:00,1,0.000
2023-01-15 04:00:00+02:00,1,0.000
2023-01-15 05:00:00+02:00,1,0.000
2023-01-15 06:00:00+02:00,1,0.000
2023-01-15 07:00:00+02:00,1,0.000
2023-01-15 08:00:00+02:00,1,0.000
2023-01-15 09:00:00+02:00,1,0.000
2023-01-15 10:00:00+02:00,1,0.000
2023-01-15 11:00:00+02:00,1,0.000
2023-01-15 12:00:00+02:00,1,0.000
2023-01-15 13:00:00+02:00,1,0.000
2023-01-15 14:00:00+02:00,1,0.000
2023-01-15 15:00:00+02:00,1,0.000
2023-01-15 16:00:00+02:00,1,0.000
2023-01-15 17:00:00+02:00,1,0.018
2023-01-15 18:00:00+02:00,1,0.050
2023-01-15 19:00:00+02:00,1,0.149
2023-01-15 20:00:00+02:00,1,0.204
2023-01-15 21:00:00+02:00,1,0.227
2023-01-15 22:00:00+02:00,1,0.237
2023-01-15 23:00:00+02:00,1,0.239
2023-01-16 00:00:00+02:00,1,0.241
2023-01-16 01:00:00+02:00,1,0.265
2023-01-16 02:00:00+02:00,1,0.334
2023-01-16 03:00:00+02:00,1,0.386
2023-01-16 04:00:00+02:00,1,0.432
2023-01-16 05:00:00+02:00,1,0.395
2023-01-16 06:00:00+02:00,1,0.037
2023-01-16 07:00:00+02:00,1,0.012
2023-01-16 08:00:00+02:00,1,0.001
2023-01-16 09:00:00+02:00,1,0.000
2023-01-16 10:00:00+02:00,1,0.000
2023-01-16 11:00:00+02:00,1,0.000
2023-01-16 12:00:00+02:00,1,0.000
2023-01-16 13:00:00+02:00,1,0.000
2023-01-16 14:00:00+02:00,1,0.000
2023-01-16 15:00:00+02:00,1,0.000
2023-01-16 16:00:00+02:00,1,0.000
2023-01-16 17:00:00+02:00,1,0.000
2023-01-16 18:00:00+02:00,1,0.000
2023-01-16 19:00:00+02:00,1,0.000
2023-01-16 20:00:00+02:00,1,0.000
2023-01-16 21:00:00+02:00,1,0.000
2023-01-16 22:00:00+02:00,1,0.000
2023-01-16 23:00:00+02:00,1,0.000
2023-01-17 00:00:00+02:00,1,0.000
2023-01-17 01:00:00+02:00,1,0.000
2023-01-17 02:00:00+02:00,1,0.000
2023-01-17 03:00:00+02:00,1,0.000
2023-01-17 04:00:00+02:00,1,0.000
2023-01-17 05:00:00+02:00,1,0.000
2023-01-17 06:00:00+02:00,1,0.000
2023-01-17 07:00:00+02:00,1,0.000
2023-01-17 08:00:00+02:00,1,0.000
2023-01-17 09:00:00+02:00,1,0.000
2023-01-17 10:00:00+02:00,1,0.000
2023-01-17 11:00:00+02:00,1,0.000
2023-01-17 12:00:00+02:00,1,0.000
2023-01-17 13:00:00+02:00,1,0.000
2023-01-17 14:00:00+02:00,1,0.000
2023-01-17 15:00:00+02:00,1,0.000
2023-01-17 16:00:00+02:00,1,0.000
2023-01-17 17:00:00+02:00,1,0.000
2023-01-17 18:00:00+02:00,1,0.000
2023-01-17 19:00:00+02:00,1,0.000
2023-01-17 20:00:00+02:00,1,0.000
2023-01-17 21:00:00+02:00,1,0.000
2023-01-17 22:00:00+02:00,1,0.000
2023-01-17 23:00:00+02:00,1,0.000
2023-01-18 00:00:00+02:00,1,0.000
2023-01-18 01:00:00+02:00,1,0.000
2023-01-18 02:00:00+02:00,1,0.000
2023-01-18 03:00:00+02:00,1,0.000
2023-01-18 04:00:00+02:00,1,0.000
2023-01-18 05:00:00+02:00,1,0.000
2023-01-18 06:00:00+02:00,1,0.000
2023-01-18 07:00:00+02:00,1,0.000
2023-01-18 08:00:00+02:00,1,0.000
2023-01-18 09:00:00+02:00,1,0.000
2023-01-18 10:00:00+02:00,1,0.000
2023-01-18 11:00:00+02:00,1,0.000
2023-01-18 12:00:00+02:00,1,0.000
2023-01-18 13:00:00+02:00,1,0.000
2023-01-18 14:00:00+02:00,1,0.000
2023-01-18 15:00:00+02:00,1,0.000
2023-01-18 16:00:00+02:00,1,0.000
2023-01-18 17:00:00+02:00,1,0.000
2023-01-18 18:00:00+02:00,1,0.000
2023-01-18 19:00:00+02:00,1,0.000
2023-01-18 20:00:00+02:00,1,0.000
2023-01-18 21:00:00+02:00,1,0.000
2023-01-18 22:00:00+02:00,1,0.000
2023-01-18 23:00:00+02:00,1,0.000
2023-01-19 00:00:00+02:00,1,0.000
2023-01-19 01:00:00+02:00,1,0.000
2023-01-19 02:00:00+02:00,1,91.128
2023-01-19 03:00:00+02:00,1,112.903
2023-01-19 04:00:00+02:00,1,113.398
2023-01-19 05:00:00+02:00,1,112.521
2023-01-19 06:00:00+02:00,1,110.797
2023-01-19 07:00:00+02:00,1,108.551
2023-01-19 08:00:00+02:00,1,106.364
2023-01-19 09:00:00+02:00,1,3.773
2023-01-19 10:00:00+02:00,1,0.115
2023-01-19 11:00:00+02:00,1,0.005
2023-01-19 12:00:00+02:00,1,0.000
2023-01-19 13:00:00+02:00,1,0.000
2023-01-19 14:00:00+02:00,1,0.000
2023-01-19 15:00:00+02:00,1,0.000
2023-01-19 16:00:00+02:00,1,0.000
2023-01-19 17:00:00+02:00,1,0.000
2023-01-19 18:00:00+02:00,1,9.101
2023-01-19 19:00:00+02:00,1,20.767
2023-01-19 20:00:00+02:00,1,30.241
2023-01-19 21:00:00+02:00,1,37.977
2023-01-19 22:00:00+02:00,1,48.549
2023-01-19 23:00:00+02:00,1,51.590
2023-01-20 00:00:00+02:00,1,3.651
2023-01-20 01:00:00+02:00,1,38.932
2023-01-20 02:00:00+02:00,1,46.402
2023-01-20 03:00:00+02:00,1,53.348
2023-01-20 04:00:00+02:00,1,58.079
2023-01-20 05:00:00+02:00,1,58.565
2023-01-20 06:00:00+02:00,1,57.761
2023-01-20 06:00:00+02:00,1,56.666
2023-01-20 07:00:00+02:00,1,59.505
2023-01-20 08:00:00+02:00,1,70.929
2023-01-20 09:00:00+02:00,1,77.678
2023-01-20 10:00:00+02:00,1,0.006
2023-01-20 11:00:00+02:00,1,0.000
2023-01-20 12:00:00+02:00,1,0.000
2023-01-20 13:00:00+02:00,1,0.000
2023-01-20 14:00:00+02:00,1,0.000
2023-01-20 15:00:00+02:00,1,0.000
2023-01-20 16:00:00+02:00,1,0.000
2023-01-20 17:00:00+02:00,1,0.000
2023-01-20 18:00:00+02:00,1,0.000
2023-01-20 19:00:00+02:00,1,0.000
2023-01-20 20:00:00+02:00,1,0.000
2023-01-20 21:00:00+02:00,1,-0.000
2023-01-20 22:00:00+02:00,1,12.786
2023-01-20 23:00:00+02:00,1,72.411
2023-01-21 00:00:00+02:00,1,73.177
2023-01-21 01:00:00+02:00,1,50.493
2023-01-21 02:00:00+02:00,1,239.820
2023-01-21 03:00:00+02:00,1,325.333
2023-01-21 04:00:00+02:00,1,267.301
2023-01-21 05:00:00+02:00,1,220.258
2023-01-21 06:00:00+02:00,1,197.775
2023-01-21 07:00:00+02:00,1,192.983
2023-01-21 08:00:00+02:00,1,194.706
2023-01-21 09:00:00+02:00,1,195.145
2023-01-21 10:00:00+02:00,1,8.815
2023-01-21 11:00:00+02:00,1,0.000
2023-01-21 12:00:00+02:00,1,0.000
2023-01-21 13:00:00+02:00,1,0.000
2023-01-21 14:00:00+02:00,1,0.000
2023-01-21 15:00:00+02:00,1,0.000
2023-01-21 16:00:00+02:00,1,0.000
2023-01-21 17:00:00+02:00,1,0.000
2023-01-21 18:00:00+02:00,1,0.000
2023-01-21 19:00:00+02:00,1,0.000
2023-01-21 20:00:00+02:00,1,0.000
2023-01-21 21:00:00+02:00,1,-0.000
2023-01-21 22:00:00+02:00,1,12.786
2023-01-21 23:00:00+02:00,1,72.411
2023-01-22 00:00:00+02:00,1,73.177
2023-01-22 01:00:00+02:00,1,50.493
2023-01-22 02:00:00+02:00,1,239.820
2023-01-22 03:00:00+02:00,1,325.338
2023-01-22 04:00:00+02:00,1,267.327
2023-01-22 05:00:00+02:00,1,220.344
2022-12-30 06:00:00+02:00,2,22.376
2022-12-30 07:00:00+02:00,2,21.915
2022-12-30 08:00:00+02:00,2,21.463
2022-12-30 09:00:00+02:00,2,21.044
2022-12-30 10:00:00+02:00,2,20.660
2022-12-30 11:00:00+02:00,2,20.247
2022-12-30 12:00:00+02:00,2,19.843
2022-12-30 13:00:00+02:00,2,19.454
2022-12-30 14:00:00+02:00,2,19.055
2022-12-30 15:00:00+02:00,2,18.666
2022-12-30 16:00:00+02:00,2,18.282
2022-12-30 17:00:00+02:00,2,17.906
2022-12-30 18:00:00+02:00,2,17.537
2022-12-30 19:00:00+02:00,2,17.579
2022-12-30 20:00:00+02:00,2,18.277
2022-12-30 21:00:00+02:00,2,18.535
2022-12-30 22:00:00+02:00,2,18.705
2022-12-30 23:00:00+02:00,2,19.254
2022-12-31 00:00:00+02:00,2,20.329
2022-12-31 01:00:00+02:00,2,21.196
2022-12-31 02:00:00+02:00,2,21.524
2022-12-31 03:00:00+02:00,2,21.678
2022-12-31 04:00:00+02:00,2,21.701
2022-12-31 05:00:00+02:00,2,21.780
2022-12-31 06:00:00+02:00,2,21.602
2022-12-31 07:00:00+02:00,2,21.314
2022-12-31 08:00:00+02:00,2,21.026
2022-12-31 09:00:00+02:00,2,20.641
2022-12-31 10:00:00+02:00,2,1.659
2022-12-31 11:00:00+02:00,2,0.009
2022-12-31 12:00:00+02:00,2,0.000
2022-12-31 13:00:00+02:00,2,0.000
2022-12-31 14:00:00+02:00,2,0.000
2022-12-31 15:00:00+02:00,2,0.000
2022-12-31 16:00:00+02:00,2,0.000
2022-12-31 17:00:00+02:00,2,0.000
2022-12-31 18:00:00+02:00,2,0.000
2022-12-31 19:00:00+02:00,2,0.000
2022-12-31 20:00:00+02:00,2,0.000
2022-12-31 21:00:00+02:00,2,0.000
2022-12-31 22:00:00+02:00,2,0.000
2022-12-31 23:00:00+02:00,2,0.000
2023-01-01 00:00:00+02:00,2,0.093
2023-01-01 01:00:00+02:00,2,0.737
2023-01-01 02:00:00+02:00,2,2.593
2023-01-01 03:00:00+02:00,2,4.492
2023-01-01 04:00:00+02:00,2,5.893
2023-01-01 05:00:00+02:00,2,7.217
2023-01-01 06:00:00+02:00,2,8.148
2023-01-01 07:00:00+02:00,2,9.166
2023-01-01 08:00:00+02:00,2,9.965
2023-01-01 09:00:00+02:00,2,1.259
2023-01-01 10:00:00+02:00,2,0.012
2023-01-01 11:00:00+02:00,2,0.000
2023-01-01 12:00:00+02:00,2,0.000
2023-01-01 13:00:00+02:00,2,0.000
2023-01-01 14:00:00+02:00,2,0.000
2023-01-01 15:00:00+02:00,2,0.000
2023-01-01 16:00:00+02:00,2,0.000
2023-01-01 17:00:00+02:00,2,0.000
2023-01-01 18:00:00+02:00,2,0.000
2023-01-01 19:00:00+02:00,2,0.000
2023-01-01 20:00:00+02:00,2,0.000
2023-01-01 21:00:00+02:00,2,0.000
2023-01-01 22:00:00+02:00,2,0.000
2023-01-01 23:00:00+02:00,2,0.000
2023-01-02 00:00:00+02:00,2,0.000
2023-01-02 01:00:00+02:00,2,0.000
2023-01-02 02:00:00+02:00,2,0.000
2023-01-02 03:00:00+02:00,2,0.000
2023-01-02 04:00:00+02:00,2,0.000
2023-01-02 05:00:00+02:00,2,0.000
2023-01-02 06:00:00+02:00,2,87.863
2023-01-02 07:00:00+02:00,2,78.831
2023-01-02 08:00:00+02:00,2,9.739
2023-01-02 09:00:00+02:00,2,1.000
2023-01-02 10:00:00+02:00,2,0.071
2023-01-02 11:00:00+02:00,2,0.001
2023-01-02 12:00:00+02:00,2,0.000
2023-01-02 13:00:00+02:00,2,0.000
2023-01-02 14:00:00+02:00,2,0.000
2023-01-02 15:00:00+02:00,2,0.000
2023-01-02 16:00:00+02:00,2,0.000
2023-01-02 17:00:00+02:00,2,0.000
2023-01-02 18:00:00+02:00,2,0.000
2023-01-02 19:00:00+02:00,2,0.000
2023-01-02 20:00:00+02:00,2,0.000
2023-01-02 21:00:00+02:00,2,0.000
2023-01-02 22:00:00+02:00,2,0.000
2023-01-02 23:00:00+02:00,2,0.000
2023-01-03 00:00:00+02:00,2,0.000
2023-01-03 01:00:00+02:00,2,0.000
2023-01-03 02:00:00+02:00,2,0.000
2023-01-03 03:00:00+02:00,2,0.457
2023-01-03 04:00:00+02:00,2,0.265
2023-01-03 05:00:00+02:00,2,0.093
2023-01-03 06:00:00+02:00,2,0.028
2023-01-03 07:00:00+02:00,2,0.021
2023-01-03 08:00:00+02:00,2,0.001
2023-01-03 09:00:00+02:00,2,0.000
2023-01-03 10:00:00+02:00,2,0.000
2023-01-03 11:00:00+02:00,2,0.000
2023-01-03 12:00:00+02:00,2,0.000
2023-01-03 13:00:00+02:00,2,0.000
2023-01-03 14:00:00+02:00,2,0.000
2023-01-03 15:00:00+02:00,2,0.000
2023-01-03 16:00:00+02:00,2,0.000
2023-01-03 17:00:00+02:00,2,0.000
2023-01-03 18:00:00+02:00,2,24.247
2023-01-03 19:00:00+02:00,2,10.696
2023-01-03 20:00:00+02:00,2,7.171
2023-01-03 21:00:00+02:00,2,0.377
2023-01-03 22:00:00+02:00,2,0.005
2023-01-03 23:00:00+02:00,2,0.001
2023-01-04 00:00:00+02:00,2,0.000
2023-01-04 01:00:00+02:00,2,0.000
2023-01-04 02:00:00+02:00,2,0.000
2023-01-04 03:00:00+02:00,2,0.000
2023-01-04 04:00:00+02:00,2,0.000
2023-01-04 05:00:00+02:00,2,0.000
2023-01-04 06:00:00+02:00,2,0.000
2023-01-04 07:00:00+02:00,2,0.000
2023-01-04 08:00:00+02:00,2,0.000
2023-01-04 09:00:00+02:00,2,0.000
2023-01-04 10:00:00+02:00,2,0.000
2023-01-04 11:00:00+02:00,2,0.000
2023-01-04 12:00:00+02:00,2,0.000
2023-01-04 13:00:00+02:00,2,0.000
2023-01-04 14:00:00+02:00,2,0.000
2023-01-04 15:00:00+02:00,2,0.000
2023-01-04 16:00:00+02:00,2,34.863
2023-01-04 17:00:00+02:00,2,47.623
2023-01-04 18:00:00+02:00,2,52.269
2023-01-04 19:00:00+02:00,2,62.183
2023-01-04 20:00:00+02:00,2,62.486
2023-01-04 21:00:00+02:00,2,63.763
2023-01-04 22:00:00+02:00,2,62.993
2023-01-04 23:00:00+02:00,2,66.177
2023-01-05 00:00:00+02:00,2,65.102
2023-01-05 01:00:00+02:00,2,63.847
2023-01-05 02:00:00+02:00,2,62.550
2023-01-05 03:00:00+02:00,2,61.275
2023-01-05 04:00:00+02:00,2,60.077
2023-01-05 05:00:00+02:00,2,58.928
2023-01-05 06:00:00+02:00,2,57.811
2023-01-05 07:00:00+02:00,2,56.628
2023-01-05 08:00:00+02:00,2,55.465
2023-01-05 09:00:00+02:00,2,54.322
2023-01-05 10:00:00+02:00,2,53.204
2023-01-05 11:00:00+02:00,2,52.109
2023-01-05 12:00:00+02:00,2,51.037
2023-01-05 13:00:00+02:00,2,49.985
2023-01-05 14:00:00+02:00,2,48.954
2023-01-05 15:00:00+02:00,2,47.945
2023-01-05 16:00:00+02:00,2,46.957
2023-01-05 17:00:00+02:00,2,45.989
2023-01-05 18:00:00+02:00,2,45.040
2023-01-05 19:00:00+02:00,2,54.422
2023-01-05 20:00:00+02:00,2,112.662
2023-01-05 21:00:00+02:00,2,224.167
2023-01-05 22:00:00+02:00,2,384.891
2023-01-05 23:00:00+02:00,2,515.000
2023-01-06 00:00:00+02:00,2,561.723
2023-01-06 01:00:00+02:00,2,554.402
2023-01-06 02:00:00+02:00,2,543.020
2023-01-06 03:00:00+02:00,2,531.825
2023-01-06 04:00:00+02:00,2,520.860
2023-01-06 05:00:00+02:00,2,510.121
2023-01-06 06:00:00+02:00,2,499.603
2023-01-06 07:00:00+02:00,2,489.302
2023-01-06 08:00:00+02:00,2,479.214
2023-01-06 09:00:00+02:00,2,469.334
2023-01-06 10:00:00+02:00,2,459.657
2023-01-06 11:00:00+02:00,2,450.180
2023-01-06 12:00:00+02:00,2,440.898
2023-01-06 13:00:00+02:00,2,431.808
2023-01-06 14:00:00+02:00,2,422.905
2023-01-06 15:00:00+02:00,2,414.186
2023-01-06 16:00:00+02:00,2,405.646
2023-01-06 17:00:00+02:00,2,397.282
2023-01-06 18:00:00+02:00,2,389.091
2023-01-06 19:00:00+02:00,2,381.069
2023-01-06 20:00:00+02:00,2,373.212
2023-01-06 21:00:00+02:00,2,365.517
2023-01-06 22:00:00+02:00,2,381.468
2023-01-06 23:00:00+02:00,2,418.265
2023-01-07 00:00:00+02:00,2,423.480
2023-01-07 01:00:00+02:00,2,421.597
2023-01-07 02:00:00+02:00,2,419.259
2023-01-07 03:00:00+02:00,2,428.699
2023-01-07 04:00:00+02:00,2,441.080
2023-01-07 05:00:00+02:00,2,439.228
2023-01-07 06:00:00+02:00,2,433.884
2023-01-07 07:00:00+02:00,2,427.931
2023-01-07 08:00:00+02:00,2,419.687
2023-01-07 09:00:00+02:00,2,411.291
2023-01-07 10:00:00+02:00,2,402.903
2023-01-07 11:00:00+02:00,2,394.647
2023-01-07 12:00:00+02:00,2,386.536
2023-01-07 13:00:00+02:00,2,378.586
2023-01-07 14:00:00+02:00,2,370.783
2023-01-07 15:00:00+02:00,2,363.139
2023-01-07 16:00:00+02:00,2,355.652
2023-01-07 17:00:00+02:00,2,348.320
2023-01-07 18:00:00+02:00,2,341.139
2023-01-07 19:00:00+02:00,2,334.109
2023-01-07 20:00:00+02:00,2,327.225
2023-01-07 21:00:00+02:00,2,320.488
2023-01-07 22:00:00+02:00,2,313.920
2023-01-07 23:00:00+02:00,2,307.574
2023-01-08 00:00:00+02:00,2,301.485
2023-01-08 01:00:00+02:00,2,295.484
2023-01-08 02:00:00+02:00,2,289.596
2023-01-08 03:00:00+02:00,2,283.931
2023-01-08 04:00:00+02:00,2,278.323
2023-01-08 05:00:00+02:00,2,272.860
2023-01-08 06:00:00+02:00,2,267.593
2023-01-08 07:00:00+02:00,2,262.294
2023-01-08 08:00:00+02:00,2,256.971
2023-01-08 09:00:00+02:00,2,71.495
2023-01-08 10:00:00+02:00,2,0.865
2023-01-08 11:00:00+02:00,2,0.002
2023-01-08 12:00:00+02:00,2,0.000
2023-01-08 13:00:00+02:00,2,0.000
2023-01-08 14:00:00+02:00,2,0.000
2023-01-08 15:00:00+02:00,2,0.000
2023-01-08 16:00:00+02:00,2,0.000
2023-01-08 17:00:00+02:00,2,0.000
2023-01-08 18:00:00+02:00,2,0.000
2023-01-08 19:00:00+02:00,2,0.000
2023-01-08 20:00:00+02:00,2,0.000
2023-01-08 21:00:00+02:00,2,0.000
2023-01-08 22:00:00+02:00,2,0.000
2023-01-08 23:00:00+02:00,2,0.000
2023-01-09 00:00:00+02:00,2,0.000
2023-01-09 01:00:00+02:00,2,0.000
2023-01-09 02:00:00+02:00,2,0.000
2023-01-09 03:00:00+02:00,2,0.000
2023-01-09 04:00:00+02:00,2,0.000
2023-01-09 05:00:00+02:00,2,0.000
2023-01-09 06:00:00+02:00,2,0.000
2023-01-09 07:00:00+02:00,2,34.932
2023-01-09 08:00:00+02:00,2,4.920
2023-01-09 09:00:00+02:00,2,0.328
2023-01-09 10:00:00+02:00,2,0.017
2023-01-09 11:00:00+02:00,2,0.000
2023-01-09 12:00:00+02:00,2,0.000
2023-01-09 13:00:00+02:00,2,0.000
2023-01-09 14:00:00+02:00,2,0.000
2023-01-09 15:00:00+02:00,2,0.000
2023-01-09 16:00:00+02:00,2,0.000
2023-01-09 17:00:00+02:00,2,0.000
2023-01-09 18:00:00+02:00,2,0.000
2023-01-09 19:00:00+02:00,2,0.000
2023-01-09 20:00:00+02:00,2,0.000
2023-01-09 21:00:00+02:00,2,0.000
2023-01-09 22:00:00+02:00,2,0.000
2023-01-09 23:00:00+02:00,2,0.000
2023-01-10 00:00:00+02:00,2,0.000
2023-01-10 01:00:00+02:00,2,0.000
2023-01-10 02:00:00+02:00,2,0.000
2023-01-10 03:00:00+02:00,2,0.000
2023-01-10 04:00:00+02:00,2,0.000
2023-01-10 05:00:00+02:00,2,0.000
2023-01-10 06:00:00+02:00,2,0.000
2023-01-10 07:00:00+02:00,2,0.000
2023-01-10 08:00:00+02:00,2,0.000
2023-01-10 09:00:00+02:00,2,0.000
2023-01-10 10:00:00+02:00,2,0.000
2023-01-10 11:00:00+02:00,2,0.000
2023-01-10 12:00:00+02:00,2,0.000
2023-01-10 13:00:00+02:00,2,0.000
2023-01-10 14:00:00+02:00,2,0.000
2023-01-10 15:00:00+02:00,2,0.000
2023-01-10 16:00:00+02:00,2,0.000
2023-01-10 17:00:00+02:00,2,0.000
2023-01-10 18:00:00+02:00,2,0.000
2023-01-10 19:00:00+02:00,2,0.000
2023-01-10 20:00:00+02:00,2,0.000
2023-01-10 21:00:00+02:00,2,0.000
2023-01-10 22:00:00+02:00,2,0.000
2023-01-10 23:00:00+02:00,2,0.000
2023-01-11 00:00:00+02:00,2,0.000
2023-01-11 01:00:00+02:00,2,0.000
2023-01-11 02:00:00+02:00,2,0.000
2023-01-11 03:00:00+02:00,2,0.000
2023-01-11 04:00:00+02:00,2,0.000
2023-01-11 05:00:00+02:00,2,0.000
2023-01-11 06:00:00+02:00,2,0.000
2023-01-11 07:00:00+02:00,2,0.000
2023-01-11 08:00:00+02:00,2,0.000
2023-01-11 09:00:00+02:00,2,0.000
2023-01-11 10:00:00+02:00,2,0.000
2023-01-11 11:00:00+02:00,2,0.000
2023-01-11 12:00:00+02:00,2,0.000
2023-01-11 13:00:00+02:00,2,0.000
2023-01-11 14:00:00+02:00,2,0.000
2023-01-11 15:00:00+02:00,2,0.000
2023-01-11 16:00:00+02:00,2,0.000
2023-01-11 17:00:00+02:00,2,0.000
2023-01-11 18:00:00+02:00,2,0.000
2023-01-11 19:00:00+02:00,2,0.000
2023-01-11 20:00:00+02:00,2,0.000
2023-01-11 21:00:00+02:00,2,0.000
2023-01-11 22:00:00+02:00,2,0.000
2023-01-11 23:00:00+02:00,2,0.000
2023-01-12 00:00:00+02:00,2,0.000
2023-01-12 01:00:00+02:00,2,0.000
2023-01-12 02:00:00+02:00,2,0.000
2023-01-12 03:00:00+02:00,2,0.000
2023-01-12 04:00:00+02:00,2,0.000
2023-01-12 05:00:00+02:00,2,0.000
2023-01-12 06:00:00+02:00,2,25.893
2023-01-12 07:00:00+02:00,2,32.955
2023-01-12 08:00:00+02:00,2,3.086
2023-01-12 09:00:00+02:00,2,0.204
2023-01-12 10:00:00+02:00,2,0.003
2023-01-12 11:00:00+02:00,2,0.000
2023-01-12 12:00:00+02:00,2,0.000
2023-01-12 13:00:00+02:00,2,0.000
2023-01-12 14:00:00+02:00,2,0.000
2023-01-12 15:00:00+02:00,2,0.000
2023-01-12 16:00:00+02:00,2,0.000
2023-01-12 17:00:00+02:00,2,0.000
2023-01-12 18:00:00+02:00,2,0.000
2023-01-12 19:00:00+02:00,2,0.000
2023-01-12 20:00:00+02:00,2,0.000
2023-01-12 21:00:00+02:00,2,0.000
2023-01-12 22:00:00+02:00,2,0.000
2023-01-12 23:00:00+02:00,2,0.000
2023-01-13 00:00:00+02:00,2,0.000
2023-01-13 01:00:00+02:00,2,0.000
2023-01-13 02:00:00+02:00,2,0.000
2023-01-13 03:00:00+02:00,2,17.211
2023-01-13 04:00:00+02:00,2,16.335
2023-01-13 05:00:00+02:00,2,1.651
2023-01-13 06:00:00+02:00,2,1.322
2023-01-13 07:00:00+02:00,2,1.127
2023-01-13 08:00:00+02:00,2,0.183
2023-01-13 09:00:00+02:00,2,0.007
2023-01-13 10:00:00+02:00,2,0.001
2023-01-13 11:00:00+02:00,2,0.000
2023-01-13 12:00:00+02:00,2,0.000
2023-01-13 13:00:00+02:00,2,0.000
2023-01-13 14:00:00+02:00,2,0.000
2023-01-13 15:00:00+02:00,2,0.000
2023-01-13 16:00:00+02:00,2,0.000
2023-01-13 17:00:00+02:00,2,0.000
2023-01-13 18:00:00+02:00,2,0.000
2023-01-13 19:00:00+02:00,2,0.000
2023-01-13 20:00:00+02:00,2,0.000
2023-01-13 21:00:00+02:00,2,0.000
2023-01-13 22:00:00+02:00,2,0.000
2023-01-13 23:00:00+02:00,2,0.000
2023-01-14 00:00:00+02:00,2,0.000
2023-01-14 01:00:00+02:00,2,0.000
2023-01-14 02:00:00+02:00,2,112.528
2023-01-14 03:00:00+02:00,2,115.377
2023-01-14 04:00:00+02:00,2,113.875
2023-01-14 05:00:00+02:00,2,112.016
2023-01-14 06:00:00+02:00,2,109.886
2023-01-14 07:00:00+02:00,2,108.039
2023-01-14 08:00:00+02:00,2,88.500
2023-01-14 09:00:00+02:00,2,2.893
2023-01-14 10:00:00+02:00,2,0.022
2023-01-14 11:00:00+02:00,2,0.000
2023-01-14 12:00:00+02:00,2,0.000
2023-01-14 13:00:00+02:00,2,0.000
2023-01-14 14:00:00+02:00,2,0.000
2023-01-14 15:00:00+02:00,2,0.000
2023-01-14 16:00:00+02:00,2,0.000
2023-01-14 17:00:00+02:00,2,0.000
2023-01-14 18:00:00+02:00,2,0.000
2023-01-14 19:00:00+02:00,2,0.000
2023-01-14 20:00:00+02:00,2,0.000
2023-01-14 21:00:00+02:00,2,0.000
2023-01-14 22:00:00+02:00,2,0.000
2023-01-14 23:00:00+02:00,2,0.000
2023-01-15 00:00:00+02:00,2,0.000
2023-01-15 01:00:00+02:00,2,0.000
2023-01-15 02:00:00+02:00,2,0.000
2023-01-15 03:00:00+02:00,2,0.000
2023-01-15 04:00:00+02:00,2,0.000
2023-01-15 05:00:00+02:00,2,0.000
2023-01-15 06:00:00+02:00,2,0.000
2023-01-15 07:00:00+02:00,2,0.000
2023-01-15 08:00:00+02:00,2,0.000
2023-01-15 09:00:00+02:00,2,0.000
2023-01-15 10:00:00+02:00,2,0.000
2023-01-15 11:00:00+02:00,2,0.000
2023-01-15 12:00:00+02:00,2,0.000
2023-01-15 13:00:00+02:00,2,0.000
2023-01-15 14:00:00+02:00,2,0.000
2023-01-15 15:00:00+02:00,2,0.000
2023-01-15 16:00:00+02:00,2,0.000
2023-01-15 17:00:00+02:00,2,0.025
2023-01-15 18:00:00+02:00,2,0.054
2023-01-15 19:00:00+02:00,2,0.164
2023-01-15 20:00:00+02:00,2,0.210
2023-01-15 21:00:00+02:00,2,0.230
2023-01-15 22:00:00+02:00,2,0.239
2023-01-15 23:00:00+02:00,2,0.240
2023-01-16 00:00:00+02:00,2,0.243
2023-01-16 01:00:00+02:00,2,0.277
2023-01-16 02:00:00+02:00,2,0.348
2023-01-16 03:00:00+02:00,2,0.393
2023-01-16 04:00:00+02:00,2,0.458
2023-01-16 05:00:00+02:00,2,0.442
2023-01-16 06:00:00+02:00,2,0.166
2023-01-16 07:00:00+02:00,2,0.090
2023-01-16 08:00:00+02:00,2,0.019
2023-01-16 09:00:00+02:00,2,0.000
2023-01-16 10:00:00+02:00,2,0.000
2023-01-16 11:00:00+02:00,2,0.000
2023-01-16 12:00:00+02:00,2,0.000
2023-01-16 13:00:00+02:00,2,0.000
2023-01-16 14:00:00+02:00,2,0.000
2023-01-16 15:00:00+02:00,2,0.000
2023-01-16 16:00:00+02:00,2,0.000
2023-01-16 17:00:00+02:00,2,0.000
2023-01-16 18:00:00+02:00,2,0.000
2023-01-16 19:00:00+02:00,2,0.000
2023-01-16 20:00:00+02:00,2,0.000
2023-01-16 21:00:00+02:00,2,0.000
2023-01-16 22:00:00+02:00,2,0.000
2023-01-16 23:00:00+02:00,2,0.000
2023-01-17 00:00:00+02:00,2,0.000
2023-01-17 01:00:00+02:00,2,0.000
2023-01-17 02:00:00+02:00,2,0.000
2023-01-17 03:00:00+02:00,2,0.000
2023-01-17 04:00:00+02:00,2,0.000
2023-01-17 05:00:00+02:00,2,0.000
2023-01-17 06:00:00+02:00,2,0.000
2023-01-17 07:00:00+02:00,2,0.000
2023-01-17 08:00:00+02:00,2,0.000
2023-01-17 09:00:00+02:00,2,0.000
2023-01-17 10:00:00+02:00,2,0.000
2023-01-17 11:00:00+02:00,2,0.000
2023-01-17 12:00:00+02:00,2,0.000
2023-01-17 13:00:00+02:00,2,0.000
2023-01-17 14:00:00+02:00,2,0.000
2023-01-17 15:00:00+02:00,2,0.000
2023-01-17 16:00:00+02:00,2,0.000
2023-01-17 17:00:00+02:00,2,0.000
2023-01-17 18:00:00+02:00,2,0.000
2023-01-17 19:00:00+02:00,2,0.000
2023-01-17 20:00:00+02:00,2,0.000
2023-01-17 21:00:00+02:00,2,0.000
2023-01-17 22:00:00+02:00,2,0.000
2023-01-17 23:00:00+02:00,2,0.000
2023-01-18 00:00:00+02:00,2,0.000
2023-01-18 01:00:00+02:00,2,0.000
2023-01-18 02:00:00+02:00,2,0.000
2023-01-18 03:00:00+02:00,2,0.000
2023-01-18 04:00:00+02:00,2,0.000
2023-01-18 05:00:00+02:00,2,0.000
2023-01-18 06:00:00+02:00,2,0.000
2023-01-18 07:00:00+02:00,2,0.000
2023-01-18 08:00:00+02:00,2,0.000
2023-01-18 09:00:00+02:00,2,0.000
2023-01-18 10:00:00+02:00,2,0.000
2023-01-18 11:00:00+02:00,2,0.000
2023-01-18 12:00:00+02:00,2,0.000
2023-01-18 13:00:00+02:00,2,0.000
2023-01-18 14:00:00+02:00,2,0.000
2023-01-18 15:00:00+02:00,2,0.000
2023-01-18 16:00:00+02:00,2,0.000
2023-01-18 17:00:00+02:00,2,0.000
2023-01-18 18:00:00+02:00,2,0.000
2023-01-18 19:00:00+02:00,2,0.000
2023-01-18 20:00:00+02:00,2,0.000
2023-01-18 21:00:00+02:00,2,0.000
2023-01-18 22:00:00+02:00,2,0.000
2023-01-18 23:00:00+02:00,2,0.000
2023-01-19 00:00:00+02:00,2,0.000
2023-01-19 01:00:00+02:00,2,0.000
2023-01-19 02:00:00+02:00,2,105.448
2023-01-19 03:00:00+02:00,2,114.133
2023-01-19 04:00:00+02:00,2,113.829
2023-01-19 05:00:00+02:00,2,112.802
2023-01-19 06:00:00+02:00,2,110.974
2023-01-19 07:00:00+02:00,2,108.730
2023-01-19 08:00:00+02:00,2,106.630
2023-01-19 09:00:00+02:00,2,24.944
2023-01-19 10:00:00+02:00,2,2.906
2023-01-19 11:00:00+02:00,2,0.393
2023-01-19 12:00:00+02:00,2,0.026
2023-01-19 13:00:00+02:00,2,0.002
2023-01-19 14:00:00+02:00,2,0.000
2023-01-19 15:00:00+02:00,2,0.000
2023-01-19 16:00:00+02:00,2,0.000
2023-01-19 17:00:00+02:00,2,0.000
2023-01-19 18:00:00+02:00,2,15.495
2023-01-19 19:00:00+02:00,2,26.709
2023-01-19 20:00:00+02:00,2,35.371
2023-01-19 21:00:00+02:00,2,40.417
2023-01-19 22:00:00+02:00,2,50.771
2023-01-19 23:00:00+02:00,2,52.383
2023-01-20 00:00:00+02:00,2,17.840
2023-01-20 01:00:00+02:00,2,46.327
2023-01-20 02:00:00+02:00,2,51.088
2023-01-20 03:00:00+02:00,2,55.828
2023-01-20 04:00:00+02:00,2,58.843
2023-01-20 05:00:00+02:00,2,58.817
2023-01-20 06:00:00+02:00,2,57.802
2023-01-20 06:00:00+02:00,2,56.682
2023-01-20 07:00:00+02:00,2,60.572
2023-01-20 08:00:00+02:00,2,73.411
2023-01-20 09:00:00+02:00,2,79.049
2023-01-20 10:00:00+02:00,2,0.401
2023-01-20 11:00:00+02:00,2,0.000
2023-01-20 12:00:00+02:00,2,0.000
2023-01-20 13:00:00+02:00,2,0.000
2023-01-20 14:00:00+02:00,2,0.000
2023-01-20 15:00:00+02:00,2,0.000
2023-01-20 16:00:00+02:00,2,0.000
2023-01-20 17:00:00+02:00,2,0.000
2023-01-20 18:00:00+02:00,2,0.000
2023-01-20 19:00:00+02:00,2,0.000
2023-01-20 20:00:00+02:00,2,0.000
2023-01-20 21:00:00+02:00,2,-0.000
2023-01-20 22:00:00+02:00,2,21.672
2023-01-20 23:00:00+02:00,2,98.920
2023-01-21 00:00:00+02:00,2,101.132
2023-01-21 01:00:00+02:00,2,85.025
2023-01-21 02:00:00+02:00,2,270.721
2023-01-21 03:00:00+02:00,2,318.250
2023-01-21 04:00:00+02:00,2,259.635
2023-01-21 05:00:00+02:00,2,217.099
2023-01-21 06:00:00+02:00,2,197.003
2023-01-21 07:00:00+02:00,2,193.445
2023-01-21 08:00:00+02:00,2,195.948
2023-01-21 09:00:00+02:00,2,195.951
2023-01-21 10:00:00+02:00,2,52.507
2023-01-21 11:00:00+02:00,2,0.041
2023-01-21 12:00:00+02:00,2,0.000
2023-01-21 13:00:00+02:00,2,0.000
2023-01-21 14:00:00+02:00,2,0.000
2023-01-21 15:00:00+02:00,2,0.000
2023-01-21 16:00:00+02:00,2,0.000
2023-01-21 17:00:00+02:00,2,0.000
2023-01-21 18:00:00+02:00,2,0.000
2023-01-21 19:00:00+02:00,2,0.000
2023-01-21 20:00:00+02:00,2,0.000
2023-01-21 21:00:00+02:00,2,-0.000
2023-01-21 22:00:00+02:00,2,21.672
2023-01-21 23:00:00+02:00,2,98.920
2023-01-22 00:00:00+02:00,2,101.132
2023-01-22 01:00:00+02:00,2,85.025
2023-01-22 02:00:00+02:00,2,270.721
2023-01-22 03:00:00+02:00,2,318.257
2023-01-22 04:00:00+02:00,2,259.667
2023-01-22 05:00:00+02:00,2,217.193
2022-12-30 06:00:00+02:00,3,22.376
2022-12-30 07:00:00+02:00,3,21.915
2022-12-30 08:00:00+02:00,3,21.463
2022-12-30 09:00:00+02:00,3,21.058
2022-12-30 10:00:00+02:00,3,20.670
2022-12-30 11:00:00+02:00,3,20.249
2022-12-30 12:00:00+02:00,3,19.847
2022-12-30 13:00:00+02:00,3,19.457
2022-12-30 14:00:00+02:00,3,19.055
2022-12-30 15:00:00+02:00,3,18.666
2022-12-30 16:00:00+02:00,3,18.282
2022-12-30 17:00:00+02:00,3,17.906
2022-12-30 18:00:00+02:00,3,17.537
2022-12-30 19:00:00+02:00,3,17.780
2022-12-30 20:00:00+02:00,3,18.565
2022-12-30 21:00:00+02:00,3,18.720
2022-12-30 22:00:00+02:00,3,18.881
2022-12-30 23:00:00+02:00,3,19.486
2022-12-31 00:00:00+02:00,3,20.661
2022-12-31 01:00:00+02:00,3,21.505
2022-12-31 02:00:00+02:00,3,21.790
2022-12-31 03:00:00+02:00,3,21.873
2022-12-31 04:00:00+02:00,3,21.862
2022-12-31 05:00:00+02:00,3,21.937
2022-12-31 06:00:00+02:00,3,21.706
2022-12-31 07:00:00+02:00,3,21.383
2022-12-31 08:00:00+02:00,3,21.084
2022-12-31 09:00:00+02:00,3,20.651
2022-12-31 10:00:00+02:00,3,5.440
2022-12-31 11:00:00+02:00,3,0.187
2022-12-31 12:00:00+02:00,3,0.001
2022-12-31 13:00:00+02:00,3,0.000
2022-12-31 14:00:00+02:00,3,0.000
2022-12-31 15:00:00+02:00,3,0.000
2022-12-31 16:00:00+02:00,3,0.000
2022-12-31 17:00:00+02:00,3,0.000
2022-12-31 18:00:00+02:00,3,0.000
2022-12-31 19:00:00+02:00,3,0.000
2022-12-31 20:00:00+02:00,3,0.000
2022-12-31 21:00:00+02:00,3,0.000
2022-12-31 22:00:00+02:00,3,0.000
2022-12-31 23:00:00+02:00,3,0.007
2023-01-01 00:00:00+02:00,3,0.337
2023-01-01 01:00:00+02:00,3,1.776
2023-01-01 02:00:00+02:00,3,3.663
2023-01-01 03:00:00+02:00,3,5.234
2023-01-01 04:00:00+02:00,3,6.518
2023-01-01 05:00:00+02:00,3,7.793
2023-01-01 06:00:00+02:00,3,8.790
2023-01-01 07:00:00+02:00,3,11.125
2023-01-01 08:00:00+02:00,3,14.979
2023-01-01 09:00:00+02:00,3,10.969
2023-01-01 10:00:00+02:00,3,1.686
2023-01-01 11:00:00+02:00,3,0.129
2023-01-01 12:00:00+02:00,3,0.006
2023-01-01 13:00:00+02:00,3,0.000
2023-01-01 14:00:00+02:00,3,0.000
2023-01-01 15:00:00+02:00,3,0.000
2023-01-01 16:00:00+02:00,3,0.000
2023-01-01 17:00:00+02:00,3,0.000
2023-01-01 18:00:00+02:00,3,0.000
2023-01-01 19:00:00+02:00,3,0.027
2023-01-01 20:00:00+02:00,3,0.022
2023-01-01 21:00:00+02:00,3,0.015
2023-01-01 22:00:00+02:00,3,0.015
2023-01-01 23:00:00+02:00,3,42.583
2023-01-02 00:00:00+02:00,3,124.483
2023-01-02 01:00:00+02:00,3,163.818
2023-01-02 02:00:00+02:00,3,194.582
2023-01-02 03:00:00+02:00,3,222.150
2023-01-02 04:00:00+02:00,3,240.202
2023-01-02 05:00:00+02:00,3,247.984
2023-01-02 06:00:00+02:00,3,255.045
2023-01-02 07:00:00+02:00,3,256.071
2023-01-02 08:00:00+02:00,3,252.446
2023-01-02 09:00:00+02:00,3,248.445
2023-01-02 10:00:00+02:00,3,243.362
2023-01-02 11:00:00+02:00,3,126.697
2023-01-02 12:00:00+02:00,3,31.157
2023-01-02 13:00:00+02:00,3,4.003
2023-01-02 14:00:00+02:00,3,0.303
2023-01-02 15:00:00+02:00,3,0.037
2023-01-02 16:00:00+02:00,3,0.005
2023-01-02 17:00:00+02:00,3,0.001
2023-01-02 18:00:00+02:00,3,0.000
2023-01-02 19:00:00+02:00,3,0.000
2023-01-02 20:00:00+02:00,3,0.000
2023-01-02 21:00:00+02:00,3,4.308
2023-01-02 22:00:00+02:00,3,18.354
2023-01-02 23:00:00+02:00,3,66.747
2023-01-03 00:00:00+02:00,3,94.833
2023-01-03 01:00:00+02:00,3,105.611
2023-01-03 02:00:00+02:00,3,121.608
2023-01-03 03:00:00+02:00,3,160.777
2023-01-03 04:00:00+02:00,3,167.840
2023-01-03 05:00:00+02:00,3,168.610
2023-01-03 06:00:00+02:00,3,170.178
2023-01-03 07:00:00+02:00,3,177.466
2023-01-03 08:00:00+02:00,3,180.011
2023-01-03 09:00:00+02:00,3,179.994
2023-01-03 10:00:00+02:00,3,130.518
2023-01-03 11:00:00+02:00,3,25.995
2023-01-03 12:00:00+02:00,3,4.465
2023-01-03 13:00:00+02:00,3,1.103
2023-01-03 14:00:00+02:00,3,0.236
2023-01-03 15:00:00+02:00,3,0.075
2023-01-03 16:00:00+02:00,3,0.052
2023-01-03 17:00:00+02:00,3,18.240
2023-01-03 18:00:00+02:00,3,102.353
2023-01-03 19:00:00+02:00,3,113.131
2023-01-03 20:00:00+02:00,3,149.487
2023-01-03 21:00:00+02:00,3,152.093
2023-01-03 22:00:00+02:00,3,59.985
2023-01-03 23:00:00+02:00,3,99.368
2023-01-04 00:00:00+02:00,3,109.290
2023-01-04 01:00:00+02:00,3,71.614
2023-01-04 02:00:00+02:00,3,76.425
2023-01-04 03:00:00+02:00,3,107.559
2023-01-04 04:00:00+02:00,3,125.618
2023-01-04 05:00:00+02:00,3,139.490
2023-01-04 06:00:00+02:00,3,149.588
2023-01-04 07:00:00+02:00,3,158.932
2023-01-04 08:00:00+02:00,3,166.149
2023-01-04 09:00:00+02:00,3,177.551
2023-01-04 10:00:00+02:00,3,175.318
2023-01-04 11:00:00+02:00,3,125.664
2023-01-04 12:00:00+02:00,3,65.296
2023-01-04 13:00:00+02:00,3,12.982
2023-01-04 14:00:00+02:00,3,5.055
2023-01-04 15:00:00+02:00,3,2.607
2023-01-04 16:00:00+02:00,3,42.950
2023-01-04 17:00:00+02:00,3,48.805
2023-01-04 18:00:00+02:00,3,53.233
2023-01-04 19:00:00+02:00,3,63.874
2023-01-04 20:00:00+02:00,3,62.525
2023-01-04 21:00:00+02:00,3,64.328
2023-01-04 22:00:00+02:00,3,62.998
2023-01-04 23:00:00+02:00,3,66.531
2023-01-05 00:00:00+02:00,3,65.106
2023-01-05 01:00:00+02:00,3,63.867
2023-01-05 02:00:00+02:00,3,62.551
2023-01-05 03:00:00+02:00,3,61.281
2023-01-05 04:00:00+02:00,3,60.097
2023-01-05 05:00:00+02:00,3,58.946
2023-01-05 06:00:00+02:00,3,57.818
2023-01-05 07:00:00+02:00,3,56.630
2023-01-05 08:00:00+02:00,3,55.466
2023-01-05 09:00:00+02:00,3,54.322
2023-01-05 10:00:00+02:00,3,53.205
2023-01-05 11:00:00+02:00,3,52.110
2023-01-05 12:00:00+02:00,3,51.037
2023-01-05 13:00:00+02:00,3,49.985
2023-01-05 14:00:00+02:00,3,48.954
2023-01-05 15:00:00+02:00,3,47.945
2023-01-05 16:00:00+02:00,3,46.957
2023-01-05 17:00:00+02:00,3,45.989
2023-01-05 18:00:00+02:00,3,45.040
2023-01-05 19:00:00+02:00,3,65.783
2023-01-05 20:00:00+02:00,3,148.247
2023-01-05 21:00:00+02:00,3,262.310
2023-01-05 22:00:00+02:00,3,422.988
2023-01-05 23:00:00+02:00,3,533.355
2023-01-06 00:00:00+02:00,3,567.497
2023-01-06 01:00:00+02:00,3,554.468
2023-01-06 02:00:00+02:00,3,543.021
2023-01-06 03:00:00+02:00,3,531.825
2023-01-06 04:00:00+02:00,3,520.860
2023-01-06 05:00:00+02:00,3,510.121
2023-01-06 06:00:00+02:00,3,499.603
2023-01-06 07:00:00+02:00,3,489.302
2023-01-06 08:00:00+02:00,3,479.214
2023-01-06 09:00:00+02:00,3,469.334
2023-01-06 10:00:00+02:00,3,459.657
2023-01-06 11:00:00+02:00,3,450.180
2023-01-06 12:00:00+02:00,3,440.898
2023-01-06 13:00:00+02:00,3,431.808
2023-01-06 14:00:00+02:00,3,422.905
2023-01-06 15:00:00+02:00,3,414.186
2023-01-06 16:00:00+02:00,3,405.646
2023-01-06 17:00:00+02:00,3,397.282
2023-01-06 18:00:00+02:00,3,389.091
2023-01-06 19:00:00+02:00,3,381.069
2023-01-06 20:00:00+02:00,3,373.212
2023-01-06 21:00:00+02:00,3,365.517
2023-01-06 22:00:00+02:00,3,390.864
2023-01-06 23:00:00+02:00,3,431.032
2023-01-07 00:00:00+02:00,3,426.214
2023-01-07 01:00:00+02:00,3,423.981
2023-01-07 02:00:00+02:00,3,421.494
2023-01-07 03:00:00+02:00,3,434.066
2023-01-07 04:00:00+02:00,3,444.506
2023-01-07 05:00:00+02:00,3,440.251
2023-01-07 06:00:00+02:00,3,434.506
2023-01-07 07:00:00+02:00,3,428.246
2023-01-07 08:00:00+02:00,3,419.766
2023-01-07 09:00:00+02:00,3,411.324
2023-01-07 10:00:00+02:00,3,402.917
2023-01-07 11:00:00+02:00,3,394.653
2023-01-07 12:00:00+02:00,3,386.539
2023-01-07 13:00:00+02:00,3,378.587
2023-01-07 14:00:00+02:00,3,370.784
2023-01-07 15:00:00+02:00,3,363.139
2023-01-07 16:00:00+02:00,3,355.652
2023-01-07 17:00:00+02:00,3,348.320
2023-01-07 18:00:00+02:00,3,341.140
2023-01-07 19:00:00+02:00,3,334.110
2023-01-07 20:00:00+02:00,3,327.228
2023-01-07 21:00:00+02:00,3,320.491
2023-01-07 22:00:00+02:00,3,313.939
2023-01-07 23:00:00+02:00,3,307.616
2023-01-08 00:00:00+02:00,3,301.556
2023-01-08 01:00:00+02:00,3,295.536
2023-01-08 02:00:00+02:00,3,289.651
2023-01-08 03:00:00+02:00,3,284.002
2023-01-08 04:00:00+02:00,3,278.388
2023-01-08 05:00:00+02:00,3,272.927
2023-01-08 06:00:00+02:00,3,267.678
2023-01-08 07:00:00+02:00,3,262.360
2023-01-08 08:00:00+02:00,3,257.000
2023-01-08 09:00:00+02:00,3,152.663
2023-01-08 10:00:00+02:00,3,9.714
2023-01-08 11:00:00+02:00,3,0.246
2023-01-08 12:00:00+02:00,3,0.014
2023-01-08 13:00:00+02:00,3,0.001
2023-01-08 14:00:00+02:00,3,0.000
2023-01-08 15:00:00+02:00,3,0.000
2023-01-08 16:00:00+02:00,3,0.000
2023-01-08 17:00:00+02:00,3,0.000
2023-01-08 18:00:00+02:00,3,0.000
2023-01-08 19:00:00+02:00,3,0.000
2023-01-08 20:00:00+02:00,3,0.000
2023-01-08 21:00:00+02:00,3,0.661
2023-01-08 22:00:00+02:00,3,43.061
2023-01-08 23:00:00+02:00,3,126.343
2023-01-09 00:00:00+02:00,3,166.319
2023-01-09 01:00:00+02:00,3,194.724
2023-01-09 02:00:00+02:00,3,215.448
2023-01-09 03:00:00+02:00,3,241.341
2023-01-09 04:00:00+02:00,3,277.521
2023-01-09 05:00:00+02:00,3,335.512
2023-01-09 06:00:00+02:00,3,371.998
2023-01-09 07:00:00+02:00,3,398.520
2023-01-09 08:00:00+02:00,3,399.748
2023-01-09 09:00:00+02:00,3,394.278
2023-01-09 10:00:00+02:00,3,388.003
2023-01-09 11:00:00+02:00,3,276.687
2023-01-09 12:00:00+02:00,3,134.507
2023-01-09 13:00:00+02:00,3,130.156
2023-01-09 14:00:00+02:00,3,108.824
2023-01-09 15:00:00+02:00,3,27.186
2023-01-09 16:00:00+02:00,3,8.570
2023-01-09 17:00:00+02:00,3,31.679
2023-01-09 18:00:00+02:00,3,122.236
2023-01-09 19:00:00+02:00,3,227.893
2023-01-09 20:00:00+02:00,3,270.264
2023-01-09 21:00:00+02:00,3,296.989
2023-01-09 22:00:00+02:00,3,298.455
2023-01-09 23:00:00+02:00,3,304.350
2023-01-10 00:00:00+02:00,3,325.162
2023-01-10 01:00:00+02:00,3,323.241
2023-01-10 02:00:00+02:00,3,309.833
2023-01-10 03:00:00+02:00,3,298.119
2023-01-10 04:00:00+02:00,3,284.424
2023-01-10 05:00:00+02:00,3,265.720
2023-01-10 06:00:00+02:00,3,236.582
2023-01-10 07:00:00+02:00,3,212.555
2023-01-10 08:00:00+02:00,3,196.844
2023-01-10 09:00:00+02:00,3,177.777
2023-01-10 10:00:00+02:00,3,169.358
2023-01-10 11:00:00+02:00,3,163.120
2023-01-10 12:00:00+02:00,3,70.337
2023-01-10 13:00:00+02:00,3,15.850
2023-01-10 14:00:00+02:00,3,14.343
2023-01-10 15:00:00+02:00,3,53.159
2023-01-10 16:00:00+02:00,3,83.475
2023-01-10 17:00:00+02:00,3,95.391
2023-01-10 18:00:00+02:00,3,101.485
2023-01-10 19:00:00+02:00,3,108.845
2023-01-10 20:00:00+02:00,3,93.667
2023-01-10 21:00:00+02:00,3,99.458
2023-01-10 22:00:00+02:00,3,96.416
2023-01-10 23:00:00+02:00,3,106.086
2023-01-11 00:00:00+02:00,3,110.575
2023-01-11 01:00:00+02:00,3,117.618
2023-01-11 02:00:00+02:00,3,119.313
2023-01-11 03:00:00+02:00,3,50.124
2023-01-11 04:00:00+02:00,3,41.175
2023-01-11 05:00:00+02:00,3,55.061
2023-01-11 06:00:00+02:00,3,68.856
2023-01-11 07:00:00+02:00,3,48.522
2023-01-11 08:00:00+02:00,3,14.555
2023-01-11 09:00:00+02:00,3,10.889
2023-01-11 10:00:00+02:00,3,52.754
2023-01-11 11:00:00+02:00,3,59.339
2023-01-11 12:00:00+02:00,3,17.085
2023-01-11 13:00:00+02:00,3,3.270
2023-01-11 14:00:00+02:00,3,0.800
2023-01-11 15:00:00+02:00,3,0.573
2023-01-11 16:00:00+02:00,3,5.344
2023-01-11 17:00:00+02:00,3,37.989
2023-01-11 18:00:00+02:00,3,67.689
2023-01-11 19:00:00+02:00,3,83.133
2023-01-11 20:00:00+02:00,3,103.952
2023-01-11 21:00:00+02:00,3,118.356
2023-01-11 22:00:00+02:00,3,131.255
2023-01-11 23:00:00+02:00,3,138.475
2023-01-12 00:00:00+02:00,3,144.812
2023-01-12 01:00:00+02:00,3,143.192
2023-01-12 02:00:00+02:00,3,140.213
2023-01-12 03:00:00+02:00,3,136.068
2023-01-12 04:00:00+02:00,3,131.171
2023-01-12 05:00:00+02:00,3,126.714
2023-01-12 06:00:00+02:00,3,119.675
2023-01-12 07:00:00+02:00,3,116.236
2023-01-12 08:00:00+02:00,3,114.056
2023-01-12 09:00:00+02:00,3,111.871
2023-01-12 10:00:00+02:00,3,35.847
2023-01-12 11:00:00+02:00,3,12.426
2023-01-12 12:00:00+02:00,3,4.146
2023-01-12 13:00:00+02:00,3,1.921
2023-01-12 14:00:00+02:00,3,24.571
2023-01-12 15:00:00+02:00,3,59.011
2023-01-12 16:00:00+02:00,3,81.445
2023-01-12 17:00:00+02:00,3,91.579
2023-01-12 18:00:00+02:00,3,103.306
2023-01-12 19:00:00+02:00,3,109.367
2023-01-12 20:00:00+02:00,3,111.278
2023-01-12 21:00:00+02:00,3,113.408
2023-01-12 22:00:00+02:00,3,116.741
2023-01-12 23:00:00+02:00,3,115.957
2023-01-13 00:00:00+02:00,3,119.284
2023-01-13 01:00:00+02:00,3,123.782
2023-01-13 02:00:00+02:00,3,122.597
2023-01-13 03:00:00+02:00,3,118.037
2023-01-13 04:00:00+02:00,3,114.118
2023-01-13 05:00:00+02:00,3,111.750
2023-01-13 06:00:00+02:00,3,110.494
2023-01-13 07:00:00+02:00,3,110.150
2023-01-13 08:00:00+02:00,3,109.162
2023-01-13 09:00:00+02:00,3,108.080
2023-01-13 10:00:00+02:00,3,106.170
2023-01-13 11:00:00+02:00,3,73.379
2023-01-13 12:00:00+02:00,3,23.644
2023-01-13 13:00:00+02:00,3,5.108
2023-01-13 14:00:00+02:00,3,4.508
2023-01-13 15:00:00+02:00,3,59.165
2023-01-13 16:00:00+02:00,3,82.011
2023-01-13 17:00:00+02:00,3,101.821
2023-01-13 18:00:00+02:00,3,107.029
2023-01-13 19:00:00+02:00,3,109.308
2023-01-13 20:00:00+02:00,3,108.654
2023-01-13 21:00:00+02:00,3,109.706
2023-01-13 22:00:00+02:00,3,109.379
2023-01-13 23:00:00+02:00,3,114.061
2023-01-14 00:00:00+02:00,3,117.709
2023-01-14 01:00:00+02:00,3,116.800
2023-01-14 02:00:00+02:00,3,117.190
2023-01-14 03:00:00+02:00,3,115.880
2023-01-14 04:00:00+02:00,3,114.132
2023-01-14 05:00:00+02:00,3,112.183
2023-01-14 06:00:00+02:00,3,109.936
2023-01-14 07:00:00+02:00,3,108.213
2023-01-14 08:00:00+02:00,3,102.359
2023-01-14 09:00:00+02:00,3,20.582
2023-01-14 10:00:00+02:00,3,2.299
2023-01-14 11:00:00+02:00,3,0.110
2023-01-14 12:00:00+02:00,3,0.002
2023-01-14 13:00:00+02:00,3,0.000
2023-01-14 14:00:00+02:00,3,0.000
2023-01-14 15:00:00+02:00,3,0.000
2023-01-14 16:00:00+02:00,3,0.000
2023-01-14 17:00:00+02:00,3,0.000
2023-01-14 18:00:00+02:00,3,0.000
2023-01-14 19:00:00+02:00,3,0.000
2023-01-14 20:00:00+02:00,3,0.000
2023-01-14 21:00:00+02:00,3,0.000
2023-01-14 22:00:00+02:00,3,0.000
2023-01-14 23:00:00+02:00,3,0.000
2023-01-15 00:00:00+02:00,3,0.000
2023-01-15 01:00:00+02:00,3,0.000
2023-01-15 02:00:00+02:00,3,0.000
2023-01-15 03:00:00+02:00,3,0.000
2023-01-15 04:00:00+02:00,3,0.000
2023-01-15 05:00:00+02:00,3,0.000
2023-01-15 06:00:00+02:00,3,0.000
2023-01-15 07:00:00+02:00,3,0.007
2023-01-15 08:00:00+02:00,3,0.067
2023-01-15 09:00:00+02:00,3,0.018
2023-01-15 10:00:00+02:00,3,0.005
2023-01-15 11:00:00+02:00,3,0.002
2023-01-15 12:00:00+02:00,3,0.001
2023-01-15 13:00:00+02:00,3,0.001
2023-01-15 14:00:00+02:00,3,0.001
2023-01-15 15:00:00+02:00,3,0.000
2023-01-15 16:00:00+02:00,3,0.000
2023-01-15 17:00:00+02:00,3,0.039
2023-01-15 18:00:00+02:00,3,0.060
2023-01-15 19:00:00+02:00,3,0.183
2023-01-15 20:00:00+02:00,3,0.218
2023-01-15 21:00:00+02:00,3,0.234
2023-01-15 22:00:00+02:00,3,0.240
2023-01-15 23:00:00+02:00,3,0.242
2023-01-16 00:00:00+02:00,3,0.247
2023-01-16 01:00:00+02:00,3,0.300
2023-01-16 02:00:00+02:00,3,0.369
2023-01-16 03:00:00+02:00,3,0.403
2023-01-16 04:00:00+02:00,3,0.513
2023-01-16 05:00:00+02:00,3,0.501
2023-01-16 06:00:00+02:00,3,0.483
2023-01-16 07:00:00+02:00,3,2.483
2023-01-16 08:00:00+02:00,3,3.201
2023-01-16 09:00:00+02:00,3,0.596
2023-01-16 10:00:00+02:00,3,0.062
2023-01-16 11:00:00+02:00,3,0.009
2023-01-16 12:00:00+02:00,3,0.003
2023-01-16 13:00:00+02:00,3,0.001
2023-01-16 14:00:00+02:00,3,0.000
2023-01-16 15:00:00+02:00,3,0.459
2023-01-16 16:00:00+02:00,3,1.497
2023-01-16 17:00:00+02:00,3,12.009
2023-01-16 18:00:00+02:00,3,24.729
2023-01-16 19:00:00+02:00,3,51.039
2023-01-16 20:00:00+02:00,3,83.106
2023-01-16 21:00:00+02:00,3,148.576
2023-01-16 22:00:00+02:00,3,206.941
2023-01-16 23:00:00+02:00,3,238.216
2023-01-17 00:00:00+02:00,3,251.377
2023-01-17 01:00:00+02:00,3,254.999
2023-01-17 02:00:00+02:00,3,250.219
2023-01-17 03:00:00+02:00,3,225.667
2023-01-17 04:00:00+02:00,3,196.384
2023-01-17 05:00:00+02:00,3,186.187
2023-01-17 06:00:00+02:00,3,177.009
2023-01-17 07:00:00+02:00,3,158.623
2023-01-17 08:00:00+02:00,3,148.602
2023-01-17 09:00:00+02:00,3,139.873
2023-01-17 10:00:00+02:00,3,132.086
2023-01-17 11:00:00+02:00,3,127.195
2023-01-17 12:00:00+02:00,3,124.093
2023-01-17 13:00:00+02:00,3,120.293
2023-01-17 14:00:00+02:00,3,118.579
2023-01-17 15:00:00+02:00,3,119.138
2023-01-17 16:00:00+02:00,3,119.710
2023-01-17 17:00:00+02:00,3,120.845
2023-01-17 18:00:00+02:00,3,130.671
2023-01-17 19:00:00+02:00,3,132.310
2023-01-17 20:00:00+02:00,3,130.648
2023-01-17 21:00:00+02:00,3,130.361
2023-01-17 22:00:00+02:00,3,129.869
2023-01-17 23:00:00+02:00,3,128.622
2023-01-18 00:00:00+02:00,3,126.867
2023-01-18 01:00:00+02:00,3,124.659
2023-01-18 02:00:00+02:00,3,122.133
2023-01-18 03:00:00+02:00,3,119.254
2023-01-18 04:00:00+02:00,3,116.056
2023-01-18 05:00:00+02:00,3,113.525
2023-01-18 06:00:00+02:00,3,111.179
2023-01-18 07:00:00+02:00,3,109.119
2023-01-18 08:00:00+02:00,3,107.186
2023-01-18 09:00:00+02:00,3,105.426
2023-01-18 10:00:00+02:00,3,104.244
2023-01-18 11:00:00+02:00,3,103.190
2023-01-18 12:00:00+02:00,3,101.681
2023-01-18 13:00:00+02:00,3,102.136
2023-01-18 14:00:00+02:00,3,103.565
2023-01-18 15:00:00+02:00,3,104.099
2023-01-18 16:00:00+02:00,3,105.696
2023-01-18 17:00:00+02:00,3,108.148
2023-01-18 18:00:00+02:00,3,108.119
2023-01-18 19:00:00+02:00,3,109.513
2023-01-18 20:00:00+02:00,3,108.951
2023-01-18 21:00:00+02:00,3,110.354
2023-01-18 22:00:00+02:00,3,110.509
2023-01-18 23:00:00+02:00,3,111.339
2023-01-19 00:00:00+02:00,3,111.301
2023-01-19 01:00:00+02:00,3,111.697
2023-01-19 02:00:00+02:00,3,116.756
2023-01-19 03:00:00+02:00,3,114.925
2023-01-19 04:00:00+02:00,3,114.381
2023-01-19 05:00:00+02:00,3,113.173
2023-01-19 06:00:00+02:00,3,111.199
2023-01-19 07:00:00+02:00,3,109.109
2023-01-19 08:00:00+02:00,3,108.046
2023-01-19 09:00:00+02:00,3,105.850
2023-01-19 10:00:00+02:00,3,104.728
2023-01-19 11:00:00+02:00,3,104.118
2023-01-19 12:00:00+02:00,3,103.030
2023-01-19 13:00:00+02:00,3,102.372
2023-01-19 14:00:00+02:00,3,100.876
2023-01-19 15:00:00+02:00,3,98.971
2023-01-19 16:00:00+02:00,3,73.648
2023-01-19 17:00:00+02:00,3,9.529
2023-01-19 18:00:00+02:00,3,26.554
2023-01-19 19:00:00+02:00,3,34.723
2023-01-19 20:00:00+02:00,3,42.584
2023-01-19 21:00:00+02:00,3,42.442
2023-01-19 22:00:00+02:00,3,53.845
2023-01-19 23:00:00+02:00,3,52.995
2023-01-20 00:00:00+02:00,3,42.681
2023-01-20 01:00:00+02:00,3,54.180
2023-01-20 02:00:00+02:00,3,55.967
2023-01-20 03:00:00+02:00,3,58.782
2023-01-20 04:00:00+02:00,3,59.741
2023-01-20 05:00:00+02:00,3,59.107
2023-01-20 06:00:00+02:00,3,57.820
2023-01-20 06:00:00+02:00,3,56.707
2023-01-20 07:00:00+02:00,3,62.466
2023-01-20 08:00:00+02:00,3,77.336
2023-01-20 09:00:00+02:00,3,80.863
2023-01-20 10:00:00+02:00,3,3.827
2023-01-20 11:00:00+02:00,3,0.019
2023-01-20 12:00:00+02:00,3,0.000
2023-01-20 13:00:00+02:00,3,0.000
2023-01-20 14:00:00+02:00,3,0.000
2023-01-20 15:00:00+02:00,3,0.000
2023-01-20 16:00:00+02:00,3,0.000
2023-01-20 17:00:00+02:00,3,0.000
2023-01-20 18:00:00+02:00,3,0.000
2023-01-20 19:00:00+02:00,3,0.000
2023-01-20 20:00:00+02:00,3,0.000
2023-01-20 21:00:00+02:00,3,-0.000
2023-01-20 22:00:00+02:00,3,40.302
2023-01-20 23:00:00+02:00,3,143.241
2023-01-21 00:00:00+02:00,3,205.912
2023-01-21 01:00:00+02:00,3,220.364
2023-01-21 02:00:00+02:00,3,307.962
2023-01-21 03:00:00+02:00,3,305.960
2023-01-21 04:00:00+02:00,3,248.561
2023-01-21 05:00:00+02:00,3,212.807
2023-01-21 06:00:00+02:00,3,196.116
2023-01-21 07:00:00+02:00,3,194.272
2023-01-21 08:00:00+02:00,3,198.022
2023-01-21 09:00:00+02:00,3,197.052
2023-01-21 10:00:00+02:00,3,111.536
2023-01-21 11:00:00+02:00,3,1.051
2023-01-21 12:00:00+02:00,3,0.001
2023-01-21 13:00:00+02:00,3,0.000
2023-01-21 14:00:00+02:00,3,0.000
2023-01-21 15:00:00+02:00,3,0.000
2023-01-21 16:00:00+02:00,3,0.000
2023-01-21 17:00:00+02:00,3,0.000
2023-01-21 18:00:00+02:00,3,0.000
2023-01-21 19:00:00+02:00,3,0.000
2023-01-21 20:00:00+02:00,3,0.000
2023-01-21 21:00:00+02:00,3,-0.000
2023-01-21 22:00:00+02:00,3,40.302
2023-01-21 23:00:00+02:00,3,143.241
2023-01-22 00:00:00+02:00,3,205.912
2023-01-22 01:00:00+02:00,3,220.364
2023-01-22 02:00:00+02:00,3,307.962
2023-01-22 03:00:00+02:00,3,305.970
2023-01-22 04:00:00+02:00,3,248.604
2023-01-22 05:00:00+02:00,3,212.914
2022-12-30 06:00:00+02:00,4,22.376
2022-12-30 07:00:00+02:00,4,21.915
2022-12-30 08:00:00+02:00,4,21.463
2022-12-30 09:00:00+02:00,4,21.112
2022-12-30 10:00:00+02:00,4,20.715
2022-12-30 11:00:00+02:00,4,20.288
2022-12-30 12:00:00+02:00,4,19.872
2022-12-30 13:00:00+02:00,4,19.464
2022-12-30 14:00:00+02:00,4,19.060
2022-12-30 15:00:00+02:00,4,18.668
2022-12-30 16:00:00+02:00,4,18.283
2022-12-30 17:00:00+02:00,4,17.906
2022-12-30 18:00:00+02:00,4,17.537
2022-12-30 19:00:00+02:00,4,18.248
2022-12-30 20:00:00+02:00,4,19.186
2022-12-30 21:00:00+02:00,4,19.211
2022-12-30 22:00:00+02:00,4,19.280
2022-12-30 23:00:00+02:00,4,19.998
2022-12-31 00:00:00+02:00,4,21.293
2022-12-31 01:00:00+02:00,4,22.085
2022-12-31 02:00:00+02:00,4,22.306
2022-12-31 03:00:00+02:00,4,22.297
2022-12-31 04:00:00+02:00,4,22.208
2022-12-31 05:00:00+02:00,4,22.267
2022-12-31 06:00:00+02:00,4,21.983
2022-12-31 07:00:00+02:00,4,21.599
2022-12-31 08:00:00+02:00,4,21.226
2022-12-31 09:00:00+02:00,4,20.781
2022-12-31 10:00:00+02:00,4,11.117
2022-12-31 11:00:00+02:00,4,1.216
2022-12-31 12:00:00+02:00,4,0.022
2022-12-31 13:00:00+02:00,4,0.000
2022-12-31 14:00:00+02:00,4,0.000
2022-12-31 15:00:00+02:00,4,0.000
2022-12-31 16:00:00+02:00,4,0.000
2022-12-31 17:00:00+02:00,4,0.000
2022-12-31 18:00:00+02:00,4,0.000
2022-12-31 19:00:00+02:00,4,0.000
2022-12-31 20:00:00+02:00,4,0.000
2022-12-31 21:00:00+02:00,4,0.000
2022-12-31 22:00:00+02:00,4,0.000
2022-12-31 23:00:00+02:00,4,0.033
2023-01-01 00:00:00+02:00,4,0.709
2023-01-01 01:00:00+02:00,4,2.755
2023-01-01 02:00:00+02:00,4,4.847
2023-01-01 03:00:00+02:00,4,6.344
2023-01-01 04:00:00+02:00,4,7.539
2023-01-01 05:00:00+02:00,4,8.777
2023-01-01 06:00:00+02:00,4,9.828
2023-01-01 07:00:00+02:00,4,12.898
2023-01-01 08:00:00+02:00,4,18.081
2023-01-01 09:00:00+02:00,4,16.531
2023-01-01 10:00:00+02:00,4,6.827
2023-01-01 11:00:00+02:00,4,1.291
2023-01-01 12:00:00+02:00,4,0.140
2023-01-01 13:00:00+02:00,4,0.011
2023-01-01 14:00:00+02:00,4,0.001
2023-01-01 15:00:00+02:00,4,0.000
2023-01-01 16:00:00+02:00,4,0.000
2023-01-01 17:00:00+02:00,4,0.000
2023-01-01 18:00:00+02:00,4,0.000
2023-01-01 19:00:00+02:00,4,2.371
2023-01-01 20:00:00+02:00,4,2.242
2023-01-01 21:00:00+02:00,4,1.823
2023-01-01 22:00:00+02:00,4,8.580
2023-01-01 23:00:00+02:00,4,85.574
2023-01-02 00:00:00+02:00,4,158.337
2023-01-02 01:00:00+02:00,4,191.437
2023-01-02 02:00:00+02:00,4,217.393
2023-01-02 03:00:00+02:00,4,239.315
2023-01-02 04:00:00+02:00,4,252.371
2023-01-02 05:00:00+02:00,4,257.157
2023-01-02 06:00:00+02:00,4,260.214
2023-01-02 07:00:00+02:00,4,258.736
2023-01-02 08:00:00+02:00,4,254.339
2023-01-02 09:00:00+02:00,4,249.387
2023-01-02 10:00:00+02:00,4,244.206
2023-01-02 11:00:00+02:00,4,217.356
2023-01-02 12:00:00+02:00,4,115.805
2023-01-02 13:00:00+02:00,4,32.270
2023-01-02 14:00:00+02:00,4,5.244
2023-01-02 15:00:00+02:00,4,1.119
2023-01-02 16:00:00+02:00,4,0.237
2023-01-02 17:00:00+02:00,4,0.079
2023-01-02 18:00:00+02:00,4,0.045
2023-01-02 19:00:00+02:00,4,0.026
2023-01-02 20:00:00+02:00,4,0.022
2023-01-02 21:00:00+02:00,4,31.552
2023-01-02 22:00:00+02:00,4,65.625
2023-01-02 23:00:00+02:00,4,119.452
2023-01-03 00:00:00+02:00,4,139.831
2023-01-03 01:00:00+02:00,4,146.762
2023-01-03 02:00:00+02:00,4,155.055
2023-01-03 03:00:00+02:00,4,170.516
2023-01-03 04:00:00+02:00,4,172.849
2023-01-03 05:00:00+02:00,4,173.049
2023-01-03 06:00:00+02:00,4,174.975
2023-01-03 07:00:00+02:00,4,182.463
2023-01-03 08:00:00+02:00,4,185.994
2023-01-03 09:00:00+02:00,4,186.700
2023-01-03 10:00:00+02:00,4,179.300
2023-01-03 11:00:00+02:00,4,94.868
2023-01-03 12:00:00+02:00,4,34.105
2023-01-03 13:00:00+02:00,4,13.564
2023-01-03 14:00:00+02:00,4,4.737
2023-01-03 15:00:00+02:00,4,2.252
2023-01-03 16:00:00+02:00,4,1.891
2023-01-03 17:00:00+02:00,4,71.296
2023-01-03 18:00:00+02:00,4,136.737
2023-01-03 19:00:00+02:00,4,141.024
2023-01-03 20:00:00+02:00,4,158.613
2023-01-03 21:00:00+02:00,4,154.709
2023-01-03 22:00:00+02:00,4,124.616
2023-01-03 23:00:00+02:00,4,133.858
2023-01-04 00:00:00+02:00,4,134.178
2023-01-04 01:00:00+02:00,4,121.689
2023-01-04 02:00:00+02:00,4,122.367
2023-01-04 03:00:00+02:00,4,132.018
2023-01-04 04:00:00+02:00,4,141.599
2023-01-04 05:00:00+02:00,4,154.110
2023-01-04 06:00:00+02:00,4,164.932
2023-01-04 07:00:00+02:00,4,176.174
2023-01-04 08:00:00+02:00,4,184.605
2023-01-04 09:00:00+02:00,4,195.332
2023-01-04 10:00:00+02:00,4,194.166
2023-01-04 11:00:00+02:00,4,183.819
2023-01-04 12:00:00+02:00,4,149.392
2023-01-04 13:00:00+02:00,4,63.235
2023-01-04 14:00:00+02:00,4,36.236
2023-01-04 15:00:00+02:00,4,23.879
2023-01-04 16:00:00+02:00,4,81.667
2023-01-04 17:00:00+02:00,4,79.333
2023-01-04 18:00:00+02:00,4,77.434
2023-01-04 19:00:00+02:00,4,76.042
2023-01-04 20:00:00+02:00,4,72.419
2023-01-04 21:00:00+02:00,4,71.013
2023-01-04 22:00:00+02:00,4,68.483
2023-01-04 23:00:00+02:00,4,67.419
2023-01-05 00:00:00+02:00,4,65.562
2023-01-05 01:00:00+02:00,4,64.216
2023-01-05 02:00:00+02:00,4,62.848
2023-01-05 03:00:00+02:00,4,61.539
2023-01-05 04:00:00+02:00,4,60.273
2023-01-05 05:00:00+02:00,4,59.031
2023-01-05 06:00:00+02:00,4,57.830
2023-01-05 07:00:00+02:00,4,56.639
2023-01-05 08:00:00+02:00,4,55.472
2023-01-05 09:00:00+02:00,4,54.328
2023-01-05 10:00:00+02:00,4,53.209
2023-01-05 11:00:00+02:00,4,52.112
2023-01-05 12:00:00+02:00,4,51.037
2023-01-05 13:00:00+02:00,4,49.985
2023-01-05 14:00:00+02:00,4,48.955
2023-01-05 15:00:00+02:00,4,47.945
2023-01-05 16:00:00+02:00,4,46.957
2023-01-05 17:00:00+02:00,4,45.989
2023-01-05 18:00:00+02:00,4,45.040
2023-01-05 19:00:00+02:00,4,109.826
2023-01-05 20:00:00+02:00,4,247.373
2023-01-05 21:00:00+02:00,4,364.540
2023-01-05 22:00:00+02:00,4,519.915
2023-01-05 23:00:00+02:00,4,585.861
2023-01-06 00:00:00+02:00,4,587.925
2023-01-06 01:00:00+02:00,4,562.400
2023-01-06 02:00:00+02:00,4,545.869
2023-01-06 03:00:00+02:00,4,532.845
2023-01-06 04:00:00+02:00,4,521.225
2023-01-06 05:00:00+02:00,4,510.252
2023-01-06 06:00:00+02:00,4,499.650
2023-01-06 07:00:00+02:00,4,489.319
2023-01-06 08:00:00+02:00,4,479.220
2023-01-06 09:00:00+02:00,4,469.336
2023-01-06 10:00:00+02:00,4,459.658
2023-01-06 11:00:00+02:00,4,450.180
2023-01-06 12:00:00+02:00,4,440.898
2023-01-06 13:00:00+02:00,4,431.808
2023-01-06 14:00:00+02:00,4,422.905
2023-01-06 15:00:00+02:00,4,414.186
2023-01-06 16:00:00+02:00,4,405.646
2023-01-06 17:00:00+02:00,4,397.282
2023-01-06 18:00:00+02:00,4,389.091
2023-01-06 19:00:00+02:00,4,381.069
2023-01-06 20:00:00+02:00,4,373.212
2023-01-06 21:00:00+02:00,4,365.517
2023-01-06 22:00:00+02:00,4,418.234
2023-01-06 23:00:00+02:00,4,464.467
2023-01-07 00:00:00+02:00,4,455.850
2023-01-07 01:00:00+02:00,4,448.110
2023-01-07 02:00:00+02:00,4,439.845
2023-01-07 03:00:00+02:00,4,448.804
2023-01-07 04:00:00+02:00,4,454.375
2023-01-07 05:00:00+02:00,4,446.400
2023-01-07 06:00:00+02:00,4,437.662
2023-01-07 07:00:00+02:00,4,428.955
2023-01-07 08:00:00+02:00,4,420.141
2023-01-07 09:00:00+02:00,4,411.489
2023-01-07 10:00:00+02:00,4,403.007
2023-01-07 11:00:00+02:00,4,394.698
2023-01-07 12:00:00+02:00,4,386.560
2023-01-07 13:00:00+02:00,4,378.590
2023-01-07 14:00:00+02:00,4,370.785
2023-01-07 15:00:00+02:00,4,363.140
2023-01-07 16:00:00+02:00,4,355.653
2023-01-07 17:00:00+02:00,4,348.320
2023-01-07 18:00:00+02:00,4,341.142
2023-01-07 19:00:00+02:00,4,334.113
2023-01-07 20:00:00+02:00,4,327.237
2023-01-07 21:00:00+02:00,4,320.501
2023-01-07 22:00:00+02:00,4,313.990
2023-01-07 23:00:00+02:00,4,307.713
2023-01-08 00:00:00+02:00,4,301.700
2023-01-08 01:00:00+02:00,4,295.659
2023-01-08 02:00:00+02:00,4,289.771
2023-01-08 03:00:00+02:00,4,284.151
2023-01-08 04:00:00+02:00,4,278.529
2023-01-08 05:00:00+02:00,4,273.070
2023-01-08 06:00:00+02:00,4,267.849
2023-01-08 07:00:00+02:00,4,262.511
2023-01-08 08:00:00+02:00,4,257.128
2023-01-08 09:00:00+02:00,4,214.289
2023-01-08 10:00:00+02:00,4,42.210
2023-01-08 11:00:00+02:00,4,3.148
2023-01-08 12:00:00+02:00,4,0.394
2023-01-08 13:00:00+02:00,4,0.033
2023-01-08 14:00:00+02:00,4,0.002
2023-01-08 15:00:00+02:00,4,0.000
2023-01-08 16:00:00+02:00,4,0.000
2023-01-08 17:00:00+02:00,4,0.000
2023-01-08 18:00:00+02:00,4,0.000
2023-01-08 19:00:00+02:00,4,0.000
2023-01-08 20:00:00+02:00,4,0.085
2023-01-08 21:00:00+02:00,4,7.347
2023-01-08 22:00:00+02:00,4,75.877
2023-01-08 23:00:00+02:00,4,151.227
2023-01-09 00:00:00+02:00,4,186.735
2023-01-09 01:00:00+02:00,4,216.845
2023-01-09 02:00:00+02:00,4,243.237
2023-01-09 03:00:00+02:00,4,276.340
2023-01-09 04:00:00+02:00,4,316.554
2023-01-09 05:00:00+02:00,4,364.738
2023-01-09 06:00:00+02:00,4,390.957
2023-01-09 07:00:00+02:00,4,408.269
2023-01-09 08:00:00+02:00,4,407.784
2023-01-09 09:00:00+02:00,4,402.458
2023-01-09 10:00:00+02:00,4,396.782
2023-01-09 11:00:00+02:00,4,379.991
2023-01-09 12:00:00+02:00,4,305.745
2023-01-09 13:00:00+02:00,4,308.532
2023-01-09 14:00:00+02:00,4,300.225
2023-01-09 15:00:00+02:00,4,143.196
2023-01-09 16:00:00+02:00,4,71.119
2023-01-09 17:00:00+02:00,4,154.906
2023-01-09 18:00:00+02:00,4,263.208
2023-01-09 19:00:00+02:00,4,328.853
2023-01-09 20:00:00+02:00,4,346.629
2023-01-09 21:00:00+02:00,4,353.199
2023-01-09 22:00:00+02:00,4,349.693
2023-01-09 23:00:00+02:00,4,346.300
2023-01-10 00:00:00+02:00,4,338.575
2023-01-10 01:00:00+02:00,4,321.293
2023-01-10 02:00:00+02:00,4,299.495
2023-01-10 03:00:00+02:00,4,284.379
2023-01-10 04:00:00+02:00,4,267.920
2023-01-10 05:00:00+02:00,4,247.956
2023-01-10 06:00:00+02:00,4,222.047
2023-01-10 07:00:00+02:00,4,200.456
2023-01-10 08:00:00+02:00,4,184.431
2023-01-10 09:00:00+02:00,4,165.898
2023-01-10 10:00:00+02:00,4,156.906
2023-01-10 11:00:00+02:00,4,149.856
2023-01-10 12:00:00+02:00,4,129.094
2023-01-10 13:00:00+02:00,4,65.161
2023-01-10 14:00:00+02:00,4,67.296
2023-01-10 15:00:00+02:00,4,96.043
2023-01-10 16:00:00+02:00,4,109.940
2023-01-10 17:00:00+02:00,4,114.512
2023-01-10 18:00:00+02:00,4,116.647
2023-01-10 19:00:00+02:00,4,119.975
2023-01-10 20:00:00+02:00,4,117.609
2023-01-10 21:00:00+02:00,4,119.274
2023-01-10 22:00:00+02:00,4,117.811
2023-01-10 23:00:00+02:00,4,121.968
2023-01-11 00:00:00+02:00,4,123.518
2023-01-11 01:00:00+02:00,4,126.243
2023-01-11 02:00:00+02:00,4,126.009
2023-01-11 03:00:00+02:00,4,101.252
2023-01-11 04:00:00+02:00,4,94.740
2023-01-11 05:00:00+02:00,4,100.712
2023-01-11 06:00:00+02:00,4,105.146
2023-01-11 07:00:00+02:00,4,94.412
2023-01-11 08:00:00+02:00,4,53.357
2023-01-11 09:00:00+02:00,4,47.189
2023-01-11 10:00:00+02:00,4,87.477
2023-01-11 11:00:00+02:00,4,91.998
2023-01-11 12:00:00+02:00,4,55.341
2023-01-11 13:00:00+02:00,4,21.559
2023-01-11 14:00:00+02:00,4,8.873
2023-01-11 15:00:00+02:00,4,7.559
2023-01-11 16:00:00+02:00,4,33.287
2023-01-11 17:00:00+02:00,4,76.686
2023-01-11 18:00:00+02:00,4,99.098
2023-01-11 19:00:00+02:00,4,110.660
2023-01-11 20:00:00+02:00,4,125.079
2023-01-11 21:00:00+02:00,4,135.090
2023-01-11 22:00:00+02:00,4,143.010
2023-01-11 23:00:00+02:00,4,146.401
2023-01-12 00:00:00+02:00,4,147.114
2023-01-12 01:00:00+02:00,4,143.704
2023-01-12 02:00:00+02:00,4,139.647
2023-01-12 03:00:00+02:00,4,134.344
2023-01-12 04:00:00+02:00,4,128.984
2023-01-12 05:00:00+02:00,4,124.506
2023-01-12 06:00:00+02:00,4,118.900
2023-01-12 07:00:00+02:00,4,116.279
2023-01-12 08:00:00+02:00,4,114.525
2023-01-12 09:00:00+02:00,4,112.662
2023-01-12 10:00:00+02:00,4,83.374
2023-01-12 11:00:00+02:00,4,50.153
2023-01-12 12:00:00+02:00,4,27.066
2023-01-12 13:00:00+02:00,4,17.330
2023-01-12 14:00:00+02:00,4,63.492
2023-01-12 15:00:00+02:00,4,90.632
2023-01-12 16:00:00+02:00,4,102.362
2023-01-12 17:00:00+02:00,4,106.964
2023-01-12 18:00:00+02:00,4,112.764
2023-01-12 19:00:00+02:00,4,117.119
2023-01-12 20:00:00+02:00,4,119.209
2023-01-12 21:00:00+02:00,4,121.754
2023-01-12 22:00:00+02:00,4,124.744
2023-01-12 23:00:00+02:00,4,124.325
2023-01-13 00:00:00+02:00,4,125.941
2023-01-13 01:00:00+02:00,4,125.899
2023-01-13 02:00:00+02:00,4,122.664
2023-01-13 03:00:00+02:00,4,117.313
2023-01-13 04:00:00+02:00,4,113.972
2023-01-13 05:00:00+02:00,4,111.889
2023-01-13 06:00:00+02:00,4,111.145
2023-01-13 07:00:00+02:00,4,111.012
2023-01-13 08:00:00+02:00,4,110.187
2023-01-13 09:00:00+02:00,4,109.307
2023-01-13 10:00:00+02:00,4,107.522
2023-01-13 11:00:00+02:00,4,102.071
2023-01-13 12:00:00+02:00,4,67.669
2023-01-13 13:00:00+02:00,4,29.808
2023-01-13 14:00:00+02:00,4,33.661
2023-01-13 15:00:00+02:00,4,86.529
2023-01-13 16:00:00+02:00,4,97.403
2023-01-13 17:00:00+02:00,4,106.541
2023-01-13 18:00:00+02:00,4,110.539
2023-01-13 19:00:00+02:00,4,113.084
2023-01-13 20:00:00+02:00,4,113.225
2023-01-13 21:00:00+02:00,4,115.613
2023-01-13 22:00:00+02:00,4,116.044
2023-01-13 23:00:00+02:00,4,120.305
2023-01-14 00:00:00+02:00,4,122.646
2023-01-14 01:00:00+02:00,4,121.301
2023-01-14 02:00:00+02:00,4,120.149
2023-01-14 03:00:00+02:00,4,117.936
2023-01-14 04:00:00+02:00,4,115.595
2023-01-14 05:00:00+02:00,4,113.247
2023-01-14 06:00:00+02:00,4,110.899
2023-01-14 07:00:00+02:00,4,108.645
2023-01-14 08:00:00+02:00,4,105.717
2023-01-14 09:00:00+02:00,4,52.316
2023-01-14 10:00:00+02:00,4,14.000
2023-01-14 11:00:00+02:00,4,1.689
2023-01-14 12:00:00+02:00,4,0.074
2023-01-14 13:00:00+02:00,4,0.003
2023-01-14 14:00:00+02:00,4,0.000
2023-01-14 15:00:00+02:00,4,0.000
2023-01-14 16:00:00+02:00,4,0.000
2023-01-14 17:00:00+02:00,4,0.000
2023-01-14 18:00:00+02:00,4,0.000
2023-01-14 19:00:00+02:00,4,0.000
2023-01-14 20:00:00+02:00,4,0.000
2023-01-14 21:00:00+02:00,4,0.000
2023-01-14 22:00:00+02:00,4,0.000
2023-01-14 23:00:00+02:00,4,0.000
2023-01-15 00:00:00+02:00,4,0.000
2023-01-15 01:00:00+02:00,4,0.000
2023-01-15 02:00:00+02:00,4,0.000
2023-01-15 03:00:00+02:00,4,0.000
2023-01-15 04:00:00+02:00,4,0.000
2023-01-15 05:00:00+02:00,4,0.000
2023-01-15 06:00:00+02:00,4,0.001
2023-01-15 07:00:00+02:00,4,0.026
2023-01-15 08:00:00+02:00,4,0.218
2023-01-15 09:00:00+02:00,4,0.104
2023-01-15 10:00:00+02:00,4,0.045
2023-01-15 11:00:00+02:00,4,0.022
2023-01-15 12:00:00+02:00,4,0.019
2023-01-15 13:00:00+02:00,4,0.067
2023-01-15 14:00:00+02:00,4,0.050
2023-01-15 15:00:00+02:00,4,0.012
2023-01-15 16:00:00+02:00,4,0.004
2023-01-15 17:00:00+02:00,4,0.180
2023-01-15 18:00:00+02:00,4,0.180
2023-01-15 19:00:00+02:00,4,0.244
2023-01-15 20:00:00+02:00,4,0.250
2023-01-15 21:00:00+02:00,4,0.248
2023-01-15 22:00:00+02:00,4,0.245
2023-01-15 23:00:00+02:00,4,0.248
2023-01-16 00:00:00+02:00,4,0.261
2023-01-16 01:00:00+02:00,4,0.367
2023-01-16 02:00:00+02:00,4,0.431
2023-01-16 03:00:00+02:00,4,0.441
2023-01-16 04:00:00+02:00,4,0.729
2023-01-16 05:00:00+02:00,4,0.712
2023-01-16 06:00:00+02:00,4,0.756
2023-01-16 07:00:00+02:00,4,3.753
2023-01-16 08:00:00+02:00,4,4.397
2023-01-16 09:00:00+02:00,4,2.139
2023-01-16 10:00:00+02:00,4,0.516
2023-01-16 11:00:00+02:00,4,0.131
2023-01-16 12:00:00+02:00,4,0.062
2023-01-16 13:00:00+02:00,4,0.023
2023-01-16 14:00:00+02:00,4,0.015
2023-01-16 15:00:00+02:00,4,2.998
2023-01-16 16:00:00+02:00,4,6.932
2023-01-16 17:00:00+02:00,4,25.899
2023-01-16 18:00:00+02:00,4,48.216
2023-01-16 19:00:00+02:00,4,88.711
2023-01-16 20:00:00+02:00,4,133.835
2023-01-16 21:00:00+02:00,4,203.370
2023-01-16 22:00:00+02:00,4,252.732
2023-01-16 23:00:00+02:00,4,271.277
2023-01-17 00:00:00+02:00,4,271.955
2023-01-17 01:00:00+02:00,4,262.750
2023-01-17 02:00:00+02:00,4,244.854
2023-01-17 03:00:00+02:00,4,214.239
2023-01-17 04:00:00+02:00,4,186.422
2023-01-17 05:00:00+02:00,4,176.199
2023-01-17 06:00:00+02:00,4,166.352
2023-01-17 07:00:00+02:00,4,149.947
2023-01-17 08:00:00+02:00,4,140.725
2023-01-17 09:00:00+02:00,4,133.236
2023-01-17 10:00:00+02:00,4,127.207
2023-01-17 11:00:00+02:00,4,123.616
2023-01-17 12:00:00+02:00,4,121.024
2023-01-17 13:00:00+02:00,4,119.574
2023-01-17 14:00:00+02:00,4,120.756
2023-01-17 15:00:00+02:00,4,123.377
2023-01-17 16:00:00+02:00,4,125.377
2023-01-17 17:00:00+02:00,4,127.353
2023-01-17 18:00:00+02:00,4,134.624
2023-01-17 19:00:00+02:00,4,135.494
2023-01-17 20:00:00+02:00,4,133.956
2023-01-17 21:00:00+02:00,4,133.512
2023-01-17 22:00:00+02:00,4,132.500
2023-01-17 23:00:00+02:00,4,130.582
2023-01-18 00:00:00+02:00,4,128.053
2023-01-18 01:00:00+02:00,4,125.148
2023-01-18 02:00:00+02:00,4,121.852
2023-01-18 03:00:00+02:00,4,118.701
2023-01-18 04:00:00+02:00,4,115.780
2023-01-18 05:00:00+02:00,4,113.440
2023-01-18 06:00:00+02:00,4,111.246
2023-01-18 07:00:00+02:00,4,109.510
2023-01-18 08:00:00+02:00,4,107.851
2023-01-18 09:00:00+02:00,4,106.356
2023-01-18 10:00:00+02:00,4,105.558
2023-01-18 11:00:00+02:00,4,104.972
2023-01-18 12:00:00+02:00,4,104.132
2023-01-18 13:00:00+02:00,4,105.697
2023-01-18 14:00:00+02:00,4,107.880
2023-01-18 15:00:00+02:00,4,109.245
2023-01-18 16:00:00+02:00,4,111.705
2023-01-18 17:00:00+02:00,4,114.603
2023-01-18 18:00:00+02:00,4,115.109
2023-01-18 19:00:00+02:00,4,116.848
2023-01-18 20:00:00+02:00,4,116.736
2023-01-18 21:00:00+02:00,4,118.162
2023-01-18 22:00:00+02:00,4,118.232
2023-01-18 23:00:00+02:00,4,118.583
2023-01-19 00:00:00+02:00,4,118.206
2023-01-19 01:00:00+02:00,4,118.120
2023-01-19 02:00:00+02:00,4,119.946
2023-01-19 03:00:00+02:00,4,117.569
2023-01-19 04:00:00+02:00,4,115.594
2023-01-19 05:00:00+02:00,4,113.770
2023-01-19 06:00:00+02:00,4,111.671
2023-01-19 07:00:00+02:00,4,109.582
2023-01-19 08:00:00+02:00,4,108.860
2023-01-19 09:00:00+02:00,4,106.790
2023-01-19 10:00:00+02:00,4,106.070
2023-01-19 11:00:00+02:00,4,105.617
2023-01-19 12:00:00+02:00,4,104.811
2023-01-19 13:00:00+02:00,4,104.771
2023-01-19 14:00:00+02:00,4,103.998
2023-01-19 15:00:00+02:00,4,102.927
2023-01-19 16:00:00+02:00,4,98.620
2023-01-19 17:00:00+02:00,4,38.463
2023-01-19 18:00:00+02:00,4,53.011
2023-01-19 19:00:00+02:00,4,57.675
2023-01-19 20:00:00+02:00,4,61.409
2023-01-19 21:00:00+02:00,4,59.871
2023-01-19 22:00:00+02:00,4,62.530
2023-01-19 23:00:00+02:00,4,60.952
2023-01-20 00:00:00+02:00,4,54.920
2023-01-20 01:00:00+02:00,4,61.259
2023-01-20 02:00:00+02:00,4,62.221
2023-01-20 03:00:00+02:00,4,63.932
2023-01-20 04:00:00+02:00,4,63.683
2023-01-20 05:00:00+02:00,4,62.454
2023-01-20 06:00:00+02:00,4,59.532
2023-01-20 06:00:00+02:00,4,58.203
2023-01-20 07:00:00+02:00,4,66.953
2023-01-20 08:00:00+02:00,4,84.710
2023-01-20 09:00:00+02:00,4,86.689
2023-01-20 10:00:00+02:00,4,15.556
2023-01-20 11:00:00+02:00,4,0.329
2023-01-20 12:00:00+02:00,4,0.001
2023-01-20 13:00:00+02:00,4,0.000
2023-01-20 14:00:00+02:00,4,0.000
2023-01-20 15:00:00+02:00,4,0.000
2023-01-20 16:00:00+02:00,4,0.000
2023-01-20 17:00:00+02:00,4,0.000
2023-01-20 18:00:00+02:00,4,0.000
2023-01-20 19:00:00+02:00,4,0.000
2023-01-20 20:00:00+02:00,4,0.000
2023-01-20 21:00:00+02:00,4,-0.000
2023-01-20 22:00:00+02:00,4,82.299
2023-01-20 23:00:00+02:00,4,191.198
2023-01-21 00:00:00+02:00,4,245.279
2023-01-21 01:00:00+02:00,4,261.316
2023-01-21 02:00:00+02:00,4,343.244
2023-01-21 03:00:00+02:00,4,287.869
2023-01-21 04:00:00+02:00,4,234.372
2023-01-21 05:00:00+02:00,4,205.750
2023-01-21 06:00:00+02:00,4,195.079
2023-01-21 07:00:00+02:00,4,196.198
2023-01-21 08:00:00+02:00,4,202.297
2023-01-21 09:00:00+02:00,4,200.712
2023-01-21 10:00:00+02:00,4,160.394
2023-01-21 11:00:00+02:00,4,8.192
2023-01-21 12:00:00+02:00,4,0.029
2023-01-21 13:00:00+02:00,4,0.000
2023-01-21 14:00:00+02:00,4,0.000
2023-01-21 15:00:00+02:00,4,0.000
2023-01-21 16:00:00+02:00,4,0.000
2023-01-21 17:00:00+02:00,4,0.000
2023-01-21 18:00:00+02:00,4,0.000
2023-01-21 19:00:00+02:00,4,0.000
2023-01-21 20:00:00+02:00,4,0.000
2023-01-21 21:00:00+02:00,4,-0.000
2023-01-21 22:00:00+02:00,4,82.299
2023-01-21 23:00:00+02:00,4,191.198
2023-01-22 00:00:00+02:00,4,245.279
2023-01-22 01:00:00+02:00,4,261.316
2023-01-22 02:00:00+02:00,4,343.245
2023-01-22 03:00:00+02:00,4,287.884
2023-01-22 04:00:00+02:00,4,234.432
2023-01-22 05:00:00+02:00,4,205.886
2022-12-30 06:00:00+02:00,5,22.376
2022-12-30 07:00:00+02:00,5,21.915
2022-12-30 08:00:00+02:00,5,21.463
2022-12-30 09:00:00+02:00,5,21.237
2022-12-30 10:00:00+02:00,5,20.747
2022-12-30 11:00:00+02:00,5,20.299
2022-12-30 12:00:00+02:00,5,19.875
2022-12-30 13:00:00+02:00,5,19.464
2022-12-30 14:00:00+02:00,5,19.061
2022-12-30 15:00:00+02:00,5,18.668
2022-12-30 16:00:00+02:00,5,18.283
2022-12-30 17:00:00+02:00,5,17.906
2022-12-30 18:00:00+02:00,5,17.537
2022-12-30 19:00:00+02:00,5,19.068
2022-12-30 20:00:00+02:00,5,20.039
2022-12-30 21:00:00+02:00,5,19.618
2022-12-30 22:00:00+02:00,5,19.803
2022-12-30 23:00:00+02:00,5,20.721
2022-12-31 00:00:00+02:00,5,22.116
2022-12-31 01:00:00+02:00,5,22.794
2022-12-31 02:00:00+02:00,5,22.923
2022-12-31 03:00:00+02:00,5,22.753
2022-12-31 04:00:00+02:00,5,22.605
2022-12-31 05:00:00+02:00,5,22.703
2022-12-31 06:00:00+02:00,5,22.228
2022-12-31 07:00:00+02:00,5,21.743
2022-12-31 08:00:00+02:00,5,21.326
2022-12-31 09:00:00+02:00,5,20.838
2022-12-31 10:00:00+02:00,5,16.014
2022-12-31 11:00:00+02:00,5,4.495
2022-12-31 12:00:00+02:00,5,0.374
2022-12-31 13:00:00+02:00,5,0.030
2022-12-31 14:00:00+02:00,5,0.006
2022-12-31 15:00:00+02:00,5,0.001
2022-12-31 16:00:00+02:00,5,0.000
2022-12-31 17:00:00+02:00,5,0.000
2022-12-31 18:00:00+02:00,5,0.000
2022-12-31 19:00:00+02:00,5,0.000
2022-12-31 20:00:00+02:00,5,0.000
2022-12-31 21:00:00+02:00,5,0.000
2022-12-31 22:00:00+02:00,5,0.000
2022-12-31 23:00:00+02:00,5,0.153
2023-01-01 00:00:00+02:00,5,1.482
2023-01-01 01:00:00+02:00,5,4.274
2023-01-01 02:00:00+02:00,5,6.415
2023-01-01 03:00:00+02:00,5,7.686
2023-01-01 04:00:00+02:00,5,8.803
2023-01-01 05:00:00+02:00,5,10.043
2023-01-01 06:00:00+02:00,5,11.255
2023-01-01 07:00:00+02:00,5,15.665
2023-01-01 08:00:00+02:00,5,23.041
2023-01-01 09:00:00+02:00,5,26.815
2023-01-01 10:00:00+02:00,5,22.104
2023-01-01 11:00:00+02:00,5,12.513
2023-01-01 12:00:00+02:00,5,5.338
2023-01-01 13:00:00+02:00,5,1.991
2023-01-01 14:00:00+02:00,5,0.877
2023-01-01 15:00:00+02:00,5,0.531
2023-01-01 16:00:00+02:00,5,1.003
2023-01-01 17:00:00+02:00,5,2.854
2023-01-01 18:00:00+02:00,5,11.319
2023-01-01 19:00:00+02:00,5,30.507
2023-01-01 20:00:00+02:00,5,53.721
2023-01-01 21:00:00+02:00,5,71.471
2023-01-01 22:00:00+02:00,5,96.195
2023-01-01 23:00:00+02:00,5,140.202
2023-01-02 00:00:00+02:00,5,192.268
2023-01-02 01:00:00+02:00,5,219.782
2023-01-02 02:00:00+02:00,5,240.566
2023-01-02 03:00:00+02:00,5,255.874
2023-01-02 04:00:00+02:00,5,263.557
2023-01-02 05:00:00+02:00,5,265.308
2023-01-02 06:00:00+02:00,5,264.191
2023-01-02 07:00:00+02:00,5,260.503
2023-01-02 08:00:00+02:00,5,255.221
2023-01-02 09:00:00+02:00,5,249.301
2023-01-02 10:00:00+02:00,5,243.691
2023-01-02 11:00:00+02:00,5,238.354
2023-01-02 12:00:00+02:00,5,233.371
2023-01-02 13:00:00+02:00,5,176.847
2023-01-02 14:00:00+02:00,5,90.342
2023-01-02 15:00:00+02:00,5,56.833
2023-01-02 16:00:00+02:00,5,35.776
2023-01-02 17:00:00+02:00,5,33.852
2023-01-02 18:00:00+02:00,5,55.475
2023-01-02 19:00:00+02:00,5,66.354
2023-01-02 20:00:00+02:00,5,93.837
2023-01-02 21:00:00+02:00,5,131.716
2023-01-02 22:00:00+02:00,5,153.838
2023-01-02 23:00:00+02:00,5,170.106
2023-01-03 00:00:00+02:00,5,174.283
2023-01-03 01:00:00+02:00,5,174.977
2023-01-03 02:00:00+02:00,5,174.627
2023-01-03 03:00:00+02:00,5,175.821
2023-01-03 04:00:00+02:00,5,177.104
2023-01-03 05:00:00+02:00,5,178.168
2023-01-03 06:00:00+02:00,5,181.163
2023-01-03 07:00:00+02:00,5,188.392
2023-01-03 08:00:00+02:00,5,193.385
2023-01-03 09:00:00+02:00,5,194.450
2023-01-03 10:00:00+02:00,5,192.684
2023-01-03 11:00:00+02:00,5,189.737
2023-01-03 12:00:00+02:00,5,186.311
2023-01-03 13:00:00+02:00,5,182.563
2023-01-03 14:00:00+02:00,5,178.894
2023-01-03 15:00:00+02:00,5,174.996
2023-01-03 16:00:00+02:00,5,170.005
2023-01-03 17:00:00+02:00,5,163.083
2023-01-03 18:00:00+02:00,5,155.485
2023-01-03 19:00:00+02:00,5,161.794
2023-01-03 20:00:00+02:00,5,161.053
2023-01-03 21:00:00+02:00,5,152.026
2023-01-03 22:00:00+02:00,5,147.920
2023-01-03 23:00:00+02:00,5,143.405
2023-01-04 00:00:00+02:00,5,140.644
2023-01-04 01:00:00+02:00,5,138.295
2023-01-04 02:00:00+02:00,5,137.973
2023-01-04 03:00:00+02:00,5,145.055
2023-01-04 04:00:00+02:00,5,155.719
2023-01-04 05:00:00+02:00,5,171.432
2023-01-04 06:00:00+02:00,5,183.814
2023-01-04 07:00:00+02:00,5,197.735
2023-01-04 08:00:00+02:00,5,206.131
2023-01-04 09:00:00+02:00,5,212.786
2023-01-04 10:00:00+02:00,5,213.153
2023-01-04 11:00:00+02:00,5,210.801
2023-01-04 12:00:00+02:00,5,207.203
2023-01-04 13:00:00+02:00,5,186.362
2023-01-04 14:00:00+02:00,5,187.834
2023-01-04 15:00:00+02:00,5,186.144
2023-01-04 16:00:00+02:00,5,116.568
2023-01-04 17:00:00+02:00,5,85.208
2023-01-04 18:00:00+02:00,5,78.564
2023-01-04 19:00:00+02:00,5,76.245
2023-01-04 20:00:00+02:00,5,73.526
2023-01-04 21:00:00+02:00,5,71.245
2023-01-04 22:00:00+02:00,5,69.018
2023-01-04 23:00:00+02:00,5,67.510
2023-01-05 00:00:00+02:00,5,65.742
2023-01-05 01:00:00+02:00,5,64.255
2023-01-05 02:00:00+02:00,5,62.880
2023-01-05 03:00:00+02:00,5,61.557
2023-01-05 04:00:00+02:00,5,60.278
2023-01-05 05:00:00+02:00,5,59.033
2023-01-05 06:00:00+02:00,5,57.842
2023-01-05 07:00:00+02:00,5,56.643
2023-01-05 08:00:00+02:00,5,55.474
2023-01-05 09:00:00+02:00,5,54.330
2023-01-05 10:00:00+02:00,5,53.209
2023-01-05 11:00:00+02:00,5,52.112
2023-01-05 12:00:00+02:00,5,51.037
2023-01-05 13:00:00+02:00,5,49.985
2023-01-05 14:00:00+02:00,5,48.955
2023-01-05 15:00:00+02:00,5,47.945
2023-01-05 16:00:00+02:00,5,46.957
2023-01-05 17:00:00+02:00,5,45.989
2023-01-05 18:00:00+02:00,5,45.040
2023-01-05 19:00:00+02:00,5,231.921
2023-01-05 20:00:00+02:00,5,429.864
2023-01-05 21:00:00+02:00,5,485.994
2023-01-05 22:00:00+02:00,5,647.133
2023-01-05 23:00:00+02:00,5,617.245
2023-01-06 00:00:00+02:00,5,594.268
2023-01-06 01:00:00+02:00,5,567.158
2023-01-06 02:00:00+02:00,5,547.812
2023-01-06 03:00:00+02:00,5,533.562
2023-01-06 04:00:00+02:00,5,521.484
2023-01-06 05:00:00+02:00,5,510.344
2023-01-06 06:00:00+02:00,5,499.683
2023-01-06 07:00:00+02:00,5,489.331
2023-01-06 08:00:00+02:00,5,479.224
2023-01-06 09:00:00+02:00,5,469.337
2023-01-06 10:00:00+02:00,5,459.658
2023-01-06 11:00:00+02:00,5,450.180
2023-01-06 12:00:00+02:00,5,440.898
2023-01-06 13:00:00+02:00,5,431.808
2023-01-06 14:00:00+02:00,5,422.905
2023-01-06 15:00:00+02:00,5,414.186
2023-01-06 16:00:00+02:00,5,405.646
2023-01-06 17:00:00+02:00,5,397.282
2023-01-06 18:00:00+02:00,5,389.091
2023-01-06 19:00:00+02:00,5,381.069
2023-01-06 20:00:00+02:00,5,373.212
2023-01-06 21:00:00+02:00,5,365.517
2023-01-06 22:00:00+02:00,5,465.076
2023-01-06 23:00:00+02:00,5,511.472
2023-01-07 00:00:00+02:00,5,477.356
2023-01-07 01:00:00+02:00,5,457.195
2023-01-07 02:00:00+02:00,5,443.740
2023-01-07 03:00:00+02:00,5,473.575
2023-01-07 04:00:00+02:00,5,461.116
2023-01-07 05:00:00+02:00,5,448.191
2023-01-07 06:00:00+02:00,5,438.134
2023-01-07 07:00:00+02:00,5,429.078
2023-01-07 08:00:00+02:00,5,420.179
2023-01-07 09:00:00+02:00,5,411.497
2023-01-07 10:00:00+02:00,5,403.009
2023-01-07 11:00:00+02:00,5,394.698
2023-01-07 12:00:00+02:00,5,386.560
2023-01-07 13:00:00+02:00,5,378.590
2023-01-07 14:00:00+02:00,5,370.785
2023-01-07 15:00:00+02:00,5,363.140
2023-01-07 16:00:00+02:00,5,355.653
2023-01-07 17:00:00+02:00,5,348.320
2023-01-07 18:00:00+02:00,5,341.150
2023-01-07 19:00:00+02:00,5,334.115
2023-01-07 20:00:00+02:00,5,327.259
2023-01-07 21:00:00+02:00,5,320.511
2023-01-07 22:00:00+02:00,5,314.090
2023-01-07 23:00:00+02:00,5,307.862
2023-01-08 00:00:00+02:00,5,301.907
2023-01-08 01:00:00+02:00,5,295.793
2023-01-08 02:00:00+02:00,5,289.937
2023-01-08 03:00:00+02:00,5,284.356
2023-01-08 04:00:00+02:00,5,278.706
2023-01-08 05:00:00+02:00,5,273.262
2023-01-08 06:00:00+02:00,5,268.083
2023-01-08 07:00:00+02:00,5,262.682
2023-01-08 08:00:00+02:00,5,257.220
2023-01-08 09:00:00+02:00,5,242.005
2023-01-08 10:00:00+02:00,5,107.061
2023-01-08 11:00:00+02:00,5,23.524
2023-01-08 12:00:00+02:00,5,9.973
2023-01-08 13:00:00+02:00,5,2.862
2023-01-08 14:00:00+02:00,5,0.666
2023-01-08 15:00:00+02:00,5,0.131
2023-01-08 16:00:00+02:00,5,0.063
2023-01-08 17:00:00+02:00,5,0.054
2023-01-08 18:00:00+02:00,5,0.188
2023-01-08 19:00:00+02:00,5,1.366
2023-01-08 20:00:00+02:00,5,13.158
2023-01-08 21:00:00+02:00,5,45.597
2023-01-08 22:00:00+02:00,5,119.555
2023-01-08 23:00:00+02:00,5,175.997
2023-01-09 00:00:00+02:00,5,209.702
2023-01-09 01:00:00+02:00,5,245.128
2023-01-09 02:00:00+02:00,5,281.420
2023-01-09 03:00:00+02:00,5,321.934
2023-01-09 04:00:00+02:00,5,361.152
2023-01-09 05:00:00+02:00,5,392.248
2023-01-09 06:00:00+02:00,5,408.054
2023-01-09 07:00:00+02:00,5,416.787
2023-01-09 08:00:00+02:00,5,415.359
2023-01-09 09:00:00+02:00,5,410.974
2023-01-09 10:00:00+02:00,5,406.671
2023-01-09 11:00:00+02:00,5,401.770
2023-01-09 12:00:00+02:00,5,396.343
2023-01-09 13:00:00+02:00,5,393.873
2023-01-09 14:00:00+02:00,5,392.007
2023-01-09 15:00:00+02:00,5,386.182
2023-01-09 16:00:00+02:00,5,380.739
2023-01-09 17:00:00+02:00,5,382.547
2023-01-09 18:00:00+02:00,5,385.902
2023-01-09 19:00:00+02:00,5,386.222
2023-01-09 20:00:00+02:00,5,381.893
2023-01-09 21:00:00+02:00,5,374.538
2023-01-09 22:00:00+02:00,5,365.448
2023-01-09 23:00:00+02:00,5,352.835
2023-01-10 00:00:00+02:00,5,331.973
2023-01-10 01:00:00+02:00,5,305.833
2023-01-10 02:00:00+02:00,5,281.959
2023-01-10 03:00:00+02:00,5,262.820
2023-01-10 04:00:00+02:00,5,245.487
2023-01-10 05:00:00+02:00,5,227.482
2023-01-10 06:00:00+02:00,5,207.685
2023-01-10 07:00:00+02:00,5,187.820
2023-01-10 08:00:00+02:00,5,170.426
2023-01-10 09:00:00+02:00,5,153.745
2023-01-10 10:00:00+02:00,5,143.616
2023-01-10 11:00:00+02:00,5,136.096
2023-01-10 12:00:00+02:00,5,131.638
2023-01-10 13:00:00+02:00,5,127.874
2023-01-10 14:00:00+02:00,5,123.660
2023-01-10 15:00:00+02:00,5,121.752
2023-01-10 16:00:00+02:00,5,122.643
2023-01-10 17:00:00+02:00,5,124.108
2023-01-10 18:00:00+02:00,5,125.204
2023-01-10 19:00:00+02:00,5,127.497
2023-01-10 20:00:00+02:00,5,127.932
2023-01-10 21:00:00+02:00,5,129.386
2023-01-10 22:00:00+02:00,5,129.614
2023-01-10 23:00:00+02:00,5,131.281
2023-01-11 00:00:00+02:00,5,131.398
2023-01-11 01:00:00+02:00,5,131.372
2023-01-11 02:00:00+02:00,5,129.875
2023-01-11 03:00:00+02:00,5,127.248
2023-01-11 04:00:00+02:00,5,124.910
2023-01-11 05:00:00+02:00,5,122.753
2023-01-11 06:00:00+02:00,5,120.518
2023-01-11 07:00:00+02:00,5,118.150
2023-01-11 08:00:00+02:00,5,115.088
2023-01-11 09:00:00+02:00,5,113.211
2023-01-11 10:00:00+02:00,5,111.920
2023-01-11 11:00:00+02:00,5,110.529
2023-01-11 12:00:00+02:00,5,108.493
2023-01-11 13:00:00+02:00,5,106.553
2023-01-11 14:00:00+02:00,5,104.862
2023-01-11 15:00:00+02:00,5,103.967
2023-01-11 16:00:00+02:00,5,105.023
2023-01-11 17:00:00+02:00,5,112.013
2023-01-11 18:00:00+02:00,5,122.149
2023-01-11 19:00:00+02:00,5,131.830
2023-01-11 20:00:00+02:00,5,141.386
2023-01-11 21:00:00+02:00,5,148.014
2023-01-11 22:00:00+02:00,5,151.314
2023-01-11 23:00:00+02:00,5,151.100
2023-01-12 00:00:00+02:00,5,147.534
2023-01-12 01:00:00+02:00,5,142.566
2023-01-12 02:00:00+02:00,5,137.529
2023-01-12 03:00:00+02:00,5,131.664
2023-01-12 04:00:00+02:00,5,126.426
2023-01-12 05:00:00+02:00,5,122.261
2023-01-12 06:00:00+02:00,5,118.390
2023-01-12 07:00:00+02:00,5,116.624
2023-01-12 08:00:00+02:00,5,115.660
2023-01-12 09:00:00+02:00,5,114.633
2023-01-12 10:00:00+02:00,5,112.654
2023-01-12 11:00:00+02:00,5,110.942
2023-01-12 12:00:00+02:00,5,109.497
2023-01-12 13:00:00+02:00,5,108.331
2023-01-12 14:00:00+02:00,5,109.469
2023-01-12 15:00:00+02:00,5,111.282
2023-01-12 16:00:00+02:00,5,113.619
2023-01-12 17:00:00+02:00,5,116.022
2023-01-12 18:00:00+02:00,5,119.831
2023-01-12 19:00:00+02:00,5,124.722
2023-01-12 20:00:00+02:00,5,127.987
2023-01-12 21:00:00+02:00,5,130.772
2023-01-12 22:00:00+02:00,5,132.211
2023-01-12 23:00:00+02:00,5,131.748
2023-01-13 00:00:00+02:00,5,129.916
2023-01-13 01:00:00+02:00,5,126.123
2023-01-13 02:00:00+02:00,5,121.634
2023-01-13 03:00:00+02:00,5,116.566
2023-01-13 04:00:00+02:00,5,114.051
2023-01-13 05:00:00+02:00,5,112.488
2023-01-13 06:00:00+02:00,5,112.083
2023-01-13 07:00:00+02:00,5,112.086
2023-01-13 08:00:00+02:00,5,111.468
2023-01-13 09:00:00+02:00,5,110.791
2023-01-13 10:00:00+02:00,5,109.254
2023-01-13 11:00:00+02:00,5,107.422
2023-01-13 12:00:00+02:00,5,105.517
2023-01-13 13:00:00+02:00,5,103.808
2023-01-13 14:00:00+02:00,5,103.104
2023-01-13 15:00:00+02:00,5,104.449
2023-01-13 16:00:00+02:00,5,105.880
2023-01-13 17:00:00+02:00,5,110.450
2023-01-13 18:00:00+02:00,5,114.588
2023-01-13 19:00:00+02:00,5,117.916
2023-01-13 20:00:00+02:00,5,120.263
2023-01-13 21:00:00+02:00,5,123.736
2023-01-13 22:00:00+02:00,5,124.923
2023-01-13 23:00:00+02:00,5,126.479
2023-01-14 00:00:00+02:00,5,127.143
2023-01-14 01:00:00+02:00,5,125.376
2023-01-14 02:00:00+02:00,5,121.698
2023-01-14 03:00:00+02:00,5,118.521
2023-01-14 04:00:00+02:00,5,115.861
2023-01-14 05:00:00+02:00,5,113.372
2023-01-14 06:00:00+02:00,5,110.971
2023-01-14 07:00:00+02:00,5,108.682
2023-01-14 08:00:00+02:00,5,106.332
2023-01-14 09:00:00+02:00,5,84.329
2023-01-14 10:00:00+02:00,5,55.787
2023-01-14 11:00:00+02:00,5,22.961
2023-01-14 12:00:00+02:00,5,3.716
2023-01-14 13:00:00+02:00,5,0.712
2023-01-14 14:00:00+02:00,5,0.190
2023-01-14 15:00:00+02:00,5,0.054
2023-01-14 16:00:00+02:00,5,0.016
2023-01-14 17:00:00+02:00,5,0.007
2023-01-14 18:00:00+02:00,5,0.002
2023-01-14 19:00:00+02:00,5,0.001
2023-01-14 20:00:00+02:00,5,0.000
2023-01-14 21:00:00+02:00,5,0.000
2023-01-14 22:00:00+02:00,5,0.000
2023-01-14 23:00:00+02:00,5,0.000
2023-01-15 00:00:00+02:00,5,0.000
2023-01-15 01:00:00+02:00,5,0.000
2023-01-15 02:00:00+02:00,5,0.000
2023-01-15 03:00:00+02:00,5,0.000
2023-01-15 04:00:00+02:00,5,0.000
2023-01-15 05:00:00+02:00,5,0.000
2023-01-15 06:00:00+02:00,5,0.002
2023-01-15 07:00:00+02:00,5,0.103
2023-01-15 08:00:00+02:00,5,0.707
2023-01-15 09:00:00+02:00,5,0.741
2023-01-15 10:00:00+02:00,5,0.834
2023-01-15 11:00:00+02:00,5,1.158
2023-01-15 12:00:00+02:00,5,2.677
2023-01-15 13:00:00+02:00,5,5.394
2023-01-15 14:00:00+02:00,5,8.090
2023-01-15 15:00:00+02:00,5,4.704
2023-01-15 16:00:00+02:00,5,1.352
2023-01-15 17:00:00+02:00,5,0.603
2023-01-15 18:00:00+02:00,5,0.305
2023-01-15 19:00:00+02:00,5,0.275
2023-01-15 20:00:00+02:00,5,0.260
2023-01-15 21:00:00+02:00,5,0.251
2023-01-15 22:00:00+02:00,5,0.246
2023-01-15 23:00:00+02:00,5,0.263
2023-01-16 00:00:00+02:00,5,0.290
2023-01-16 01:00:00+02:00,5,0.509
2023-01-16 02:00:00+02:00,5,0.486
2023-01-16 03:00:00+02:00,5,0.460
2023-01-16 04:00:00+02:00,5,1.317
2023-01-16 05:00:00+02:00,5,1.561
2023-01-16 06:00:00+02:00,5,3.767
2023-01-16 07:00:00+02:00,5,4.903
2023-01-16 08:00:00+02:00,5,5.824
2023-01-16 09:00:00+02:00,5,4.913
2023-01-16 10:00:00+02:00,5,3.040
2023-01-16 11:00:00+02:00,5,1.928
2023-01-16 12:00:00+02:00,5,2.723
2023-01-16 13:00:00+02:00,5,3.741
2023-01-16 14:00:00+02:00,5,6.246
2023-01-16 15:00:00+02:00,5,12.250
2023-01-16 16:00:00+02:00,5,22.045
2023-01-16 17:00:00+02:00,5,49.104
2023-01-16 18:00:00+02:00,5,88.128
2023-01-16 19:00:00+02:00,5,144.307
2023-01-16 20:00:00+02:00,5,200.913
2023-01-16 21:00:00+02:00,5,258.954
2023-01-16 22:00:00+02:00,5,289.019
2023-01-16 23:00:00+02:00,5,288.650
2023-01-17 00:00:00+02:00,5,272.724
2023-01-17 01:00:00+02:00,5,251.294
2023-01-17 02:00:00+02:00,5,228.015
2023-01-17 03:00:00+02:00,5,200.422
2023-01-17 04:00:00+02:00,5,175.657
2023-01-17 05:00:00+02:00,5,164.574
2023-01-17 06:00:00+02:00,5,153.748
2023-01-17 07:00:00+02:00,5,141.894
2023-01-17 08:00:00+02:00,5,133.399
2023-01-17 09:00:00+02:00,5,127.950
2023-01-17 10:00:00+02:00,5,124.401
2023-01-17 11:00:00+02:00,5,122.709
2023-01-17 12:00:00+02:00,5,121.542
2023-01-17 13:00:00+02:00,5,122.259
2023-01-17 14:00:00+02:00,5,125.783
2023-01-17 15:00:00+02:00,5,129.760
2023-01-17 16:00:00+02:00,5,132.999
2023-01-17 17:00:00+02:00,5,134.911
2023-01-17 18:00:00+02:00,5,138.148
2023-01-17 19:00:00+02:00,5,138.592
2023-01-17 20:00:00+02:00,5,137.522
2023-01-17 21:00:00+02:00,5,136.357
2023-01-17 22:00:00+02:00,5,134.312
2023-01-17 23:00:00+02:00,5,131.356
2023-01-18 00:00:00+02:00,5,127.867
2023-01-18 01:00:00+02:00,5,124.356
2023-01-18 02:00:00+02:00,5,120.977
2023-01-18 03:00:00+02:00,5,118.025
2023-01-18 04:00:00+02:00,5,115.723
2023-01-18 05:00:00+02:00,5,113.630
2023-01-18 06:00:00+02:00,5,111.717
2023-01-18 07:00:00+02:00,5,110.263
2023-01-18 08:00:00+02:00,5,109.032
2023-01-18 09:00:00+02:00,5,107.834
2023-01-18 10:00:00+02:00,5,107.466
2023-01-18 11:00:00+02:00,5,107.655
2023-01-18 12:00:00+02:00,5,108.479
2023-01-18 13:00:00+02:00,5,110.727
2023-01-18 14:00:00+02:00,5,113.429
2023-01-18 15:00:00+02:00,5,116.091
2023-01-18 16:00:00+02:00,5,119.070
2023-01-18 17:00:00+02:00,5,121.789
2023-01-18 18:00:00+02:00,5,123.088
2023-01-18 19:00:00+02:00,5,124.495
2023-01-18 20:00:00+02:00,5,124.844
2023-01-18 21:00:00+02:00,5,125.507
2023-01-18 22:00:00+02:00,5,125.243
2023-01-18 23:00:00+02:00,5,124.806
2023-01-19 00:00:00+02:00,5,124.088
2023-01-19 01:00:00+02:00,5,123.505
2023-01-19 02:00:00+02:00,5,122.114
2023-01-19 03:00:00+02:00,5,118.408
2023-01-19 04:00:00+02:00,5,116.020
2023-01-19 05:00:00+02:00,5,114.338
2023-01-19 06:00:00+02:00,5,112.092
2023-01-19 07:00:00+02:00,5,110.306
2023-01-19 08:00:00+02:00,5,109.969
2023-01-19 09:00:00+02:00,5,108.556
2023-01-19 10:00:00+02:00,5,107.846
2023-01-19 11:00:00+02:00,5,107.431
2023-01-19 12:00:00+02:00,5,107.318
2023-01-19 13:00:00+02:00,5,108.577
2023-01-19 14:00:00+02:00,5,110.241
2023-01-19 15:00:00+02:00,5,112.801
2023-01-19 16:00:00+02:00,5,114.188
2023-01-19 17:00:00+02:00,5,78.355
2023-01-19 18:00:00+02:00,5,79.905
2023-01-19 19:00:00+02:00,5,76.572
2023-01-19 20:00:00+02:00,5,75.085
2023-01-19 21:00:00+02:00,5,68.219
2023-01-19 22:00:00+02:00,5,65.932
2023-01-19 23:00:00+02:00,5,62.923
2023-01-20 00:00:00+02:00,5,61.550
2023-01-20 01:00:00+02:00,5,68.377
2023-01-20 02:00:00+02:00,5,68.421
2023-01-20 03:00:00+02:00,5,69.017
2023-01-20 04:00:00+02:00,5,65.925
2023-01-20 05:00:00+02:00,5,63.447
2023-01-20 06:00:00+02:00,5,60.496
2023-01-20 06:00:00+02:00,5,58.578
2023-01-20 07:00:00+02:00,5,74.771
2023-01-20 08:00:00+02:00,5,94.692
2023-01-20 09:00:00+02:00,5,91.182
2023-01-20 10:00:00+02:00,5,37.707
2023-01-20 11:00:00+02:00,5,2.915
2023-01-20 12:00:00+02:00,5,0.053
2023-01-20 13:00:00+02:00,5,0.000
2023-01-20 14:00:00+02:00,5,0.000
2023-01-20 15:00:00+02:00,5,0.000
2023-01-20 16:00:00+02:00,5,0.000
2023-01-20 17:00:00+02:00,5,0.000
2023-01-20 18:00:00+02:00,5,0.000
2023-01-20 19:00:00+02:00,5,0.000
2023-01-20 20:00:00+02:00,5,0.000
2023-01-20 21:00:00+02:00,5,-0.000
2023-01-20 22:00:00+02:00,5,154.470
2023-01-20 23:00:00+02:00,5,241.327
2023-01-21 00:00:00+02:00,5,287.007
2023-01-21 01:00:00+02:00,5,325.550
2023-01-21 02:00:00+02:00,5,375.455
2023-01-21 03:00:00+02:00,5,264.866
2023-01-21 04:00:00+02:00,5,218.002
2023-01-21 05:00:00+02:00,5,199.208
2023-01-21 06:00:00+02:00,5,195.652
2023-01-21 07:00:00+02:00,5,199.452
2023-01-21 08:00:00+02:00,5,209.225
2023-01-21 09:00:00+02:00,5,203.831
2023-01-21 10:00:00+02:00,5,185.744
2023-01-21 11:00:00+02:00,5,34.722
2023-01-21 12:00:00+02:00,5,0.788
2023-01-21 13:00:00+02:00,5,0.003
2023-01-21 14:00:00+02:00,5,0.000
2023-01-21 15:00:00+02:00,5,0.000
2023-01-21 16:00:00+02:00,5,0.000
2023-01-21 17:00:00+02:00,5,0.000
2023-01-21 18:00:00+02:00,5,0.000
2023-01-21 19:00:00+02:00,5,0.000
2023-01-21 20:00:00+02:00,5,0.000
2023-01-21 21:00:00+02:00,5,-0.000
2023-01-21 22:00:00+02:00,5,154.470
2023-01-21 23:00:00+02:00,5,241.327
2023-01-22 00:00:00+02:00,5,287.007
2023-01-22 01:00:00+02:00,5,325.550
2023-01-22 02:00:00+02:00,5,375.456
2023-01-22 03:00:00+02:00,5,264.891
2023-01-22 04:00:00+02:00,5,218.093
2023-01-22 05:00:00+02:00,5,199.385
2022-12-30 06:00:00+02:00,6,64.683
2022-12-30 07:00:00+02:00,6,51.583
2022-12-30 08:00:00+02:00,6,41.960
2022-12-30 09:00:00+02:00,6,41.240
2022-12-30 10:00:00+02:00,6,30.861
2022-12-30 11:00:00+02:00,6,47.890
2022-12-30 12:00:00+02:00,6,31.851
2022-12-30 13:00:00+02:00,6,27.797
2022-12-30 14:00:00+02:00,6,21.443
2022-12-30 15:00:00+02:00,6,20.620
2022-12-30 16:00:00+02:00,6,19.801
2022-12-30 17:00:00+02:00,6,19.076
2022-12-30 18:00:00+02:00,6,18.269
2022-12-30 19:00:00+02:00,6,21.041
2022-12-30 20:00:00+02:00,6,22.112
2022-12-30 21:00:00+02:00,6,21.634
2022-12-30 22:00:00+02:00,6,21.780
2022-12-30 23:00:00+02:00,6,22.551
2022-12-31 00:00:00+02:00,6,23.643
2022-12-31 01:00:00+02:00,6,24.138
2022-12-31 02:00:00+02:00,6,24.178
2022-12-31 03:00:00+02:00,6,23.956
2022-12-31 04:00:00+02:00,6,23.757
2022-12-31 05:00:00+02:00,6,23.781
2022-12-31 06:00:00+02:00,6,23.274
2022-12-31 07:00:00+02:00,6,22.673
2022-12-31 08:00:00+02:00,6,22.237
2022-12-31 09:00:00+02:00,6,21.388
2022-12-31 10:00:00+02:00,6,18.898
2022-12-31 11:00:00+02:00,6,9.448
2022-12-31 12:00:00+02:00,6,1.769
2022-12-31 13:00:00+02:00,6,0.271
2022-12-31 14:00:00+02:00,6,0.076
2022-12-31 15:00:00+02:00,6,0.022
2022-12-31 16:00:00+02:00,6,0.009
2022-12-31 17:00:00+02:00,6,0.005
2022-12-31 18:00:00+02:00,6,0.003
2022-12-31 19:00:00+02:00,6,0.003
2022-12-31 20:00:00+02:00,6,0.002
2022-12-31 21:00:00+02:00,6,0.001
2022-12-31 22:00:00+02:00,6,0.003
2022-12-31 23:00:00+02:00,6,0.477
2023-01-01 00:00:00+02:00,6,2.629
2023-01-01 01:00:00+02:00,6,5.962
2023-01-01 02:00:00+02:00,6,8.323
2023-01-01 03:00:00+02:00,6,9.718
2023-01-01 04:00:00+02:00,6,10.944
2023-01-01 05:00:00+02:00,6,12.308
2023-01-01 06:00:00+02:00,6,13.646
2023-01-01 07:00:00+02:00,6,18.944
2023-01-01 08:00:00+02:00,6,28.649
2023-01-01 09:00:00+02:00,6,33.681
2023-01-01 10:00:00+02:00,6,30.879
2023-01-01 11:00:00+02:00,6,24.160
2023-01-01 12:00:00+02:00,6,15.332
2023-01-01 13:00:00+02:00,6,8.274
2023-01-01 14:00:00+02:00,6,4.716
2023-01-01 15:00:00+02:00,6,3.284
2023-01-01 16:00:00+02:00,6,4.211
2023-01-01 17:00:00+02:00,6,8.311
2023-01-01 18:00:00+02:00,6,24.286
2023-01-01 19:00:00+02:00,6,51.149
2023-01-01 20:00:00+02:00,6,77.988
2023-01-01 21:00:00+02:00,6,96.798
2023-01-01 22:00:00+02:00,6,122.182
2023-01-01 23:00:00+02:00,6,165.401
2023-01-02 00:00:00+02:00,6,213.127
2023-01-02 01:00:00+02:00,6,236.787
2023-01-02 02:00:00+02:00,6,253.710
2023-01-02 03:00:00+02:00,6,265.064
2023-01-02 04:00:00+02:00,6,269.443
2023-01-02 05:00:00+02:00,6,268.838
2023-01-02 06:00:00+02:00,6,265.827
2023-01-02 07:00:00+02:00,6,260.893
2023-01-02 08:00:00+02:00,6,255.007
2023-01-02 09:00:00+02:00,6,248.846
2023-01-02 10:00:00+02:00,6,243.244
2023-01-02 11:00:00+02:00,6,237.965
2023-01-02 12:00:00+02:00,6,233.007
2023-01-02 13:00:00+02:00,6,221.046
2023-01-02 14:00:00+02:00,6,173.447
2023-01-02 15:00:00+02:00,6,137.573
2023-01-02 16:00:00+02:00,6,105.957
2023-01-02 17:00:00+02:00,6,101.747
2023-01-02 18:00:00+02:00,6,116.400
2023-01-02 19:00:00+02:00,6,122.684
2023-01-02 20:00:00+02:00,6,140.020
2023-01-02 21:00:00+02:00,6,162.172
2023-01-02 22:00:00+02:00,6,172.925
2023-01-02 23:00:00+02:00,6,179.490
2023-01-03 00:00:00+02:00,6,179.624
2023-01-03 01:00:00+02:00,6,178.183
2023-01-03 02:00:00+02:00,6,176.707
2023-01-03 03:00:00+02:00,6,178.079
2023-01-03 04:00:00+02:00,6,180.186
2023-01-03 05:00:00+02:00,6,181.890
2023-01-03 06:00:00+02:00,6,185.465
2023-01-03 07:00:00+02:00,6,192.703
2023-01-03 08:00:00+02:00,6,196.823
2023-01-03 09:00:00+02:00,6,196.874
2023-01-03 10:00:00+02:00,6,194.342
2023-01-03 11:00:00+02:00,6,190.833
2023-01-03 12:00:00+02:00,6,186.943
2023-01-03 13:00:00+02:00,6,183.039
2023-01-03 14:00:00+02:00,6,179.114
2023-01-03 15:00:00+02:00,6,174.297
2023-01-03 16:00:00+02:00,6,168.304
2023-01-03 17:00:00+02:00,6,160.672
2023-01-03 18:00:00+02:00,6,153.112
2023-01-03 19:00:00+02:00,6,180.737
2023-01-03 20:00:00+02:00,6,159.363
2023-01-03 21:00:00+02:00,6,150.140
2023-01-03 22:00:00+02:00,6,146.455
2023-01-03 23:00:00+02:00,6,143.094
2023-01-04 00:00:00+02:00,6,141.383
2023-01-04 01:00:00+02:00,6,139.676
2023-01-04 02:00:00+02:00,6,141.156
2023-01-04 03:00:00+02:00,6,152.013
2023-01-04 04:00:00+02:00,6,165.393
2023-01-04 05:00:00+02:00,6,182.861
2023-01-04 06:00:00+02:00,6,195.373
2023-01-04 07:00:00+02:00,6,208.122
2023-01-04 08:00:00+02:00,6,214.598
2023-01-04 09:00:00+02:00,6,218.342
2023-01-04 10:00:00+02:00,6,216.540
2023-01-04 11:00:00+02:00,6,212.603
2023-01-04 12:00:00+02:00,6,207.780
2023-01-04 13:00:00+02:00,6,202.367
2023-01-04 14:00:00+02:00,6,197.877
2023-01-04 15:00:00+02:00,6,193.371
2023-01-04 16:00:00+02:00,6,163.750
2023-01-04 17:00:00+02:00,6,106.747
2023-01-04 18:00:00+02:00,6,85.385
2023-01-04 19:00:00+02:00,6,78.775
2023-01-04 20:00:00+02:00,6,74.965
2023-01-04 21:00:00+02:00,6,72.060
2023-01-04 22:00:00+02:00,6,69.623
2023-01-04 23:00:00+02:00,6,68.023
2023-01-05 00:00:00+02:00,6,65.998
2023-01-05 01:00:00+02:00,6,64.393
2023-01-05 02:00:00+02:00,6,62.948
2023-01-05 03:00:00+02:00,6,61.599
2023-01-05 04:00:00+02:00,6,60.304
2023-01-05 05:00:00+02:00,6,59.048
2023-01-05 06:00:00+02:00,6,57.878
2023-01-05 07:00:00+02:00,6,62.405
2023-01-05 08:00:00+02:00,6,59.293
2023-01-05 09:00:00+02:00,6,82.849
2023-01-05 10:00:00+02:00,6,91.546
2023-01-05 11:00:00+02:00,6,87.354
2023-01-05 12:00:00+02:00,6,81.842
2023-01-05 13:00:00+02:00,6,75.366
2023-01-05 14:00:00+02:00,6,63.610
2023-01-05 15:00:00+02:00,6,62.357
2023-01-05 16:00:00+02:00,6,110.199
2023-01-05 17:00:00+02:00,6,360.249
2023-01-05 18:00:00+02:00,6,618.643
2023-01-05 19:00:00+02:00,6,891.066
2023-01-05 20:00:00+02:00,6,1037.249
2023-01-05 21:00:00+02:00,6,1243.308
2023-01-05 22:00:00+02:00,6,1258.713
2023-01-05 23:00:00+02:00,6,1327.761
2023-01-06 00:00:00+02:00,6,1140.714
2023-01-06 01:00:00+02:00,6,717.008
2023-01-06 02:00:00+02:00,6,645.909
2023-01-06 03:00:00+02:00,6,675.710
2023-01-06 04:00:00+02:00,6,662.569
2023-01-06 05:00:00+02:00,6,627.888
2023-01-06 06:00:00+02:00,6,601.015
2023-01-06 07:00:00+02:00,6,582.025
2023-01-06 08:00:00+02:00,6,563.401
2023-01-06 09:00:00+02:00,6,536.747
2023-01-06 10:00:00+02:00,6,517.564
2023-01-06 11:00:00+02:00,6,508.575
2023-01-06 12:00:00+02:00,6,518.381
2023-01-06 13:00:00+02:00,6,524.041
2023-01-06 14:00:00+02:00,6,509.501
2023-01-06 15:00:00+02:00,6,494.299
2023-01-06 16:00:00+02:00,6,556.421
2023-01-06 17:00:00+02:00,6,564.777
2023-01-06 18:00:00+02:00,6,544.355
2023-01-06 19:00:00+02:00,6,557.530
2023-01-06 20:00:00+02:00,6,526.367
2023-01-06 21:00:00+02:00,6,638.721
2023-01-06 22:00:00+02:00,6,692.758
2023-01-06 23:00:00+02:00,6,741.612
2023-01-07 00:00:00+02:00,6,687.444
2023-01-07 01:00:00+02:00,6,643.775
2023-01-07 02:00:00+02:00,6,614.261
2023-01-07 03:00:00+02:00,6,661.868
2023-01-07 04:00:00+02:00,6,669.774
2023-01-07 05:00:00+02:00,6,569.755
2023-01-07 06:00:00+02:00,6,505.272
2023-01-07 07:00:00+02:00,6,489.911
2023-01-07 08:00:00+02:00,6,452.047
2023-01-07 09:00:00+02:00,6,425.289
2023-01-07 10:00:00+02:00,6,408.783
2023-01-07 11:00:00+02:00,6,396.739
2023-01-07 12:00:00+02:00,6,387.297
2023-01-07 13:00:00+02:00,6,379.076
2023-01-07 14:00:00+02:00,6,371.060
2023-01-07 15:00:00+02:00,6,363.274
2023-01-07 16:00:00+02:00,6,355.700
2023-01-07 17:00:00+02:00,6,348.360
2023-01-07 18:00:00+02:00,6,341.254
2023-01-07 19:00:00+02:00,6,334.207
2023-01-07 20:00:00+02:00,6,327.433
2023-01-07 21:00:00+02:00,6,320.669
2023-01-07 22:00:00+02:00,6,314.413
2023-01-07 23:00:00+02:00,6,308.256
2023-01-08 00:00:00+02:00,6,302.350
2023-01-08 01:00:00+02:00,6,296.240
2023-01-08 02:00:00+02:00,6,290.395
2023-01-08 03:00:00+02:00,6,284.829
2023-01-08 04:00:00+02:00,6,279.183
2023-01-08 05:00:00+02:00,6,273.747
2023-01-08 06:00:00+02:00,6,268.588
2023-01-08 07:00:00+02:00,6,263.188
2023-01-08 08:00:00+02:00,6,257.622
2023-01-08 09:00:00+02:00,6,250.123
2023-01-08 10:00:00+02:00,6,173.084
2023-01-08 11:00:00+02:00,6,69.056
2023-01-08 12:00:00+02:00,6,39.118
2023-01-08 13:00:00+02:00,6,16.391
2023-01-08 14:00:00+02:00,6,5.557
2023-01-08 15:00:00+02:00,6,1.574
2023-01-08 16:00:00+02:00,6,0.875
2023-01-08 17:00:00+02:00,6,0.770
2023-01-08 18:00:00+02:00,6,1.400
2023-01-08 19:00:00+02:00,6,5.935
2023-01-08 20:00:00+02:00,6,31.293
2023-01-08 21:00:00+02:00,6,74.914
2023-01-08 22:00:00+02:00,6,144.519
2023-01-08 23:00:00+02:00,6,191.427
2023-01-09 00:00:00+02:00,6,225.769
2023-01-09 01:00:00+02:00,6,265.067
2023-01-09 02:00:00+02:00,6,304.084
2023-01-09 03:00:00+02:00,6,344.904
2023-01-09 04:00:00+02:00,6,381.002
2023-01-09 05:00:00+02:00,6,406.349
2023-01-09 06:00:00+02:00,6,416.893
2023-01-09 07:00:00+02:00,6,421.313
2023-01-09 08:00:00+02:00,6,418.529
2023-01-09 09:00:00+02:00,6,413.961
2023-01-09 10:00:00+02:00,6,409.986
2023-01-09 11:00:00+02:00,6,405.536
2023-01-09 12:00:00+02:00,6,400.531
2023-01-09 13:00:00+02:00,6,398.954
2023-01-09 14:00:00+02:00,6,397.717
2023-01-09 15:00:00+02:00,6,391.972
2023-01-09 16:00:00+02:00,6,386.654
2023-01-09 17:00:00+02:00,6,388.925
2023-01-09 18:00:00+02:00,6,391.236
2023-01-09 19:00:00+02:00,6,389.496
2023-01-09 20:00:00+02:00,6,383.182
2023-01-09 21:00:00+02:00,6,373.985
2023-01-09 22:00:00+02:00,6,363.473
2023-01-09 23:00:00+02:00,6,348.658
2023-01-10 00:00:00+02:00,6,324.983
2023-01-10 01:00:00+02:00,6,296.938
2023-01-10 02:00:00+02:00,6,272.304
2023-01-10 03:00:00+02:00,6,253.087
2023-01-10 04:00:00+02:00,6,235.905
2023-01-10 05:00:00+02:00,6,218.303
2023-01-10 06:00:00+02:00,6,199.344
2023-01-10 07:00:00+02:00,6,180.648
2023-01-10 08:00:00+02:00,6,164.255
2023-01-10 09:00:00+02:00,6,148.747
2023-01-10 10:00:00+02:00,6,139.660
2023-01-10 11:00:00+02:00,6,133.186
2023-01-10 12:00:00+02:00,6,129.295
2023-01-10 13:00:00+02:00,6,126.008
2023-01-10 14:00:00+02:00,6,123.057
2023-01-10 15:00:00+02:00,6,122.824
2023-01-10 16:00:00+02:00,6,124.546
2023-01-10 17:00:00+02:00,6,126.288
2023-01-10 18:00:00+02:00,6,127.546
2023-01-10 19:00:00+02:00,6,130.067
2023-01-10 20:00:00+02:00,6,130.600
2023-01-10 21:00:00+02:00,6,132.122
2023-01-10 22:00:00+02:00,6,132.251
2023-01-10 23:00:00+02:00,6,133.535
2023-01-11 00:00:00+02:00,6,133.166
2023-01-11 01:00:00+02:00,6,132.462
2023-01-11 02:00:00+02:00,6,130.550
2023-01-11 03:00:00+02:00,6,127.890
2023-01-11 04:00:00+02:00,6,125.437
2023-01-11 05:00:00+02:00,6,123.129
2023-01-11 06:00:00+02:00,6,120.818
2023-01-11 07:00:00+02:00,6,118.433
2023-01-11 08:00:00+02:00,6,115.984
2023-01-11 09:00:00+02:00,6,113.806
2023-01-11 10:00:00+02:00,6,112.480
2023-01-11 11:00:00+02:00,6,111.293
2023-01-11 12:00:00+02:00,6,109.310
2023-01-11 13:00:00+02:00,6,107.462
2023-01-11 14:00:00+02:00,6,106.005
2023-01-11 15:00:00+02:00,6,105.785
2023-01-11 16:00:00+02:00,6,108.036
2023-01-11 17:00:00+02:00,6,116.751
2023-01-11 18:00:00+02:00,6,127.854
2023-01-11 19:00:00+02:00,6,137.543
2023-01-11 20:00:00+02:00,6,146.228
2023-01-11 21:00:00+02:00,6,151.469
2023-01-11 22:00:00+02:00,6,153.241
2023-01-11 23:00:00+02:00,6,151.578
2023-01-12 00:00:00+02:00,6,146.841
2023-01-12 01:00:00+02:00,6,141.422
2023-01-12 02:00:00+02:00,6,136.231
2023-01-12 03:00:00+02:00,6,130.417
2023-01-12 04:00:00+02:00,6,125.426
2023-01-12 05:00:00+02:00,6,121.543
2023-01-12 06:00:00+02:00,6,118.292
2023-01-12 07:00:00+02:00,6,117.149
2023-01-12 08:00:00+02:00,6,116.568
2023-01-12 09:00:00+02:00,6,115.780
2023-01-12 10:00:00+02:00,6,113.842
2023-01-12 11:00:00+02:00,6,112.221
2023-01-12 12:00:00+02:00,6,110.928
2023-01-12 13:00:00+02:00,6,109.950
2023-01-12 14:00:00+02:00,6,111.368
2023-01-12 15:00:00+02:00,6,113.120
2023-01-12 16:00:00+02:00,6,115.653
2023-01-12 17:00:00+02:00,6,118.645
2023-01-12 18:00:00+02:00,6,123.146
2023-01-12 19:00:00+02:00,6,128.366
2023-01-12 20:00:00+02:00,6,131.470
2023-01-12 21:00:00+02:00,6,133.674
2023-01-12 22:00:00+02:00,6,134.187
2023-01-12 23:00:00+02:00,6,132.776
2023-01-13 00:00:00+02:00,6,129.833
2023-01-13 01:00:00+02:00,6,125.324
2023-01-13 02:00:00+02:00,6,120.719
2023-01-13 03:00:00+02:00,6,116.186
2023-01-13 04:00:00+02:00,6,114.342
2023-01-13 05:00:00+02:00,6,113.048
2023-01-13 06:00:00+02:00,6,112.891
2023-01-13 07:00:00+02:00,6,112.907
2023-01-13 08:00:00+02:00,6,112.205
2023-01-13 09:00:00+02:00,6,111.441
2023-01-13 10:00:00+02:00,6,109.893
2023-01-13 11:00:00+02:00,6,108.072
2023-01-13 12:00:00+02:00,6,106.189
2023-01-13 13:00:00+02:00,6,104.567
2023-01-13 14:00:00+02:00,6,104.251
2023-01-13 15:00:00+02:00,6,106.126
2023-01-13 16:00:00+02:00,6,107.904
2023-01-13 17:00:00+02:00,6,113.162
2023-01-13 18:00:00+02:00,6,117.798
2023-01-13 19:00:00+02:00,6,121.391
2023-01-13 20:00:00+02:00,6,123.826
2023-01-13 21:00:00+02:00,6,127.232
2023-01-13 22:00:00+02:00,6,128.167
2023-01-13 23:00:00+02:00,6,129.244
2023-01-14 00:00:00+02:00,6,129.328
2023-01-14 01:00:00+02:00,6,127.349
2023-01-14 02:00:00+02:00,6,123.934
2023-01-14 03:00:00+02:00,6,120.222
2023-01-14 04:00:00+02:00,6,117.079
2023-01-14 05:00:00+02:00,6,114.200
2023-01-14 06:00:00+02:00,6,111.474
2023-01-14 07:00:00+02:00,6,109.164
2023-01-14 08:00:00+02:00,6,106.731
2023-01-14 09:00:00+02:00,6,98.890
2023-01-14 10:00:00+02:00,6,84.455
2023-01-14 11:00:00+02:00,6,54.909
2023-01-14 12:00:00+02:00,6,17.398
2023-01-14 13:00:00+02:00,6,5.273
2023-01-14 14:00:00+02:00,6,1.920
2023-01-14 15:00:00+02:00,6,0.710
2023-01-14 16:00:00+02:00,6,0.273
2023-01-14 17:00:00+02:00,6,0.136
2023-01-14 18:00:00+02:00,6,0.040
2023-01-14 19:00:00+02:00,6,0.016
2023-01-14 20:00:00+02:00,6,0.010
2023-01-14 21:00:00+02:00,6,0.005
2023-01-14 22:00:00+02:00,6,0.001
2023-01-14 23:00:00+02:00,6,0.000
2023-01-15 00:00:00+02:00,6,0.000
2023-01-15 01:00:00+02:00,6,0.000
2023-01-15 02:00:00+02:00,6,0.000
2023-01-15 03:00:00+02:00,6,0.000
2023-01-15 04:00:00+02:00,6,0.000
2023-01-15 05:00:00+02:00,6,0.001
2023-01-15 06:00:00+02:00,6,0.009
2023-01-15 07:00:00+02:00,6,0.270
2023-01-15 08:00:00+02:00,6,1.418
2023-01-15 09:00:00+02:00,6,1.473
2023-01-15 10:00:00+02:00,6,1.633
2023-01-15 11:00:00+02:00,6,2.236
2023-01-15 12:00:00+02:00,6,4.946
2023-01-15 13:00:00+02:00,6,9.037
2023-01-15 14:00:00+02:00,6,12.713
2023-01-15 15:00:00+02:00,6,10.139
2023-01-15 16:00:00+02:00,6,5.017
2023-01-15 17:00:00+02:00,6,2.705
2023-01-15 18:00:00+02:00,6,1.212
2023-01-15 19:00:00+02:00,6,0.957
2023-01-15 20:00:00+02:00,6,0.685
2023-01-15 21:00:00+02:00,6,0.497
2023-01-15 22:00:00+02:00,6,0.475
2023-01-15 23:00:00+02:00,6,0.546
2023-01-16 00:00:00+02:00,6,0.630
2023-01-16 01:00:00+02:00,6,1.059
2023-01-16 02:00:00+02:00,6,12.061
2023-01-16 03:00:00+02:00,6,7.869
2023-01-16 04:00:00+02:00,6,7.367
2023-01-16 05:00:00+02:00,6,7.100
2023-01-16 06:00:00+02:00,6,5.729
2023-01-16 07:00:00+02:00,6,5.333
2023-01-16 08:00:00+02:00,6,6.979
2023-01-16 09:00:00+02:00,6,6.423
2023-01-16 10:00:00+02:00,6,5.251
2023-01-16 11:00:00+02:00,6,4.199
2023-01-16 12:00:00+02:00,6,4.870
2023-01-16 13:00:00+02:00,6,6.033
2023-01-16 14:00:00+02:00,6,9.634
2023-01-16 15:00:00+02:00,6,17.933
2023-01-16 16:00:00+02:00,6,30.310
2023-01-16 17:00:00+02:00,6,63.553
2023-01-16 18:00:00+02:00,6,109.673
2023-01-16 19:00:00+02:00,6,171.246
2023-01-16 20:00:00+02:00,6,227.250
2023-01-16 21:00:00+02:00,6,277.361
2023-01-16 22:00:00+02:00,6,295.839
2023-01-16 23:00:00+02:00,6,286.982
2023-01-17 00:00:00+02:00,6,265.748
2023-01-17 01:00:00+02:00,6,241.898
2023-01-17 02:00:00+02:00,6,217.991
2023-01-17 03:00:00+02:00,6,191.383
2023-01-17 04:00:00+02:00,6,168.626
2023-01-17 05:00:00+02:00,6,158.513
2023-01-17 06:00:00+02:00,6,148.696
2023-01-17 07:00:00+02:00,6,138.276
2023-01-17 08:00:00+02:00,6,131.172
2023-01-17 09:00:00+02:00,6,126.852
2023-01-17 10:00:00+02:00,6,124.541
2023-01-17 11:00:00+02:00,6,123.706
2023-01-17 12:00:00+02:00,6,123.084
2023-01-17 13:00:00+02:00,6,124.543
2023-01-17 14:00:00+02:00,6,128.676
2023-01-17 15:00:00+02:00,6,132.750
2023-01-17 16:00:00+02:00,6,135.770
2023-01-17 17:00:00+02:00,6,137.376
2023-01-17 18:00:00+02:00,6,140.045
2023-01-17 19:00:00+02:00,6,140.043
2023-01-17 20:00:00+02:00,6,138.650
2023-01-17 21:00:00+02:00,6,137.013
2023-01-17 22:00:00+02:00,6,134.428
2023-01-17 23:00:00+02:00,6,131.062
2023-01-18 00:00:00+02:00,6,127.349
2023-01-18 01:00:00+02:00,6,123.830
2023-01-18 02:00:00+02:00,6,120.614
2023-01-18 03:00:00+02:00,6,117.957
2023-01-18 04:00:00+02:00,6,115.906
2023-01-18 05:00:00+02:00,6,113.919
2023-01-18 06:00:00+02:00,6,112.093
2023-01-18 07:00:00+02:00,6,110.766
2023-01-18 08:00:00+02:00,6,109.679
2023-01-18 09:00:00+02:00,6,108.643
2023-01-18 10:00:00+02:00,6,108.586
2023-01-18 11:00:00+02:00,6,109.181
2023-01-18 12:00:00+02:00,6,110.497
2023-01-18 13:00:00+02:00,6,113.312
2023-01-18 14:00:00+02:00,6,116.336
2023-01-18 15:00:00+02:00,6,119.098
2023-01-18 16:00:00+02:00,6,122.024
2023-01-18 17:00:00+02:00,6,124.534
2023-01-18 18:00:00+02:00,6,125.597
2023-01-18 19:00:00+02:00,6,126.747
2023-01-18 20:00:00+02:00,6,126.899
2023-01-18 21:00:00+02:00,6,127.381
2023-01-18 22:00:00+02:00,6,126.998
2023-01-18 23:00:00+02:00,6,126.461
2023-01-19 00:00:00+02:00,6,125.656
2023-01-19 01:00:00+02:00,6,124.984
2023-01-19 02:00:00+02:00,6,123.516
2023-01-19 03:00:00+02:00,6,119.860
2023-01-19 04:00:00+02:00,6,117.439
2023-01-19 05:00:00+02:00,6,115.665
2023-01-19 06:00:00+02:00,6,113.378
2023-01-19 07:00:00+02:00,6,111.488
2023-01-19 08:00:00+02:00,6,110.841
2023-01-19 09:00:00+02:00,6,109.367
2023-01-19 10:00:00+02:00,6,108.708
2023-01-19 11:00:00+02:00,6,108.467
2023-01-19 12:00:00+02:00,6,108.799
2023-01-19 13:00:00+02:00,6,111.168
2023-01-19 14:00:00+02:00,6,114.088
2023-01-19 15:00:00+02:00,6,118.063
2023-01-19 16:00:00+02:00,6,120.374
2023-01-19 17:00:00+02:00,6,103.808
2023-01-19 18:00:00+02:00,6,103.234
2023-01-19 19:00:00+02:00,6,99.623
2023-01-19 20:00:00+02:00,6,97.618
2023-01-19 21:00:00+02:00,6,86.865
2023-01-19 22:00:00+02:00,6,82.647
2023-01-19 23:00:00+02:00,6,73.627
2023-01-20 00:00:00+02:00,6,71.942
2023-01-20 01:00:00+02:00,6,79.434
2023-01-20 02:00:00+02:00,6,79.224
2023-01-20 03:00:00+02:00,6,79.502
2023-01-20 04:00:00+02:00,6,74.020
2023-01-20 05:00:00+02:00,6,68.453
2023-01-20 06:00:00+02:00,6,62.679
2023-01-20 06:00:00+02:00,6,59.813
2023-01-20 07:00:00+02:00,6,94.220
2023-01-20 08:00:00+02:00,6,112.299
2023-01-20 09:00:00+02:00,6,152.576
2023-01-20 10:00:00+02:00,6,79.354
2023-01-20 11:00:00+02:00,6,29.293
2023-01-20 12:00:00+02:00,6,14.703
2023-01-20 13:00:00+02:00,6,10.375
2023-01-20 14:00:00+02:00,6,8.342
2023-01-20 15:00:00+02:00,6,15.162
2023-01-20 16:00:00+02:00,6,19.025
2023-01-20 17:00:00+02:00,6,20.671
2023-01-20 18:00:00+02:00,6,25.436
2023-01-20 19:00:00+02:00,6,43.476
2023-01-20 20:00:00+02:00,6,112.095
2023-01-20 21:00:00+02:00,6,200.495
2023-01-20 22:00:00+02:00,6,266.920
2023-01-20 23:00:00+02:00,6,278.881
2023-01-21 00:00:00+02:00,6,316.320
2023-01-21 01:00:00+02:00,6,409.498
2023-01-21 02:00:00+02:00,6,395.185
2023-01-21 03:00:00+02:00,6,237.409
2023-01-21 04:00:00+02:00,6,197.853
2023-01-21 05:00:00+02:00,6,190.746
2023-01-21 06:00:00+02:00,6,201.399
2023-01-21 07:00:00+02:00,6,207.884
2023-01-21 08:00:00+02:00,6,225.272
2023-01-21 09:00:00+02:00,6,263.541
2023-01-21 10:00:00+02:00,6,239.812
2023-01-21 11:00:00+02:00,6,99.551
2023-01-21 12:00:00+02:00,6,19.622
2023-01-21 13:00:00+02:00,6,10.430
2023-01-21 14:00:00+02:00,6,8.342
2023-01-21 15:00:00+02:00,6,15.162
2023-01-21 16:00:00+02:00,6,19.025
2023-01-21 17:00:00+02:00,6,20.671
2023-01-21 18:00:00+02:00,6,25.436
2023-01-21 19:00:00+02:00,6,43.476
2023-01-21 20:00:00+02:00,6,112.095
2023-01-21 21:00:00+02:00,6,200.495
2023-01-21 22:00:00+02:00,6,266.920
2023-01-21 23:00:00+02:00,6,278.881
2023-01-22 00:00:00+02:00,6,316.320
2023-01-22 01:00:00+02:00,6,409.498
2023-01-22 02:00:00+02:00,6,395.187
2023-01-22 03:00:00+02:00,6,237.452
2023-01-22 04:00:00+02:00,6,198.003
2023-01-22 05:00:00+02:00,6,191.024
2022-12-30 06:00:00+02:00,7,67.439
2022-12-30 07:00:00+02:00,7,63.718
2022-12-30 08:00:00+02:00,7,58.029
2022-12-30 09:00:00+02:00,7,56.872
2022-12-30 10:00:00+02:00,7,46.417
2022-12-30 11:00:00+02:00,7,43.266
2022-12-30 12:00:00+02:00,7,39.890
2022-12-30 13:00:00+02:00,7,36.545
2022-12-30 14:00:00+02:00,7,27.530
2022-12-30 15:00:00+02:00,7,26.073
2022-12-30 16:00:00+02:00,7,24.521
2022-12-30 17:00:00+02:00,7,23.107
2022-12-30 18:00:00+02:00,7,21.275
2022-12-30 19:00:00+02:00,7,23.804
2022-12-30 20:00:00+02:00,7,24.603
2022-12-30 21:00:00+02:00,7,24.073
2022-12-30 22:00:00+02:00,7,24.022
2022-12-30 23:00:00+02:00,7,24.426
2022-12-31 00:00:00+02:00,7,25.158
2022-12-31 01:00:00+02:00,7,25.527
2022-12-31 02:00:00+02:00,7,25.512
2022-12-31 03:00:00+02:00,7,25.245
2022-12-31 04:00:00+02:00,7,24.988
2022-12-31 05:00:00+02:00,7,24.923
2022-12-31 06:00:00+02:00,7,24.393
2022-12-31 07:00:00+02:00,7,23.772
2022-12-31 08:00:00+02:00,7,23.305
2022-12-31 09:00:00+02:00,7,22.338
2022-12-31 10:00:00+02:00,7,20.349
2022-12-31 11:00:00+02:00,7,14.294
2022-12-31 12:00:00+02:00,7,4.806
2022-12-31 13:00:00+02:00,7,1.201
2022-12-31 14:00:00+02:00,7,0.447
2022-12-31 15:00:00+02:00,7,0.167
2022-12-31 16:00:00+02:00,7,0.079
2022-12-31 17:00:00+02:00,7,0.047
2022-12-31 18:00:00+02:00,7,0.033
2022-12-31 19:00:00+02:00,7,0.028
2022-12-31 20:00:00+02:00,7,0.020
2022-12-31 21:00:00+02:00,7,0.016
2022-12-31 22:00:00+02:00,7,0.036
2022-12-31 23:00:00+02:00,7,1.361
2023-01-01 00:00:00+02:00,7,4.437
2023-01-01 01:00:00+02:00,7,8.178
2023-01-01 02:00:00+02:00,7,10.801
2023-01-01 03:00:00+02:00,7,12.370
2023-01-01 04:00:00+02:00,7,13.737
2023-01-01 05:00:00+02:00,7,15.262
2023-01-01 06:00:00+02:00,7,16.794
2023-01-01 07:00:00+02:00,7,23.825
2023-01-01 08:00:00+02:00,7,37.247
2023-01-01 09:00:00+02:00,7,44.425
2023-01-01 10:00:00+02:00,7,41.031
2023-01-01 11:00:00+02:00,7,34.974
2023-01-01 12:00:00+02:00,7,26.852
2023-01-01 13:00:00+02:00,7,18.338
2023-01-01 14:00:00+02:00,7,12.609
2023-01-01 15:00:00+02:00,7,9.781
2023-01-01 16:00:00+02:00,7,12.175
2023-01-01 17:00:00+02:00,7,22.509
2023-01-01 18:00:00+02:00,7,49.214
2023-01-01 19:00:00+02:00,7,81.427
2023-01-01 20:00:00+02:00,7,109.376
2023-01-01 21:00:00+02:00,7,128.220
2023-01-01 22:00:00+02:00,7,153.369
2023-01-01 23:00:00+02:00,7,193.656
2023-01-02 00:00:00+02:00,7,235.137
2023-01-02 01:00:00+02:00,7,254.189
2023-01-02 02:00:00+02:00,7,266.624
2023-01-02 03:00:00+02:00,7,273.520
2023-01-02 04:00:00+02:00,7,274.408
2023-01-02 05:00:00+02:00,7,271.485
2023-01-02 06:00:00+02:00,7,266.744
2023-01-02 07:00:00+02:00,7,260.790
2023-01-02 08:00:00+02:00,7,254.480
2023-01-02 09:00:00+02:00,7,248.262
2023-01-02 10:00:00+02:00,7,242.768
2023-01-02 11:00:00+02:00,7,237.618
2023-01-02 12:00:00+02:00,7,232.706
2023-01-02 13:00:00+02:00,7,227.358
2023-01-02 14:00:00+02:00,7,211.004
2023-01-02 15:00:00+02:00,7,190.961
2023-01-02 16:00:00+02:00,7,167.707
2023-01-02 17:00:00+02:00,7,162.675
2023-01-02 18:00:00+02:00,7,168.434
2023-01-02 19:00:00+02:00,7,169.507
2023-01-02 20:00:00+02:00,7,175.819
2023-01-02 21:00:00+02:00,7,183.218
2023-01-02 22:00:00+02:00,7,184.998
2023-01-02 23:00:00+02:00,7,184.979
2023-01-03 00:00:00+02:00,7,182.764
2023-01-03 01:00:00+02:00,7,180.328
2023-01-03 02:00:00+02:00,7,178.704
2023-01-03 03:00:00+02:00,7,181.158
2023-01-03 04:00:00+02:00,7,184.385
2023-01-03 05:00:00+02:00,7,186.796
2023-01-03 06:00:00+02:00,7,190.818
2023-01-03 07:00:00+02:00,7,197.497
2023-01-03 08:00:00+02:00,7,200.285
2023-01-03 09:00:00+02:00,7,198.977
2023-01-03 10:00:00+02:00,7,195.479
2023-01-03 11:00:00+02:00,7,191.241
2023-01-03 12:00:00+02:00,7,186.709
2023-01-03 13:00:00+02:00,7,182.588
2023-01-03 14:00:00+02:00,7,178.262
2023-01-03 15:00:00+02:00,7,172.272
2023-01-03 16:00:00+02:00,7,165.458
2023-01-03 17:00:00+02:00,7,157.609
2023-01-03 18:00:00+02:00,7,150.534
2023-01-03 19:00:00+02:00,7,147.201
2023-01-03 20:00:00+02:00,7,151.831
2023-01-03 21:00:00+02:00,7,148.794
2023-01-03 22:00:00+02:00,7,145.455
2023-01-03 23:00:00+02:00,7,143.762
2023-01-04 00:00:00+02:00,7,143.608
2023-01-04 01:00:00+02:00,7,142.884
2023-01-04 02:00:00+02:00,7,147.016
2023-01-04 03:00:00+02:00,7,162.401
2023-01-04 04:00:00+02:00,7,178.426
2023-01-04 05:00:00+02:00,7,196.971
2023-01-04 06:00:00+02:00,7,208.697
2023-01-04 07:00:00+02:00,7,219.072
2023-01-04 08:00:00+02:00,7,222.656
2023-01-04 09:00:00+02:00,7,222.600
2023-01-04 10:00:00+02:00,7,218.234
2023-01-04 11:00:00+02:00,7,212.492
2023-01-04 12:00:00+02:00,7,206.282
2023-01-04 13:00:00+02:00,7,202.163
2023-01-04 14:00:00+02:00,7,196.311
2023-01-04 15:00:00+02:00,7,191.034
2023-01-04 16:00:00+02:00,7,182.659
2023-01-04 17:00:00+02:00,7,138.371
2023-01-04 18:00:00+02:00,7,103.248
2023-01-04 19:00:00+02:00,7,88.169
2023-01-04 20:00:00+02:00,7,79.330
2023-01-04 21:00:00+02:00,7,74.378
2023-01-04 22:00:00+02:00,7,70.764
2023-01-04 23:00:00+02:00,7,69.032
2023-01-05 00:00:00+02:00,7,66.474
2023-01-05 01:00:00+02:00,7,64.693
2023-01-05 02:00:00+02:00,7,63.117
2023-01-05 03:00:00+02:00,7,61.704
2023-01-05 04:00:00+02:00,7,60.374
2023-01-05 05:00:00+02:00,7,59.098
2023-01-05 06:00:00+02:00,7,57.941
2023-01-05 07:00:00+02:00,7,58.226
2023-01-05 08:00:00+02:00,7,57.914
2023-01-05 09:00:00+02:00,7,59.888
2023-01-05 10:00:00+02:00,7,63.496
2023-01-05 11:00:00+02:00,7,72.149
2023-01-05 12:00:00+02:00,7,73.582
2023-01-05 13:00:00+02:00,7,72.846
2023-01-05 14:00:00+02:00,7,70.060
2023-01-05 15:00:00+02:00,7,66.241
2023-01-05 16:00:00+02:00,7,70.841
2023-01-05 17:00:00+02:00,7,138.424
2023-01-05 18:00:00+02:00,7,241.201
2023-01-05 19:00:00+02:00,7,215.261
2023-01-05 20:00:00+02:00,7,207.041
2023-01-05 21:00:00+02:00,7,204.477
2023-01-05 22:00:00+02:00,7,206.799
2023-01-05 23:00:00+02:00,7,383.765
2023-01-06 00:00:00+02:00,7,701.430
2023-01-06 01:00:00+02:00,7,784.631
2023-01-06 02:00:00+02:00,7,676.428
2023-01-06 03:00:00+02:00,7,665.880
2023-01-06 04:00:00+02:00,7,660.503
2023-01-06 05:00:00+02:00,7,634.453
2023-01-06 06:00:00+02:00,7,606.553
2023-01-06 07:00:00+02:00,7,584.920
2023-01-06 08:00:00+02:00,7,565.903
2023-01-06 09:00:00+02:00,7,542.087
2023-01-06 10:00:00+02:00,7,521.027
2023-01-06 11:00:00+02:00,7,508.407
2023-01-06 12:00:00+02:00,7,511.262
2023-01-06 13:00:00+02:00,7,517.120
2023-01-06 14:00:00+02:00,7,509.452
2023-01-06 15:00:00+02:00,7,495.686
2023-01-06 16:00:00+02:00,7,503.934
2023-01-06 17:00:00+02:00,7,525.183
2023-01-06 18:00:00+02:00,7,534.714
2023-01-06 19:00:00+02:00,7,535.798
2023-01-06 20:00:00+02:00,7,529.531
2023-01-06 21:00:00+02:00,7,520.534
2023-01-06 22:00:00+02:00,7,509.343
2023-01-06 23:00:00+02:00,7,500.351
2023-01-07 00:00:00+02:00,7,580.422
2023-01-07 01:00:00+02:00,7,605.174
2023-01-07 02:00:00+02:00,7,603.810
2023-01-07 03:00:00+02:00,7,585.510
2023-01-07 04:00:00+02:00,7,585.263
2023-01-07 05:00:00+02:00,7,587.874
2023-01-07 06:00:00+02:00,7,552.528
2023-01-07 07:00:00+02:00,7,537.910
2023-01-07 08:00:00+02:00,7,499.979
2023-01-07 09:00:00+02:00,7,460.113
2023-01-07 10:00:00+02:00,7,430.170
2023-01-07 11:00:00+02:00,7,407.540
2023-01-07 12:00:00+02:00,7,392.496
2023-01-07 13:00:00+02:00,7,382.878
2023-01-07 14:00:00+02:00,7,373.526
2023-01-07 15:00:00+02:00,7,364.686
2023-01-07 16:00:00+02:00,7,356.319
2023-01-07 17:00:00+02:00,7,348.897
2023-01-07 18:00:00+02:00,7,341.849
2023-01-07 19:00:00+02:00,7,334.744
2023-01-07 20:00:00+02:00,7,328.006
2023-01-07 21:00:00+02:00,7,321.205
2023-01-07 22:00:00+02:00,7,314.973
2023-01-07 23:00:00+02:00,7,308.813
2023-01-08 00:00:00+02:00,7,302.928
2023-01-08 01:00:00+02:00,7,296.816
2023-01-08 02:00:00+02:00,7,290.967
2023-01-08 03:00:00+02:00,7,285.415
2023-01-08 04:00:00+02:00,7,279.775
2023-01-08 05:00:00+02:00,7,274.345
2023-01-08 06:00:00+02:00,7,269.228
2023-01-08 07:00:00+02:00,7,263.833
2023-01-08 08:00:00+02:00,7,258.225
2023-01-08 09:00:00+02:00,7,252.125
2023-01-08 10:00:00+02:00,7,216.878
2023-01-08 11:00:00+02:00,7,129.072
2023-01-08 12:00:00+02:00,7,89.070
2023-01-08 13:00:00+02:00,7,48.858
2023-01-08 14:00:00+02:00,7,22.154
2023-01-08 15:00:00+02:00,7,8.436
2023-01-08 16:00:00+02:00,7,5.307
2023-01-08 17:00:00+02:00,7,4.778
2023-01-08 18:00:00+02:00,7,8.071
2023-01-08 19:00:00+02:00,7,23.490
2023-01-08 20:00:00+02:00,7,67.345
2023-01-08 21:00:00+02:00,7,114.114
2023-01-08 22:00:00+02:00,7,168.785
2023-01-08 23:00:00+02:00,7,208.184
2023-01-09 00:00:00+02:00,7,246.283
2023-01-09 01:00:00+02:00,7,290.613
2023-01-09 02:00:00+02:00,7,331.866
2023-01-09 03:00:00+02:00,7,371.198
2023-01-09 04:00:00+02:00,7,401.892
2023-01-09 05:00:00+02:00,7,419.822
2023-01-09 06:00:00+02:00,7,424.794
2023-01-09 07:00:00+02:00,7,425.395
2023-01-09 08:00:00+02:00,7,421.867
2023-01-09 09:00:00+02:00,7,417.592
2023-01-09 10:00:00+02:00,7,414.357
2023-01-09 11:00:00+02:00,7,410.654
2023-01-09 12:00:00+02:00,7,406.314
2023-01-09 13:00:00+02:00,7,405.751
2023-01-09 14:00:00+02:00,7,404.982
2023-01-09 15:00:00+02:00,7,399.337
2023-01-09 16:00:00+02:00,7,394.262
2023-01-09 17:00:00+02:00,7,396.339
2023-01-09 18:00:00+02:00,7,396.478
2023-01-09 19:00:00+02:00,7,391.974
2023-01-09 20:00:00+02:00,7,383.217
2023-01-09 21:00:00+02:00,7,371.810
2023-01-09 22:00:00+02:00,7,359.599
2023-01-09 23:00:00+02:00,7,342.202
2023-01-10 00:00:00+02:00,7,315.639
2023-01-10 01:00:00+02:00,7,285.760
2023-01-10 02:00:00+02:00,7,260.685
2023-01-10 03:00:00+02:00,7,241.593
2023-01-10 04:00:00+02:00,7,224.775
2023-01-10 05:00:00+02:00,7,207.887
2023-01-10 06:00:00+02:00,7,190.176
2023-01-10 07:00:00+02:00,7,172.833
2023-01-10 08:00:00+02:00,7,157.505
2023-01-10 09:00:00+02:00,7,143.546
2023-01-10 10:00:00+02:00,7,135.827
2023-01-10 11:00:00+02:00,7,130.707
2023-01-10 12:00:00+02:00,7,127.531
2023-01-10 13:00:00+02:00,7,124.876
2023-01-10 14:00:00+02:00,7,123.481
2023-01-10 15:00:00+02:00,7,124.764
2023-01-10 16:00:00+02:00,7,127.035
2023-01-10 17:00:00+02:00,7,128.980
2023-01-10 18:00:00+02:00,7,130.438
2023-01-10 19:00:00+02:00,7,133.220
2023-01-10 20:00:00+02:00,7,133.859
2023-01-10 21:00:00+02:00,7,135.332
2023-01-10 22:00:00+02:00,7,135.220
2023-01-10 23:00:00+02:00,7,135.847
2023-01-11 00:00:00+02:00,7,134.830
2023-01-11 01:00:00+02:00,7,133.360
2023-01-11 02:00:00+02:00,7,131.057
2023-01-11 03:00:00+02:00,7,128.373
2023-01-11 04:00:00+02:00,7,125.833
2023-01-11 05:00:00+02:00,7,123.439
2023-01-11 06:00:00+02:00,7,121.118
2023-01-11 07:00:00+02:00,7,118.748
2023-01-11 08:00:00+02:00,7,116.296
2023-01-11 09:00:00+02:00,7,114.222
2023-01-11 10:00:00+02:00,7,113.258
2023-01-11 11:00:00+02:00,7,112.422
2023-01-11 12:00:00+02:00,7,110.561
2023-01-11 13:00:00+02:00,7,108.968
2023-01-11 14:00:00+02:00,7,108.086
2023-01-11 15:00:00+02:00,7,108.975
2023-01-11 16:00:00+02:00,7,112.602
2023-01-11 17:00:00+02:00,7,123.008
2023-01-11 18:00:00+02:00,7,134.809
2023-01-11 19:00:00+02:00,7,144.052
2023-01-11 20:00:00+02:00,7,151.310
2023-01-11 21:00:00+02:00,7,154.791
2023-01-11 22:00:00+02:00,7,154.779
2023-01-11 23:00:00+02:00,7,151.525
2023-01-12 00:00:00+02:00,7,145.677
2023-01-12 01:00:00+02:00,7,139.902
2023-01-12 02:00:00+02:00,7,134.656
2023-01-12 03:00:00+02:00,7,129.038
2023-01-12 04:00:00+02:00,7,124.408
2023-01-12 05:00:00+02:00,7,120.895
2023-01-12 06:00:00+02:00,7,118.412
2023-01-12 07:00:00+02:00,7,117.989
2023-01-12 08:00:00+02:00,7,117.858
2023-01-12 09:00:00+02:00,7,117.340
2023-01-12 10:00:00+02:00,7,115.467
2023-01-12 11:00:00+02:00,7,114.015
2023-01-12 12:00:00+02:00,7,112.954
2023-01-12 13:00:00+02:00,7,112.180
2023-01-12 14:00:00+02:00,7,113.629
2023-01-12 15:00:00+02:00,7,115.261
2023-01-12 16:00:00+02:00,7,118.274
2023-01-12 17:00:00+02:00,7,122.147
2023-01-12 18:00:00+02:00,7,127.363
2023-01-12 19:00:00+02:00,7,132.692
2023-01-12 20:00:00+02:00,7,135.330
2023-01-12 21:00:00+02:00,7,136.565
2023-01-12 22:00:00+02:00,7,135.813
2023-01-12 23:00:00+02:00,7,133.272
2023-01-13 00:00:00+02:00,7,129.193
2023-01-13 01:00:00+02:00,7,124.186
2023-01-13 02:00:00+02:00,7,119.694
2023-01-13 03:00:00+02:00,7,115.971
2023-01-13 04:00:00+02:00,7,114.873
2023-01-13 05:00:00+02:00,7,113.863
2023-01-13 06:00:00+02:00,7,113.890
2023-01-13 07:00:00+02:00,7,113.841
2023-01-13 08:00:00+02:00,7,113.021
2023-01-13 09:00:00+02:00,7,112.182
2023-01-13 10:00:00+02:00,7,110.662
2023-01-13 11:00:00+02:00,7,108.896
2023-01-13 12:00:00+02:00,7,107.095
2023-01-13 13:00:00+02:00,7,105.692
2023-01-13 14:00:00+02:00,7,105.919
2023-01-13 15:00:00+02:00,7,108.296
2023-01-13 16:00:00+02:00,7,110.532
2023-01-13 17:00:00+02:00,7,116.636
2023-01-13 18:00:00+02:00,7,121.813
2023-01-13 19:00:00+02:00,7,125.621
2023-01-13 20:00:00+02:00,7,128.081
2023-01-13 21:00:00+02:00,7,131.200
2023-01-13 22:00:00+02:00,7,131.689
2023-01-13 23:00:00+02:00,7,132.043
2023-01-14 00:00:00+02:00,7,131.399
2023-01-14 01:00:00+02:00,7,129.188
2023-01-14 02:00:00+02:00,7,125.924
2023-01-14 03:00:00+02:00,7,122.284
2023-01-14 04:00:00+02:00,7,118.968
2023-01-14 05:00:00+02:00,7,115.811
2023-01-14 06:00:00+02:00,7,112.712
2023-01-14 07:00:00+02:00,7,110.364
2023-01-14 08:00:00+02:00,7,107.678
2023-01-14 09:00:00+02:00,7,103.674
2023-01-14 10:00:00+02:00,7,97.318
2023-01-14 11:00:00+02:00,7,80.392
2023-01-14 12:00:00+02:00,7,41.205
2023-01-14 13:00:00+02:00,7,18.092
2023-01-14 14:00:00+02:00,7,8.553
2023-01-14 15:00:00+02:00,7,3.975
2023-01-14 16:00:00+02:00,7,1.864
2023-01-14 17:00:00+02:00,7,1.067
2023-01-14 18:00:00+02:00,7,0.390
2023-01-14 19:00:00+02:00,7,0.180
2023-01-14 20:00:00+02:00,7,0.129
2023-01-14 21:00:00+02:00,7,0.075
2023-01-14 22:00:00+02:00,7,0.025
2023-01-14 23:00:00+02:00,7,0.009
2023-01-15 00:00:00+02:00,7,0.003
2023-01-15 01:00:00+02:00,7,0.001
2023-01-15 02:00:00+02:00,7,0.001
2023-01-15 03:00:00+02:00,7,0.000
2023-01-15 04:00:00+02:00,7,0.004
2023-01-15 05:00:00+02:00,7,0.006
2023-01-15 06:00:00+02:00,7,0.038
2023-01-15 07:00:00+02:00,7,0.711
2023-01-15 08:00:00+02:00,7,2.854
2023-01-15 09:00:00+02:00,7,2.951
2023-01-15 10:00:00+02:00,7,3.303
2023-01-15 11:00:00+02:00,7,4.635
2023-01-15 12:00:00+02:00,7,9.314
2023-01-15 13:00:00+02:00,7,15.066
2023-01-15 14:00:00+02:00,7,19.995
2023-01-15 15:00:00+02:00,7,16.878
2023-01-15 16:00:00+02:00,7,10.758
2023-01-15 17:00:00+02:00,7,7.084
2023-01-15 18:00:00+02:00,7,3.872
2023-01-15 19:00:00+02:00,7,3.171
2023-01-15 20:00:00+02:00,7,2.329
2023-01-15 21:00:00+02:00,7,1.638
2023-01-15 22:00:00+02:00,7,1.560
2023-01-15 23:00:00+02:00,7,1.623
2023-01-16 00:00:00+02:00,7,1.689
2023-01-16 01:00:00+02:00,7,2.074
2023-01-16 02:00:00+02:00,7,2.493
2023-01-16 03:00:00+02:00,7,4.667
2023-01-16 04:00:00+02:00,7,4.438
2023-01-16 05:00:00+02:00,7,4.305
2023-01-16 06:00:00+02:00,7,4.068
2023-01-16 07:00:00+02:00,7,6.339
2023-01-16 08:00:00+02:00,7,9.082
2023-01-16 09:00:00+02:00,7,8.340
2023-01-16 10:00:00+02:00,7,7.250
2023-01-16 11:00:00+02:00,7,6.347
2023-01-16 12:00:00+02:00,7,7.423
2023-01-16 13:00:00+02:00,7,9.562
2023-01-16 14:00:00+02:00,7,15.446
2023-01-16 15:00:00+02:00,7,26.634
2023-01-16 16:00:00+02:00,7,42.357
2023-01-16 17:00:00+02:00,7,83.991
2023-01-16 18:00:00+02:00,7,138.668
2023-01-16 19:00:00+02:00,7,204.221
2023-01-16 20:00:00+02:00,7,256.399
2023-01-16 21:00:00+02:00,7,294.486
2023-01-16 22:00:00+02:00,7,299.201
2023-01-16 23:00:00+02:00,7,281.524
2023-01-17 00:00:00+02:00,7,255.442
2023-01-17 01:00:00+02:00,7,229.912
2023-01-17 02:00:00+02:00,7,206.225
2023-01-17 03:00:00+02:00,7,181.555
2023-01-17 04:00:00+02:00,7,161.295
2023-01-17 05:00:00+02:00,7,152.246
2023-01-17 06:00:00+02:00,7,143.548
2023-01-17 07:00:00+02:00,7,134.863
2023-01-17 08:00:00+02:00,7,129.366
2023-01-17 09:00:00+02:00,7,126.327
2023-01-17 10:00:00+02:00,7,125.396
2023-01-17 11:00:00+02:00,7,125.505
2023-01-17 12:00:00+02:00,7,125.482
2023-01-17 13:00:00+02:00,7,127.672
2023-01-17 14:00:00+02:00,7,132.252
2023-01-17 15:00:00+02:00,7,136.214
2023-01-17 16:00:00+02:00,7,138.864
2023-01-17 17:00:00+02:00,7,140.070
2023-01-17 18:00:00+02:00,7,142.014
2023-01-17 19:00:00+02:00,7,141.494
2023-01-17 20:00:00+02:00,7,139.710
2023-01-17 21:00:00+02:00,7,137.475
2023-01-17 22:00:00+02:00,7,134.269
2023-01-17 23:00:00+02:00,7,130.509
2023-01-18 00:00:00+02:00,7,126.669
2023-01-18 01:00:00+02:00,7,123.262
2023-01-18 02:00:00+02:00,7,120.330
2023-01-18 03:00:00+02:00,7,118.043
2023-01-18 04:00:00+02:00,7,116.241
2023-01-18 05:00:00+02:00,7,114.347
2023-01-18 06:00:00+02:00,7,112.612
2023-01-18 07:00:00+02:00,7,111.435
2023-01-18 08:00:00+02:00,7,110.554
2023-01-18 09:00:00+02:00,7,109.750
2023-01-18 10:00:00+02:00,7,110.125
2023-01-18 11:00:00+02:00,7,111.274
2023-01-18 12:00:00+02:00,7,113.241
2023-01-18 13:00:00+02:00,7,116.644
2023-01-18 14:00:00+02:00,7,119.894
2023-01-18 15:00:00+02:00,7,122.667
2023-01-18 16:00:00+02:00,7,125.421
2023-01-18 17:00:00+02:00,7,127.602
2023-01-18 18:00:00+02:00,7,128.378
2023-01-18 19:00:00+02:00,7,129.233
2023-01-18 20:00:00+02:00,7,129.183
2023-01-18 21:00:00+02:00,7,129.484
2023-01-18 22:00:00+02:00,7,128.981
2023-01-18 23:00:00+02:00,7,128.337
2023-01-19 00:00:00+02:00,7,127.434
2023-01-19 01:00:00+02:00,7,126.657
2023-01-19 02:00:00+02:00,7,125.062
2023-01-19 03:00:00+02:00,7,121.474
2023-01-19 04:00:00+02:00,7,119.008
2023-01-19 05:00:00+02:00,7,117.029
2023-01-19 06:00:00+02:00,7,114.685
2023-01-19 07:00:00+02:00,7,112.644
2023-01-19 08:00:00+02:00,7,111.764
2023-01-19 09:00:00+02:00,7,110.309
2023-01-19 10:00:00+02:00,7,109.787
2023-01-19 11:00:00+02:00,7,109.856
2023-01-19 12:00:00+02:00,7,111.025
2023-01-19 13:00:00+02:00,7,115.221
2023-01-19 14:00:00+02:00,7,120.041
2023-01-19 15:00:00+02:00,7,125.986
2023-01-19 16:00:00+02:00,7,129.517
2023-01-19 17:00:00+02:00,7,118.197
2023-01-19 18:00:00+02:00,7,116.984
2023-01-19 19:00:00+02:00,7,113.793
2023-01-19 20:00:00+02:00,7,111.481
2023-01-19 21:00:00+02:00,7,103.458
2023-01-19 22:00:00+02:00,7,99.328
2023-01-19 23:00:00+02:00,7,89.456
2023-01-20 00:00:00+02:00,7,87.395
2023-01-20 01:00:00+02:00,7,92.279
2023-01-20 02:00:00+02:00,7,91.439
2023-01-20 03:00:00+02:00,7,90.952
2023-01-20 04:00:00+02:00,7,85.003
2023-01-20 05:00:00+02:00,7,77.675
2023-01-20 06:00:00+02:00,7,67.852
2023-01-20 06:00:00+02:00,7,63.062
2023-01-20 07:00:00+02:00,7,68.000
2023-01-20 08:00:00+02:00,7,78.082
2023-01-20 09:00:00+02:00,7,85.323
2023-01-20 10:00:00+02:00,7,98.610
2023-01-20 11:00:00+02:00,7,45.434
2023-01-20 12:00:00+02:00,7,17.367
2023-01-20 13:00:00+02:00,7,10.578
2023-01-20 14:00:00+02:00,7,8.352
2023-01-20 15:00:00+02:00,7,15.022
2023-01-20 16:00:00+02:00,7,18.872
2023-01-20 17:00:00+02:00,7,20.551
2023-01-20 18:00:00+02:00,7,25.063
2023-01-20 19:00:00+02:00,7,40.666
2023-01-20 20:00:00+02:00,7,74.427
2023-01-20 21:00:00+02:00,7,110.080
2023-01-20 22:00:00+02:00,7,106.942
2023-01-20 23:00:00+02:00,7,163.893
2023-01-21 00:00:00+02:00,7,215.832
2023-01-21 01:00:00+02:00,7,224.188
2023-01-21 02:00:00+02:00,7,243.173
2023-01-21 03:00:00+02:00,7,209.490
2023-01-21 04:00:00+02:00,7,167.716
2023-01-21 05:00:00+02:00,7,156.607
2023-01-21 06:00:00+02:00,7,158.139
2023-01-21 07:00:00+02:00,7,173.962
2023-01-21 08:00:00+02:00,7,200.217
2023-01-21 09:00:00+02:00,7,203.549
2023-01-21 10:00:00+02:00,7,231.518
2023-01-21 11:00:00+02:00,7,152.009
2023-01-21 12:00:00+02:00,7,35.050
2023-01-21 13:00:00+02:00,7,11.082
2023-01-21 14:00:00+02:00,7,8.355
2023-01-21 15:00:00+02:00,7,15.022
2023-01-21 16:00:00+02:00,7,18.872
2023-01-21 17:00:00+02:00,7,20.551
2023-01-21 18:00:00+02:00,7,25.063
2023-01-21 19:00:00+02:00,7,40.666
2023-01-21 20:00:00+02:00,7,74.427
2023-01-21 21:00:00+02:00,7,110.080
2023-01-21 22:00:00+02:00,7,106.942
2023-01-21 23:00:00+02:00,7,163.893
2023-01-22 00:00:00+02:00,7,215.832
2023-01-22 01:00:00+02:00,7,224.189
2023-01-22 02:00:00+02:00,7,243.178
2023-01-22 03:00:00+02:00,7,209.571
2023-01-22 04:00:00+02:00,7,167.974
2023-01-22 05:00:00+02:00,7,157.050
2022-12-30 06:00:00+02:00,8,68.748
2022-12-30 07:00:00+02:00,8,66.542
2022-12-30 08:00:00+02:00,8,63.346
2022-12-30 09:00:00+02:00,8,61.354
2022-12-30 10:00:00+02:00,8,55.291
2022-12-30 11:00:00+02:00,8,47.866
2022-12-30 12:00:00+02:00,8,44.008
2022-12-30 13:00:00+02:00,8,41.178
2022-12-30 14:00:00+02:00,8,33.876
2022-12-30 15:00:00+02:00,8,31.474
2022-12-30 16:00:00+02:00,8,29.228
2022-12-30 17:00:00+02:00,8,27.237
2022-12-30 18:00:00+02:00,8,24.910
2022-12-30 19:00:00+02:00,8,26.586
2022-12-30 20:00:00+02:00,8,26.988
2022-12-30 21:00:00+02:00,8,26.215
2022-12-30 22:00:00+02:00,8,25.914
2022-12-30 23:00:00+02:00,8,26.011
2022-12-31 00:00:00+02:00,8,26.653
2022-12-31 01:00:00+02:00,8,27.021
2022-12-31 02:00:00+02:00,8,26.971
2022-12-31 03:00:00+02:00,8,26.590
2022-12-31 04:00:00+02:00,8,26.225
2022-12-31 05:00:00+02:00,8,26.068
2022-12-31 06:00:00+02:00,8,25.442
2022-12-31 07:00:00+02:00,8,24.755
2022-12-31 08:00:00+02:00,8,24.201
2022-12-31 09:00:00+02:00,8,23.242
2022-12-31 10:00:00+02:00,8,21.341
2022-12-31 11:00:00+02:00,8,17.862
2022-12-31 12:00:00+02:00,8,9.418
2022-12-31 13:00:00+02:00,8,3.676
2022-12-31 14:00:00+02:00,8,1.863
2022-12-31 15:00:00+02:00,8,0.921
2022-12-31 16:00:00+02:00,8,0.539
2022-12-31 17:00:00+02:00,8,0.386
2022-12-31 18:00:00+02:00,8,0.308
2022-12-31 19:00:00+02:00,8,0.290
2022-12-31 20:00:00+02:00,8,0.234
2022-12-31 21:00:00+02:00,8,0.208
2022-12-31 22:00:00+02:00,8,0.565
2022-12-31 23:00:00+02:00,8,3.336
2023-01-01 00:00:00+02:00,8,6.943
2023-01-01 01:00:00+02:00,8,10.994
2023-01-01 02:00:00+02:00,8,14.057
2023-01-01 03:00:00+02:00,8,15.828
2023-01-01 04:00:00+02:00,8,17.364
2023-01-01 05:00:00+02:00,8,19.111
2023-01-01 06:00:00+02:00,8,21.043
2023-01-01 07:00:00+02:00,8,31.560
2023-01-01 08:00:00+02:00,8,50.476
2023-01-01 09:00:00+02:00,8,62.300
2023-01-01 10:00:00+02:00,8,59.567
2023-01-01 11:00:00+02:00,8,52.842
2023-01-01 12:00:00+02:00,8,44.390
2023-01-01 13:00:00+02:00,8,35.337
2023-01-01 14:00:00+02:00,8,28.667
2023-01-01 15:00:00+02:00,8,25.824
2023-01-01 16:00:00+02:00,8,38.458
2023-01-01 17:00:00+02:00,8,58.993
2023-01-01 18:00:00+02:00,8,88.955
2023-01-01 19:00:00+02:00,8,119.614
2023-01-01 20:00:00+02:00,8,146.503
2023-01-01 21:00:00+02:00,8,165.296
2023-01-01 22:00:00+02:00,8,189.039
2023-01-01 23:00:00+02:00,8,223.252
2023-01-02 00:00:00+02:00,8,256.920
2023-01-02 01:00:00+02:00,8,270.765
2023-01-02 02:00:00+02:00,8,278.169
2023-01-02 03:00:00+02:00,8,280.332
2023-01-02 04:00:00+02:00,8,277.858
2023-01-02 05:00:00+02:00,8,272.897
2023-01-02 06:00:00+02:00,8,266.805
2023-01-02 07:00:00+02:00,8,260.184
2023-01-02 08:00:00+02:00,8,253.688
2023-01-02 09:00:00+02:00,8,247.666
2023-01-02 10:00:00+02:00,8,242.400
2023-01-02 11:00:00+02:00,8,237.475
2023-01-02 12:00:00+02:00,8,232.674
2023-01-02 13:00:00+02:00,8,227.867
2023-01-02 14:00:00+02:00,8,221.638
2023-01-02 15:00:00+02:00,8,214.180
2023-01-02 16:00:00+02:00,8,204.745
2023-01-02 17:00:00+02:00,8,201.505
2023-01-02 18:00:00+02:00,8,199.956
2023-01-02 19:00:00+02:00,8,197.159
2023-01-02 20:00:00+02:00,8,195.082
2023-01-02 21:00:00+02:00,8,193.091
2023-01-02 22:00:00+02:00,8,190.230
2023-01-02 23:00:00+02:00,8,187.385
2023-01-03 00:00:00+02:00,8,184.485
2023-01-03 01:00:00+02:00,8,182.150
2023-01-03 02:00:00+02:00,8,181.319
2023-01-03 03:00:00+02:00,8,185.489
2023-01-03 04:00:00+02:00,8,190.007
2023-01-03 05:00:00+02:00,8,193.064
2023-01-03 06:00:00+02:00,8,197.134
2023-01-03 07:00:00+02:00,8,202.394
2023-01-03 08:00:00+02:00,8,203.340
2023-01-03 09:00:00+02:00,8,200.299
2023-01-03 10:00:00+02:00,8,195.622
2023-01-03 11:00:00+02:00,8,190.328
2023-01-03 12:00:00+02:00,8,184.821
2023-01-03 13:00:00+02:00,8,180.178
2023-01-03 14:00:00+02:00,8,175.181
2023-01-03 15:00:00+02:00,8,168.476
2023-01-03 16:00:00+02:00,8,161.548
2023-01-03 17:00:00+02:00,8,154.178
2023-01-03 18:00:00+02:00,8,148.074
2023-01-03 19:00:00+02:00,8,150.010
2023-01-03 20:00:00+02:00,8,153.845
2023-01-03 21:00:00+02:00,8,147.943
2023-01-03 22:00:00+02:00,8,145.213
2023-01-03 23:00:00+02:00,8,146.337
2023-01-04 00:00:00+02:00,8,148.440
2023-01-04 01:00:00+02:00,8,149.523
2023-01-04 02:00:00+02:00,8,157.119
2023-01-04 03:00:00+02:00,8,177.154
2023-01-04 04:00:00+02:00,8,195.082
2023-01-04 05:00:00+02:00,8,213.295
2023-01-04 06:00:00+02:00,8,222.786
2023-01-04 07:00:00+02:00,8,229.248
2023-01-04 08:00:00+02:00,8,228.872
2023-01-04 09:00:00+02:00,8,224.317
2023-01-04 10:00:00+02:00,8,217.142
2023-01-04 11:00:00+02:00,8,209.434
2023-01-04 12:00:00+02:00,8,201.679
2023-01-04 13:00:00+02:00,8,197.482
2023-01-04 14:00:00+02:00,8,190.218
2023-01-04 15:00:00+02:00,8,184.268
2023-01-04 16:00:00+02:00,8,183.217
2023-01-04 17:00:00+02:00,8,160.687
2023-01-04 18:00:00+02:00,8,124.855
2023-01-04 19:00:00+02:00,8,102.566
2023-01-04 20:00:00+02:00,8,87.677
2023-01-04 21:00:00+02:00,8,78.866
2023-01-04 22:00:00+02:00,8,72.919
2023-01-04 23:00:00+02:00,8,70.598
2023-01-05 00:00:00+02:00,8,67.260
2023-01-05 01:00:00+02:00,8,65.163
2023-01-05 02:00:00+02:00,8,63.402
2023-01-05 03:00:00+02:00,8,61.890
2023-01-05 04:00:00+02:00,8,60.500
2023-01-05 05:00:00+02:00,8,59.187
2023-01-05 06:00:00+02:00,8,58.025
2023-01-05 07:00:00+02:00,8,57.086
2023-01-05 08:00:00+02:00,8,56.466
2023-01-05 09:00:00+02:00,8,55.899
2023-01-05 10:00:00+02:00,8,56.224
2023-01-05 11:00:00+02:00,8,60.734
2023-01-05 12:00:00+02:00,8,63.599
2023-01-05 13:00:00+02:00,8,64.707
2023-01-05 14:00:00+02:00,8,66.599
2023-01-05 15:00:00+02:00,8,66.097
2023-01-05 16:00:00+02:00,8,65.506
2023-01-05 17:00:00+02:00,8,78.937
2023-01-05 18:00:00+02:00,8,113.898
2023-01-05 19:00:00+02:00,8,157.421
2023-01-05 20:00:00+02:00,8,232.484
2023-01-05 21:00:00+02:00,8,227.064
2023-01-05 22:00:00+02:00,8,252.771
2023-01-05 23:00:00+02:00,8,262.441
2023-01-06 00:00:00+02:00,8,409.103
2023-01-06 01:00:00+02:00,8,740.860
2023-01-06 02:00:00+02:00,8,706.904
2023-01-06 03:00:00+02:00,8,665.605
2023-01-06 04:00:00+02:00,8,657.438
2023-01-06 05:00:00+02:00,8,640.161
2023-01-06 06:00:00+02:00,8,613.833
2023-01-06 07:00:00+02:00,8,589.803
2023-01-06 08:00:00+02:00,8,569.658
2023-01-06 09:00:00+02:00,8,548.239
2023-01-06 10:00:00+02:00,8,526.146
2023-01-06 11:00:00+02:00,8,509.690
2023-01-06 12:00:00+02:00,8,504.955
2023-01-06 13:00:00+02:00,8,508.904
2023-01-06 14:00:00+02:00,8,507.421
2023-01-06 15:00:00+02:00,8,496.897
2023-01-06 16:00:00+02:00,8,490.006
2023-01-06 17:00:00+02:00,8,497.469
2023-01-06 18:00:00+02:00,8,514.585
2023-01-06 19:00:00+02:00,8,518.428
2023-01-06 20:00:00+02:00,8,521.271
2023-01-06 21:00:00+02:00,8,512.373
2023-01-06 22:00:00+02:00,8,514.564
2023-01-06 23:00:00+02:00,8,511.733
2023-01-07 00:00:00+02:00,8,521.036
2023-01-07 01:00:00+02:00,8,546.948
2023-01-07 02:00:00+02:00,8,563.100
2023-01-07 03:00:00+02:00,8,553.722
2023-01-07 04:00:00+02:00,8,551.742
2023-01-07 05:00:00+02:00,8,565.971
2023-01-07 06:00:00+02:00,8,559.433
2023-01-07 07:00:00+02:00,8,546.200
2023-01-07 08:00:00+02:00,8,524.042
2023-01-07 09:00:00+02:00,8,489.938
2023-01-07 10:00:00+02:00,8,456.075
2023-01-07 11:00:00+02:00,8,424.983
2023-01-07 12:00:00+02:00,8,402.787
2023-01-07 13:00:00+02:00,8,389.937
2023-01-07 14:00:00+02:00,8,378.263
2023-01-07 15:00:00+02:00,8,367.698
2023-01-07 16:00:00+02:00,8,357.960
2023-01-07 17:00:00+02:00,8,350.221
2023-01-07 18:00:00+02:00,8,342.987
2023-01-07 19:00:00+02:00,8,335.692
2023-01-07 20:00:00+02:00,8,328.847
2023-01-07 21:00:00+02:00,8,321.941
2023-01-07 22:00:00+02:00,8,315.638
2023-01-07 23:00:00+02:00,8,309.461
2023-01-08 00:00:00+02:00,8,303.677
2023-01-08 01:00:00+02:00,8,297.495
2023-01-08 02:00:00+02:00,8,291.639
2023-01-08 03:00:00+02:00,8,286.150
2023-01-08 04:00:00+02:00,8,280.492
2023-01-08 05:00:00+02:00,8,275.067
2023-01-08 06:00:00+02:00,8,270.086
2023-01-08 07:00:00+02:00,8,264.639
2023-01-08 08:00:00+02:00,8,258.941
2023-01-08 09:00:00+02:00,8,252.980
2023-01-08 10:00:00+02:00,8,237.845
2023-01-08 11:00:00+02:00,8,184.599
2023-01-08 12:00:00+02:00,8,152.881
2023-01-08 13:00:00+02:00,8,106.606
2023-01-08 14:00:00+02:00,8,63.763
2023-01-08 15:00:00+02:00,8,32.865
2023-01-08 16:00:00+02:00,8,25.172
2023-01-08 17:00:00+02:00,8,28.564
2023-01-08 18:00:00+02:00,8,46.807
2023-01-08 19:00:00+02:00,8,77.312
2023-01-08 20:00:00+02:00,8,122.384
2023-01-08 21:00:00+02:00,8,155.600
2023-01-08 22:00:00+02:00,8,189.793
2023-01-08 23:00:00+02:00,8,227.713
2023-01-09 00:00:00+02:00,8,273.025
2023-01-09 01:00:00+02:00,8,322.522
2023-01-09 02:00:00+02:00,8,364.395
2023-01-09 03:00:00+02:00,8,399.285
2023-01-09 04:00:00+02:00,8,421.930
2023-01-09 05:00:00+02:00,8,431.278
2023-01-09 06:00:00+02:00,8,431.135
2023-01-09 07:00:00+02:00,8,429.040
2023-01-09 08:00:00+02:00,8,425.703
2023-01-09 09:00:00+02:00,8,422.361
2023-01-09 10:00:00+02:00,8,420.307
2023-01-09 11:00:00+02:00,8,417.755
2023-01-09 12:00:00+02:00,8,414.481
2023-01-09 13:00:00+02:00,8,414.438
2023-01-09 14:00:00+02:00,8,413.770
2023-01-09 15:00:00+02:00,8,408.908
2023-01-09 16:00:00+02:00,8,404.197
2023-01-09 17:00:00+02:00,8,403.888
2023-01-09 18:00:00+02:00,8,400.737
2023-01-09 19:00:00+02:00,8,392.864
2023-01-09 20:00:00+02:00,8,381.187
2023-01-09 21:00:00+02:00,8,367.222
2023-01-09 22:00:00+02:00,8,352.986
2023-01-09 23:00:00+02:00,8,332.738
2023-01-10 00:00:00+02:00,8,303.604
2023-01-10 01:00:00+02:00,8,272.136
2023-01-10 02:00:00+02:00,8,247.240
2023-01-10 03:00:00+02:00,8,228.436
2023-01-10 04:00:00+02:00,8,212.339
2023-01-10 05:00:00+02:00,8,196.584
2023-01-10 06:00:00+02:00,8,180.577
2023-01-10 07:00:00+02:00,8,164.594
2023-01-10 08:00:00+02:00,8,150.402
2023-01-10 09:00:00+02:00,8,138.597
2023-01-10 10:00:00+02:00,8,132.642
2023-01-10 11:00:00+02:00,8,129.230
2023-01-10 12:00:00+02:00,8,126.989
2023-01-10 13:00:00+02:00,8,125.305
2023-01-10 14:00:00+02:00,8,125.385
2023-01-10 15:00:00+02:00,8,127.587
2023-01-10 16:00:00+02:00,8,130.074
2023-01-10 17:00:00+02:00,8,132.239
2023-01-10 18:00:00+02:00,8,133.979
2023-01-10 19:00:00+02:00,8,136.999
2023-01-10 20:00:00+02:00,8,137.762
2023-01-10 21:00:00+02:00,8,138.861
2023-01-10 22:00:00+02:00,8,138.314
2023-01-10 23:00:00+02:00,8,137.936
2023-01-11 00:00:00+02:00,8,136.163
2023-01-11 01:00:00+02:00,8,133.948
2023-01-11 02:00:00+02:00,8,131.366
2023-01-11 03:00:00+02:00,8,128.681
2023-01-11 04:00:00+02:00,8,126.115
2023-01-11 05:00:00+02:00,8,123.739
2023-01-11 06:00:00+02:00,8,121.500
2023-01-11 07:00:00+02:00,8,119.212
2023-01-11 08:00:00+02:00,8,116.827
2023-01-11 09:00:00+02:00,8,114.946
2023-01-11 10:00:00+02:00,8,114.411
2023-01-11 11:00:00+02:00,8,114.161
2023-01-11 12:00:00+02:00,8,112.799
2023-01-11 13:00:00+02:00,8,112.064
2023-01-11 14:00:00+02:00,8,112.331
2023-01-11 15:00:00+02:00,8,114.310
2023-01-11 16:00:00+02:00,8,119.109
2023-01-11 17:00:00+02:00,8,130.943
2023-01-11 18:00:00+02:00,8,142.866
2023-01-11 19:00:00+02:00,8,151.006
2023-01-11 20:00:00+02:00,8,156.202
2023-01-11 21:00:00+02:00,8,157.604
2023-01-11 22:00:00+02:00,8,155.611
2023-01-11 23:00:00+02:00,8,150.726
2023-01-12 00:00:00+02:00,8,143.999
2023-01-12 01:00:00+02:00,8,138.021
2023-01-12 02:00:00+02:00,8,132.863
2023-01-12 03:00:00+02:00,8,127.621
2023-01-12 04:00:00+02:00,8,123.477
2023-01-12 05:00:00+02:00,8,120.439
2023-01-12 06:00:00+02:00,8,118.867
2023-01-12 07:00:00+02:00,8,119.237
2023-01-12 08:00:00+02:00,8,119.637
2023-01-12 09:00:00+02:00,8,119.407
2023-01-12 10:00:00+02:00,8,117.816
2023-01-12 11:00:00+02:00,8,116.651
2023-01-12 12:00:00+02:00,8,115.820
2023-01-12 13:00:00+02:00,8,115.100
2023-01-12 14:00:00+02:00,8,116.117
2023-01-12 15:00:00+02:00,8,117.778
2023-01-12 16:00:00+02:00,8,121.758
2023-01-12 17:00:00+02:00,8,126.808
2023-01-12 18:00:00+02:00,8,132.512
2023-01-12 19:00:00+02:00,8,137.517
2023-01-12 20:00:00+02:00,8,139.229
2023-01-12 21:00:00+02:00,8,139.000
2023-01-12 22:00:00+02:00,8,136.677
2023-01-12 23:00:00+02:00,8,132.917
2023-01-13 00:00:00+02:00,8,127.898
2023-01-13 01:00:00+02:00,8,122.799
2023-01-13 02:00:00+02:00,8,118.700
2023-01-13 03:00:00+02:00,8,116.045
2023-01-13 04:00:00+02:00,8,115.702
2023-01-13 05:00:00+02:00,8,114.990
2023-01-13 06:00:00+02:00,8,115.058
2023-01-13 07:00:00+02:00,8,114.849
2023-01-13 08:00:00+02:00,8,113.893
2023-01-13 09:00:00+02:00,8,113.036
2023-01-13 10:00:00+02:00,8,111.633
2023-01-13 11:00:00+02:00,8,110.029
2023-01-13 12:00:00+02:00,8,108.501
2023-01-13 13:00:00+02:00,8,107.568
2023-01-13 14:00:00+02:00,8,108.257
2023-01-13 15:00:00+02:00,8,111.042
2023-01-13 16:00:00+02:00,8,113.963
2023-01-13 17:00:00+02:00,8,121.027
2023-01-13 18:00:00+02:00,8,126.704
2023-01-13 19:00:00+02:00,8,130.588
2023-01-13 20:00:00+02:00,8,132.978
2023-01-13 21:00:00+02:00,8,135.387
2023-01-13 22:00:00+02:00,8,135.190
2023-01-13 23:00:00+02:00,8,134.552
2023-01-14 00:00:00+02:00,8,133.126
2023-01-14 01:00:00+02:00,8,130.696
2023-01-14 02:00:00+02:00,8,127.403
2023-01-14 03:00:00+02:00,8,123.882
2023-01-14 04:00:00+02:00,8,120.588
2023-01-14 05:00:00+02:00,8,117.373
2023-01-14 06:00:00+02:00,8,114.144
2023-01-14 07:00:00+02:00,8,111.660
2023-01-14 08:00:00+02:00,8,108.925
2023-01-14 09:00:00+02:00,8,105.583
2023-01-14 10:00:00+02:00,8,102.367
2023-01-14 11:00:00+02:00,8,95.211
2023-01-14 12:00:00+02:00,8,68.342
2023-01-14 13:00:00+02:00,8,42.152
2023-01-14 14:00:00+02:00,8,26.364
2023-01-14 15:00:00+02:00,8,15.739
2023-01-14 16:00:00+02:00,8,9.185
2023-01-14 17:00:00+02:00,8,6.214
2023-01-14 18:00:00+02:00,8,2.791
2023-01-14 19:00:00+02:00,8,1.424
2023-01-14 20:00:00+02:00,8,1.042
2023-01-14 21:00:00+02:00,8,0.663
2023-01-14 22:00:00+02:00,8,0.272
2023-01-14 23:00:00+02:00,8,0.121
2023-01-15 00:00:00+02:00,8,0.049
2023-01-15 01:00:00+02:00,8,0.020
2023-01-15 02:00:00+02:00,8,0.014
2023-01-15 03:00:00+02:00,8,0.008
2023-01-15 04:00:00+02:00,8,0.028
2023-01-15 05:00:00+02:00,8,0.027
2023-01-15 06:00:00+02:00,8,0.156
2023-01-15 07:00:00+02:00,8,1.825
2023-01-15 08:00:00+02:00,8,5.620
2023-01-15 09:00:00+02:00,8,6.360
2023-01-15 10:00:00+02:00,8,7.671
2023-01-15 11:00:00+02:00,8,10.439
2023-01-15 12:00:00+02:00,8,16.969
2023-01-15 13:00:00+02:00,8,24.375
2023-01-15 14:00:00+02:00,8,31.367
2023-01-15 15:00:00+02:00,8,28.006
2023-01-15 16:00:00+02:00,8,19.193
2023-01-15 17:00:00+02:00,8,13.293
2023-01-15 18:00:00+02:00,8,8.100
2023-01-15 19:00:00+02:00,8,6.453
2023-01-15 20:00:00+02:00,8,4.850
2023-01-15 21:00:00+02:00,8,3.492
2023-01-15 22:00:00+02:00,8,3.131
2023-01-15 23:00:00+02:00,8,2.979
2023-01-16 00:00:00+02:00,8,2.904
2023-01-16 01:00:00+02:00,8,3.126
2023-01-16 02:00:00+02:00,8,2.895
2023-01-16 03:00:00+02:00,8,3.210
2023-01-16 04:00:00+02:00,8,3.151
2023-01-16 05:00:00+02:00,8,3.189
2023-01-16 06:00:00+02:00,8,4.431
2023-01-16 07:00:00+02:00,8,8.602
2023-01-16 08:00:00+02:00,8,12.698
2023-01-16 09:00:00+02:00,8,11.914
2023-01-16 10:00:00+02:00,8,10.618
2023-01-16 11:00:00+02:00,8,9.693
2023-01-16 12:00:00+02:00,8,12.523
2023-01-16 13:00:00+02:00,8,16.936
2023-01-16 14:00:00+02:00,8,25.497
2023-01-16 15:00:00+02:00,8,39.374
2023-01-16 16:00:00+02:00,8,60.022
2023-01-16 17:00:00+02:00,8,112.675
2023-01-16 18:00:00+02:00,8,176.504
2023-01-16 19:00:00+02:00,8,242.158
2023-01-16 20:00:00+02:00,8,285.792
2023-01-16 21:00:00+02:00,8,307.516
2023-01-16 22:00:00+02:00,8,297.242
2023-01-16 23:00:00+02:00,8,271.345
2023-01-17 00:00:00+02:00,8,241.570
2023-01-17 01:00:00+02:00,8,215.564
2023-01-17 02:00:00+02:00,8,193.232
2023-01-17 03:00:00+02:00,8,171.501
2023-01-17 04:00:00+02:00,8,154.080
2023-01-17 05:00:00+02:00,8,146.096
2023-01-17 06:00:00+02:00,8,138.659
2023-01-17 07:00:00+02:00,8,132.074
2023-01-17 08:00:00+02:00,8,128.346
2023-01-17 09:00:00+02:00,8,126.707
2023-01-17 10:00:00+02:00,8,127.256
2023-01-17 11:00:00+02:00,8,128.367
2023-01-17 12:00:00+02:00,8,128.988
2023-01-17 13:00:00+02:00,8,131.734
2023-01-17 14:00:00+02:00,8,136.459
2023-01-17 15:00:00+02:00,8,140.026
2023-01-17 16:00:00+02:00,8,142.167
2023-01-17 17:00:00+02:00,8,142.887
2023-01-17 18:00:00+02:00,8,143.929
2023-01-17 19:00:00+02:00,8,142.821
2023-01-17 20:00:00+02:00,8,140.545
2023-01-17 21:00:00+02:00,8,137.571
2023-01-17 22:00:00+02:00,8,133.726
2023-01-17 23:00:00+02:00,8,129.676
2023-01-18 00:00:00+02:00,8,125.891
2023-01-18 01:00:00+02:00,8,122.767
2023-01-18 02:00:00+02:00,8,120.238
2023-01-18 03:00:00+02:00,8,118.359
2023-01-18 04:00:00+02:00,8,116.745
2023-01-18 05:00:00+02:00,8,114.935
2023-01-18 06:00:00+02:00,8,113.313
2023-01-18 07:00:00+02:00,8,112.323
2023-01-18 08:00:00+02:00,8,111.754
2023-01-18 09:00:00+02:00,8,111.280
2023-01-18 10:00:00+02:00,8,112.250
2023-01-18 11:00:00+02:00,8,114.143
2023-01-18 12:00:00+02:00,8,116.935
2023-01-18 13:00:00+02:00,8,120.782
2023-01-18 14:00:00+02:00,8,124.077
2023-01-18 15:00:00+02:00,8,126.752
2023-01-18 16:00:00+02:00,8,129.163
2023-01-18 17:00:00+02:00,8,130.886
2023-01-18 18:00:00+02:00,8,131.362
2023-01-18 19:00:00+02:00,8,131.894
2023-01-18 20:00:00+02:00,8,131.674
2023-01-18 21:00:00+02:00,8,131.793
2023-01-18 22:00:00+02:00,8,131.178
2023-01-18 23:00:00+02:00,8,130.409
2023-01-19 00:00:00+02:00,8,129.399
2023-01-19 01:00:00+02:00,8,128.495
2023-01-19 02:00:00+02:00,8,126.619
2023-01-19 03:00:00+02:00,8,122.957
2023-01-19 04:00:00+02:00,8,120.336
2023-01-19 05:00:00+02:00,8,118.160
2023-01-19 06:00:00+02:00,8,115.730
2023-01-19 07:00:00+02:00,8,113.631
2023-01-19 08:00:00+02:00,8,112.800
2023-01-19 09:00:00+02:00,8,111.487
2023-01-19 10:00:00+02:00,8,111.156
2023-01-19 11:00:00+02:00,8,111.823
2023-01-19 12:00:00+02:00,8,114.579
2023-01-19 13:00:00+02:00,8,121.676
2023-01-19 14:00:00+02:00,8,129.281
2023-01-19 15:00:00+02:00,8,137.750
2023-01-19 16:00:00+02:00,8,142.881
2023-01-19 17:00:00+02:00,8,131.161
2023-01-19 18:00:00+02:00,8,129.151
2023-01-19 19:00:00+02:00,8,125.403
2023-01-19 20:00:00+02:00,8,122.431
2023-01-19 21:00:00+02:00,8,115.386
2023-01-19 22:00:00+02:00,8,110.512
2023-01-19 23:00:00+02:00,8,102.133
2023-01-20 00:00:00+02:00,8,100.579
2023-01-20 01:00:00+02:00,8,103.265
2023-01-20 02:00:00+02:00,8,101.764
2023-01-20 03:00:00+02:00,8,100.427
2023-01-20 04:00:00+02:00,8,94.338
2023-01-20 05:00:00+02:00,8,86.831
2023-01-20 06:00:00+02:00,8,75.177
2023-01-20 06:00:00+02:00,8,68.212
2023-01-20 07:00:00+02:00,8,78.004
2023-01-20 08:00:00+02:00,8,94.628
2023-01-20 09:00:00+02:00,8,89.983
2023-01-20 10:00:00+02:00,8,103.682
2023-01-20 11:00:00+02:00,8,66.439
2023-01-20 12:00:00+02:00,8,25.257
2023-01-20 13:00:00+02:00,8,11.590
2023-01-20 14:00:00+02:00,8,8.499
2023-01-20 15:00:00+02:00,8,14.576
2023-01-20 16:00:00+02:00,8,18.480
2023-01-20 17:00:00+02:00,8,20.312
2023-01-20 18:00:00+02:00,8,24.200
2023-01-20 19:00:00+02:00,8,35.594
2023-01-20 20:00:00+02:00,8,48.958
2023-01-20 21:00:00+02:00,8,65.458
2023-01-20 22:00:00+02:00,8,139.943
2023-01-20 23:00:00+02:00,8,222.369
2023-01-21 00:00:00+02:00,8,243.813
2023-01-21 01:00:00+02:00,8,248.492
2023-01-21 02:00:00+02:00,8,263.183
2023-01-21 03:00:00+02:00,8,176.648
2023-01-21 04:00:00+02:00,8,150.330
2023-01-21 05:00:00+02:00,8,155.508
2023-01-21 06:00:00+02:00,8,171.345
2023-01-21 07:00:00+02:00,8,202.450
2023-01-21 08:00:00+02:00,8,241.601
2023-01-21 09:00:00+02:00,8,228.329
2023-01-21 10:00:00+02:00,8,222.910
2023-01-21 11:00:00+02:00,8,191.975
2023-01-21 12:00:00+02:00,8,68.218
2023-01-21 13:00:00+02:00,8,14.543
2023-01-21 14:00:00+02:00,8,8.549
2023-01-21 15:00:00+02:00,8,14.577
2023-01-21 16:00:00+02:00,8,18.480
2023-01-21 17:00:00+02:00,8,20.312
2023-01-21 18:00:00+02:00,8,24.200
2023-01-21 19:00:00+02:00,8,35.594
2023-01-21 20:00:00+02:00,8,48.958
2023-01-21 21:00:00+02:00,8,65.458
2023-01-21 22:00:00+02:00,8,139.943
2023-01-21 23:00:00+02:00,8,222.369
2023-01-22 00:00:00+02:00,8,243.814
2023-01-22 01:00:00+02:00,8,248.495
2023-01-22 02:00:00+02:00,8,263.195
2023-01-22 03:00:00+02:00,8,176.804
2023-01-22 04:00:00+02:00,8,150.787
2023-01-22 05:00:00+02:00,8,156.209
2022-12-30 06:00:00+02:00,9,85.802
2022-12-30 07:00:00+02:00,9,76.000
2022-12-30 08:00:00+02:00,9,69.313
2022-12-30 09:00:00+02:00,9,65.959
2022-12-30 10:00:00+02:00,9,60.394
2022-12-30 11:00:00+02:00,9,66.856
2022-12-30 12:00:00+02:00,9,52.770
2022-12-30 13:00:00+02:00,9,46.903
2022-12-30 14:00:00+02:00,9,39.361
2022-12-30 15:00:00+02:00,9,36.001
2022-12-30 16:00:00+02:00,9,33.121
2022-12-30 17:00:00+02:00,9,30.642
2022-12-30 18:00:00+02:00,9,28.090
2022-12-30 19:00:00+02:00,9,29.519
2022-12-30 20:00:00+02:00,9,29.569
2022-12-30 21:00:00+02:00,9,28.414
2022-12-30 22:00:00+02:00,9,27.781
2022-12-30 23:00:00+02:00,9,27.736
2022-12-31 00:00:00+02:00,9,28.694
2022-12-31 01:00:00+02:00,9,29.121
2022-12-31 02:00:00+02:00,9,28.995
2022-12-31 03:00:00+02:00,9,28.336
2022-12-31 04:00:00+02:00,9,27.730
2022-12-31 05:00:00+02:00,9,27.533
2022-12-31 06:00:00+02:00,9,26.716
2022-12-31 07:00:00+02:00,9,25.869
2022-12-31 08:00:00+02:00,9,25.174
2022-12-31 09:00:00+02:00,9,24.114
2022-12-31 10:00:00+02:00,9,22.309
2022-12-31 11:00:00+02:00,9,20.136
2022-12-31 12:00:00+02:00,9,14.498
2022-12-31 13:00:00+02:00,9,8.353
2022-12-31 14:00:00+02:00,9,5.751
2022-12-31 15:00:00+02:00,9,3.820
2022-12-31 16:00:00+02:00,9,2.847
2022-12-31 17:00:00+02:00,9,2.529
2022-12-31 18:00:00+02:00,9,2.424
2022-12-31 19:00:00+02:00,9,2.766
2022-12-31 20:00:00+02:00,9,2.652
2022-12-31 21:00:00+02:00,9,2.726
2022-12-31 22:00:00+02:00,9,3.493
2022-12-31 23:00:00+02:00,9,6.377
2023-01-01 00:00:00+02:00,9,9.845
2023-01-01 01:00:00+02:00,9,14.525
2023-01-01 02:00:00+02:00,9,18.594
2023-01-01 03:00:00+02:00,9,20.740
2023-01-01 04:00:00+02:00,9,22.611
2023-01-01 05:00:00+02:00,9,24.804
2023-01-01 06:00:00+02:00,9,27.575
2023-01-01 07:00:00+02:00,9,43.683
2023-01-01 08:00:00+02:00,9,69.275
2023-01-01 09:00:00+02:00,9,87.019
2023-01-01 10:00:00+02:00,9,89.215
2023-01-01 11:00:00+02:00,9,86.249
2023-01-01 12:00:00+02:00,9,80.828
2023-01-01 13:00:00+02:00,9,74.233
2023-01-01 14:00:00+02:00,9,71.057
2023-01-01 15:00:00+02:00,9,74.275
2023-01-01 16:00:00+02:00,9,86.901
2023-01-01 17:00:00+02:00,9,103.844
2023-01-01 18:00:00+02:00,9,127.056
2023-01-01 19:00:00+02:00,9,154.344
2023-01-01 20:00:00+02:00,9,180.733
2023-01-01 21:00:00+02:00,9,199.604
2023-01-01 22:00:00+02:00,9,221.564
2023-01-01 23:00:00+02:00,9,249.771
2023-01-02 00:00:00+02:00,9,275.620
2023-01-02 01:00:00+02:00,9,284.021
2023-01-02 02:00:00+02:00,9,286.437
2023-01-02 03:00:00+02:00,9,284.422
2023-01-02 04:00:00+02:00,9,279.324
2023-01-02 05:00:00+02:00,9,272.940
2023-01-02 06:00:00+02:00,9,266.112
2023-01-02 07:00:00+02:00,9,259.270
2023-01-02 08:00:00+02:00,9,252.905
2023-01-02 09:00:00+02:00,9,247.311
2023-01-02 10:00:00+02:00,9,242.366
2023-01-02 11:00:00+02:00,9,237.731
2023-01-02 12:00:00+02:00,9,233.119
2023-01-02 13:00:00+02:00,9,228.389
2023-01-02 14:00:00+02:00,9,223.600
2023-01-02 15:00:00+02:00,9,219.028
2023-01-02 16:00:00+02:00,9,214.553
2023-01-02 17:00:00+02:00,9,210.329
2023-01-02 18:00:00+02:00,9,206.325
2023-01-02 19:00:00+02:00,9,202.310
2023-01-02 20:00:00+02:00,9,198.502
2023-01-02 21:00:00+02:00,9,194.919
2023-01-02 22:00:00+02:00,9,191.391
2023-01-02 23:00:00+02:00,9,188.418
2023-01-03 00:00:00+02:00,9,185.927
2023-01-03 01:00:00+02:00,9,184.456
2023-01-03 02:00:00+02:00,9,185.019
2023-01-03 03:00:00+02:00,9,191.122
2023-01-03 04:00:00+02:00,9,196.689
2023-01-03 05:00:00+02:00,9,199.946
2023-01-03 06:00:00+02:00,9,203.382
2023-01-03 07:00:00+02:00,9,206.528
2023-01-03 08:00:00+02:00,9,205.150
2023-01-03 09:00:00+02:00,9,200.290
2023-01-03 10:00:00+02:00,9,194.457
2023-01-03 11:00:00+02:00,9,188.112
2023-01-03 12:00:00+02:00,9,181.829
2023-01-03 13:00:00+02:00,9,176.757
2023-01-03 14:00:00+02:00,9,171.377
2023-01-03 15:00:00+02:00,9,164.622
2023-01-03 16:00:00+02:00,9,157.930
2023-01-03 17:00:00+02:00,9,151.240
2023-01-03 18:00:00+02:00,9,146.224
2023-01-03 19:00:00+02:00,9,164.854
2023-01-03 20:00:00+02:00,9,153.382
2023-01-03 21:00:00+02:00,9,147.505
2023-01-03 22:00:00+02:00,9,146.888
2023-01-03 23:00:00+02:00,9,151.636
2023-01-04 00:00:00+02:00,9,156.405
2023-01-04 01:00:00+02:00,9,159.858
2023-01-04 02:00:00+02:00,9,170.886
2023-01-04 03:00:00+02:00,9,194.728
2023-01-04 04:00:00+02:00,9,213.033
2023-01-04 05:00:00+02:00,9,228.769
2023-01-04 06:00:00+02:00,9,234.516
2023-01-04 07:00:00+02:00,9,235.806
2023-01-04 08:00:00+02:00,9,231.152
2023-01-04 09:00:00+02:00,9,222.536
2023-01-04 10:00:00+02:00,9,213.004
2023-01-04 11:00:00+02:00,9,203.843
2023-01-04 12:00:00+02:00,9,195.121
2023-01-04 13:00:00+02:00,9,189.854
2023-01-04 14:00:00+02:00,9,182.425
2023-01-04 15:00:00+02:00,9,176.512
2023-01-04 16:00:00+02:00,9,178.913
2023-01-04 17:00:00+02:00,9,170.996
2023-01-04 18:00:00+02:00,9,142.595
2023-01-04 19:00:00+02:00,9,117.287
2023-01-04 20:00:00+02:00,9,98.203
2023-01-04 21:00:00+02:00,9,85.064
2023-01-04 22:00:00+02:00,9,76.126
2023-01-04 23:00:00+02:00,9,72.625
2023-01-05 00:00:00+02:00,9,68.347
2023-01-05 01:00:00+02:00,9,65.791
2023-01-05 02:00:00+02:00,9,63.788
2023-01-05 03:00:00+02:00,9,62.145
2023-01-05 04:00:00+02:00,9,60.673
2023-01-05 05:00:00+02:00,9,59.305
2023-01-05 06:00:00+02:00,9,58.140
2023-01-05 07:00:00+02:00,9,60.129
2023-01-05 08:00:00+02:00,9,57.782
2023-01-05 09:00:00+02:00,9,71.365
2023-01-05 10:00:00+02:00,9,73.816
2023-01-05 11:00:00+02:00,9,72.222
2023-01-05 12:00:00+02:00,9,69.316
2023-01-05 13:00:00+02:00,9,66.316
2023-01-05 14:00:00+02:00,9,65.175
2023-01-05 15:00:00+02:00,9,68.163
2023-01-05 16:00:00+02:00,9,93.649
2023-01-05 17:00:00+02:00,9,236.215
2023-01-05 18:00:00+02:00,9,378.613
2023-01-05 19:00:00+02:00,9,617.354
2023-01-05 20:00:00+02:00,9,817.532
2023-01-05 21:00:00+02:00,9,875.563
2023-01-05 22:00:00+02:00,9,912.642
2023-01-05 23:00:00+02:00,9,713.563
2023-01-06 00:00:00+02:00,9,554.939
2023-01-06 01:00:00+02:00,9,696.372
2023-01-06 02:00:00+02:00,9,763.560
2023-01-06 03:00:00+02:00,9,759.124
2023-01-06 04:00:00+02:00,9,742.337
2023-01-06 05:00:00+02:00,9,715.192
2023-01-06 06:00:00+02:00,9,682.605
2023-01-06 07:00:00+02:00,9,652.466
2023-01-06 08:00:00+02:00,9,625.680
2023-01-06 09:00:00+02:00,9,595.009
2023-01-06 10:00:00+02:00,9,567.159
2023-01-06 11:00:00+02:00,9,548.325
2023-01-06 12:00:00+02:00,9,549.384
2023-01-06 13:00:00+02:00,9,558.683
2023-01-06 14:00:00+02:00,9,556.768
2023-01-06 15:00:00+02:00,9,546.191
2023-01-06 16:00:00+02:00,9,564.278
2023-01-06 17:00:00+02:00,9,567.325
2023-01-06 18:00:00+02:00,9,573.557
2023-01-06 19:00:00+02:00,9,586.176
2023-01-06 20:00:00+02:00,9,579.312
2023-01-06 21:00:00+02:00,9,603.396
2023-01-06 22:00:00+02:00,9,644.270
2023-01-06 23:00:00+02:00,9,675.283
2023-01-07 00:00:00+02:00,9,625.864
2023-01-07 01:00:00+02:00,9,609.372
2023-01-07 02:00:00+02:00,9,610.620
2023-01-07 03:00:00+02:00,9,629.593
2023-01-07 04:00:00+02:00,9,613.631
2023-01-07 05:00:00+02:00,9,587.353
2023-01-07 06:00:00+02:00,9,569.834
2023-01-07 07:00:00+02:00,9,553.936
2023-01-07 08:00:00+02:00,9,535.225
2023-01-07 09:00:00+02:00,9,508.230
2023-01-07 10:00:00+02:00,9,476.833
2023-01-07 11:00:00+02:00,9,442.673
2023-01-07 12:00:00+02:00,9,415.088
2023-01-07 13:00:00+02:00,9,398.048
2023-01-07 14:00:00+02:00,9,383.820
2023-01-07 15:00:00+02:00,9,371.484
2023-01-07 16:00:00+02:00,9,360.378
2023-01-07 17:00:00+02:00,9,352.053
2023-01-07 18:00:00+02:00,9,344.468
2023-01-07 19:00:00+02:00,9,336.846
2023-01-07 20:00:00+02:00,9,329.813
2023-01-07 21:00:00+02:00,9,322.747
2023-01-07 22:00:00+02:00,9,316.519
2023-01-07 23:00:00+02:00,9,310.419
2023-01-08 00:00:00+02:00,9,304.969
2023-01-08 01:00:00+02:00,9,298.561
2023-01-08 02:00:00+02:00,9,292.670
2023-01-08 03:00:00+02:00,9,287.393
2023-01-08 04:00:00+02:00,9,281.588
2023-01-08 05:00:00+02:00,9,276.210
2023-01-08 06:00:00+02:00,9,271.616
2023-01-08 07:00:00+02:00,9,265.940
2023-01-08 08:00:00+02:00,9,259.977
2023-01-08 09:00:00+02:00,9,253.887
2023-01-08 10:00:00+02:00,9,245.618
2023-01-08 11:00:00+02:00,9,221.071
2023-01-08 12:00:00+02:00,9,208.021
2023-01-08 13:00:00+02:00,9,177.539
2023-01-08 14:00:00+02:00,9,137.426
2023-01-08 15:00:00+02:00,9,95.996
2023-01-08 16:00:00+02:00,9,92.096
2023-01-08 17:00:00+02:00,9,105.814
2023-01-08 18:00:00+02:00,9,124.769
2023-01-08 19:00:00+02:00,9,144.484
2023-01-08 20:00:00+02:00,9,166.662
2023-01-08 21:00:00+02:00,9,182.477
2023-01-08 22:00:00+02:00,9,206.536
2023-01-08 23:00:00+02:00,9,251.224
2023-01-09 00:00:00+02:00,9,304.974
2023-01-09 01:00:00+02:00,9,357.084
2023-01-09 02:00:00+02:00,9,395.995
2023-01-09 03:00:00+02:00,9,423.371
2023-01-09 04:00:00+02:00,9,436.980
2023-01-09 05:00:00+02:00,9,439.063
2023-01-09 06:00:00+02:00,9,435.445
2023-01-09 07:00:00+02:00,9,432.403
2023-01-09 08:00:00+02:00,9,430.138
2023-01-09 09:00:00+02:00,9,428.092
2023-01-09 10:00:00+02:00,9,427.255
2023-01-09 11:00:00+02:00,9,425.718
2023-01-09 12:00:00+02:00,9,423.214
2023-01-09 13:00:00+02:00,9,423.026
2023-01-09 14:00:00+02:00,9,421.973
2023-01-09 15:00:00+02:00,9,417.424
2023-01-09 16:00:00+02:00,9,412.320
2023-01-09 17:00:00+02:00,9,409.125
2023-01-09 18:00:00+02:00,9,402.705
2023-01-09 19:00:00+02:00,9,391.430
2023-01-09 20:00:00+02:00,9,376.765
2023-01-09 21:00:00+02:00,9,360.343
2023-01-09 22:00:00+02:00,9,344.196
2023-01-09 23:00:00+02:00,9,321.506
2023-01-10 00:00:00+02:00,9,290.428
2023-01-10 01:00:00+02:00,9,258.096
2023-01-10 02:00:00+02:00,9,233.937
2023-01-10 03:00:00+02:00,9,215.779
2023-01-10 04:00:00+02:00,9,200.663
2023-01-10 05:00:00+02:00,9,186.105
2023-01-10 06:00:00+02:00,9,171.615
2023-01-10 07:00:00+02:00,9,156.897
2023-01-10 08:00:00+02:00,9,144.185
2023-01-10 09:00:00+02:00,9,135.004
2023-01-10 10:00:00+02:00,9,131.093
2023-01-10 11:00:00+02:00,9,129.435
2023-01-10 12:00:00+02:00,9,128.235
2023-01-10 13:00:00+02:00,9,127.545
2023-01-10 14:00:00+02:00,9,128.285
2023-01-10 15:00:00+02:00,9,130.676
2023-01-10 16:00:00+02:00,9,133.191
2023-01-10 17:00:00+02:00,9,135.661
2023-01-10 18:00:00+02:00,9,137.721
2023-01-10 19:00:00+02:00,9,140.825
2023-01-10 20:00:00+02:00,9,141.469
2023-01-10 21:00:00+02:00,9,141.865
2023-01-10 22:00:00+02:00,9,140.700
2023-01-10 23:00:00+02:00,9,139.277
2023-01-11 00:00:00+02:00,9,136.857
2023-01-11 01:00:00+02:00,9,134.167
2023-01-11 02:00:00+02:00,9,131.525
2023-01-11 03:00:00+02:00,9,128.871
2023-01-11 04:00:00+02:00,9,126.361
2023-01-11 05:00:00+02:00,9,124.122
2023-01-11 06:00:00+02:00,9,122.051
2023-01-11 07:00:00+02:00,9,119.901
2023-01-11 08:00:00+02:00,9,117.663
2023-01-11 09:00:00+02:00,9,115.963
2023-01-11 10:00:00+02:00,9,115.931
2023-01-11 11:00:00+02:00,9,116.540
2023-01-11 12:00:00+02:00,9,115.997
2023-01-11 13:00:00+02:00,9,116.407
2023-01-11 14:00:00+02:00,9,117.892
2023-01-11 15:00:00+02:00,9,120.756
2023-01-11 16:00:00+02:00,9,126.594
2023-01-11 17:00:00+02:00,9,139.352
2023-01-11 18:00:00+02:00,9,150.480
2023-01-11 19:00:00+02:00,9,156.888
2023-01-11 20:00:00+02:00,9,159.883
2023-01-11 21:00:00+02:00,9,159.254
2023-01-11 22:00:00+02:00,9,155.445
2023-01-11 23:00:00+02:00,9,149.229
2023-01-12 00:00:00+02:00,9,142.045
2023-01-12 01:00:00+02:00,9,136.114
2023-01-12 02:00:00+02:00,9,131.209
2023-01-12 03:00:00+02:00,9,126.454
2023-01-12 04:00:00+02:00,9,122.854
2023-01-12 05:00:00+02:00,9,120.357
2023-01-12 06:00:00+02:00,9,119.735
2023-01-12 07:00:00+02:00,9,120.870
2023-01-12 08:00:00+02:00,9,121.713
2023-01-12 09:00:00+02:00,9,121.661
2023-01-12 10:00:00+02:00,9,120.333
2023-01-12 11:00:00+02:00,9,119.287
2023-01-12 12:00:00+02:00,9,118.482
2023-01-12 13:00:00+02:00,9,117.678
2023-01-12 14:00:00+02:00,9,118.423
2023-01-12 15:00:00+02:00,9,120.549
2023-01-12 16:00:00+02:00,9,125.921
2023-01-12 17:00:00+02:00,9,132.090
2023-01-12 18:00:00+02:00,9,137.814
2023-01-12 19:00:00+02:00,9,141.841
2023-01-12 20:00:00+02:00,9,142.136
2023-01-12 21:00:00+02:00,9,140.195
2023-01-12 22:00:00+02:00,9,136.406
2023-01-12 23:00:00+02:00,9,131.683
2023-01-13 00:00:00+02:00,9,126.249
2023-01-13 01:00:00+02:00,9,121.489
2023-01-13 02:00:00+02:00,9,118.030
2023-01-13 03:00:00+02:00,9,116.496
2023-01-13 04:00:00+02:00,9,116.789
2023-01-13 05:00:00+02:00,9,116.286
2023-01-13 06:00:00+02:00,9,116.257
2023-01-13 07:00:00+02:00,9,115.808
2023-01-13 08:00:00+02:00,9,114.708
2023-01-13 09:00:00+02:00,9,113.955
2023-01-13 10:00:00+02:00,9,112.774
2023-01-13 11:00:00+02:00,9,111.412
2023-01-13 12:00:00+02:00,9,110.236
2023-01-13 13:00:00+02:00,9,109.785
2023-01-13 14:00:00+02:00,9,110.855
2023-01-13 15:00:00+02:00,9,114.212
2023-01-13 16:00:00+02:00,9,118.038
2023-01-13 17:00:00+02:00,9,126.109
2023-01-13 18:00:00+02:00,9,132.042
2023-01-13 19:00:00+02:00,9,135.644
2023-01-13 20:00:00+02:00,9,137.557
2023-01-13 21:00:00+02:00,9,138.838
2023-01-13 22:00:00+02:00,9,137.828
2023-01-13 23:00:00+02:00,9,136.290
2023-01-14 00:00:00+02:00,9,134.259
2023-01-14 01:00:00+02:00,9,131.677
2023-01-14 02:00:00+02:00,9,128.406
2023-01-14 03:00:00+02:00,9,124.991
2023-01-14 04:00:00+02:00,9,121.756
2023-01-14 05:00:00+02:00,9,118.571
2023-01-14 06:00:00+02:00,9,115.361
2023-01-14 07:00:00+02:00,9,112.737
2023-01-14 08:00:00+02:00,9,110.080
2023-01-14 09:00:00+02:00,9,107.005
2023-01-14 10:00:00+02:00,9,104.638
2023-01-14 11:00:00+02:00,9,101.548
2023-01-14 12:00:00+02:00,9,89.087
2023-01-14 13:00:00+02:00,9,71.984
2023-01-14 14:00:00+02:00,9,58.440
2023-01-14 15:00:00+02:00,9,45.014
2023-01-14 16:00:00+02:00,9,33.127
2023-01-14 17:00:00+02:00,9,27.002
2023-01-14 18:00:00+02:00,9,15.003
2023-01-14 19:00:00+02:00,9,8.283
2023-01-14 20:00:00+02:00,9,6.099
2023-01-14 21:00:00+02:00,9,4.234
2023-01-14 22:00:00+02:00,9,2.159
2023-01-14 23:00:00+02:00,9,1.191
2023-01-15 00:00:00+02:00,9,0.595
2023-01-15 01:00:00+02:00,9,0.307
2023-01-15 02:00:00+02:00,9,0.239
2023-01-15 03:00:00+02:00,9,0.162
2023-01-15 04:00:00+02:00,9,0.188
2023-01-15 05:00:00+02:00,9,0.161
2023-01-15 06:00:00+02:00,9,0.616
2023-01-15 07:00:00+02:00,9,4.182
2023-01-15 08:00:00+02:00,9,10.071
2023-01-15 09:00:00+02:00,9,12.032
2023-01-15 10:00:00+02:00,9,14.580
2023-01-15 11:00:00+02:00,9,18.528
2023-01-15 12:00:00+02:00,9,26.316
2023-01-15 13:00:00+02:00,9,35.768
2023-01-15 14:00:00+02:00,9,45.863
2023-01-15 15:00:00+02:00,9,44.231
2023-01-15 16:00:00+02:00,9,31.548
2023-01-15 17:00:00+02:00,9,21.507
2023-01-15 18:00:00+02:00,9,13.538
2023-01-15 19:00:00+02:00,9,10.347
2023-01-15 20:00:00+02:00,9,7.771
2023-01-15 21:00:00+02:00,9,5.638
2023-01-15 22:00:00+02:00,9,4.817
2023-01-15 23:00:00+02:00,9,4.346
2023-01-16 00:00:00+02:00,9,4.079
2023-01-16 01:00:00+02:00,9,4.231
2023-01-16 02:00:00+02:00,9,9.562
2023-01-16 03:00:00+02:00,9,6.304
2023-01-16 04:00:00+02:00,9,5.790
2023-01-16 05:00:00+02:00,9,5.779
2023-01-16 06:00:00+02:00,9,6.935
2023-01-16 07:00:00+02:00,9,11.977
2023-01-16 08:00:00+02:00,9,17.993
2023-01-16 09:00:00+02:00,9,17.881
2023-01-16 10:00:00+02:00,9,17.046
2023-01-16 11:00:00+02:00,9,16.661
2023-01-16 12:00:00+02:00,9,20.671
2023-01-16 13:00:00+02:00,9,26.943
2023-01-16 14:00:00+02:00,9,37.793
2023-01-16 15:00:00+02:00,9,55.113
2023-01-16 16:00:00+02:00,9,82.742
2023-01-16 17:00:00+02:00,9,147.542
2023-01-16 18:00:00+02:00,9,217.187
2023-01-16 19:00:00+02:00,9,277.032
2023-01-16 20:00:00+02:00,9,308.054
2023-01-16 21:00:00+02:00,9,312.678
2023-01-16 22:00:00+02:00,9,289.526
2023-01-16 23:00:00+02:00,9,258.011
2023-01-17 00:00:00+02:00,9,226.750
2023-01-17 01:00:00+02:00,9,201.616
2023-01-17 02:00:00+02:00,9,181.266
2023-01-17 03:00:00+02:00,9,162.507
2023-01-17 04:00:00+02:00,9,147.878
2023-01-17 05:00:00+02:00,9,141.049
2023-01-17 06:00:00+02:00,9,135.047
2023-01-17 07:00:00+02:00,9,130.497
2023-01-17 08:00:00+02:00,9,128.503
2023-01-17 09:00:00+02:00,9,128.152
2023-01-17 10:00:00+02:00,9,130.034
2023-01-17 11:00:00+02:00,9,131.995
2023-01-17 12:00:00+02:00,9,133.108
2023-01-17 13:00:00+02:00,9,136.082
2023-01-17 14:00:00+02:00,9,140.569
2023-01-17 15:00:00+02:00,9,143.512
2023-01-17 16:00:00+02:00,9,145.087
2023-01-17 17:00:00+02:00,9,145.343
2023-01-17 18:00:00+02:00,9,145.534
2023-01-17 19:00:00+02:00,9,143.736
2023-01-17 20:00:00+02:00,9,140.867
2023-01-17 21:00:00+02:00,9,137.175
2023-01-17 22:00:00+02:00,9,132.866
2023-01-17 23:00:00+02:00,9,128.769
2023-01-18 00:00:00+02:00,9,125.270
2023-01-18 01:00:00+02:00,9,122.556
2023-01-18 02:00:00+02:00,9,120.435
2023-01-18 03:00:00+02:00,9,118.880
2023-01-18 04:00:00+02:00,9,117.368
2023-01-18 05:00:00+02:00,9,115.631
2023-01-18 06:00:00+02:00,9,114.133
2023-01-18 07:00:00+02:00,9,113.379
2023-01-18 08:00:00+02:00,9,113.214
2023-01-18 09:00:00+02:00,9,113.159
2023-01-18 10:00:00+02:00,9,114.857
2023-01-18 11:00:00+02:00,9,117.563
2023-01-18 12:00:00+02:00,9,121.084
2023-01-18 13:00:00+02:00,9,125.117
2023-01-18 14:00:00+02:00,9,128.250
2023-01-18 15:00:00+02:00,9,130.652
2023-01-18 16:00:00+02:00,9,132.601
2023-01-18 17:00:00+02:00,9,133.849
2023-01-18 18:00:00+02:00,9,134.046
2023-01-18 19:00:00+02:00,9,134.314
2023-01-18 20:00:00+02:00,9,133.974
2023-01-18 21:00:00+02:00,9,133.957
2023-01-18 22:00:00+02:00,9,133.245
2023-01-18 23:00:00+02:00,9,132.354
2023-01-19 00:00:00+02:00,9,131.235
2023-01-19 01:00:00+02:00,9,130.201
2023-01-19 02:00:00+02:00,9,128.058
2023-01-19 03:00:00+02:00,9,124.276
2023-01-19 04:00:00+02:00,9,121.474
2023-01-19 05:00:00+02:00,9,119.181
2023-01-19 06:00:00+02:00,9,116.649
2023-01-19 07:00:00+02:00,9,114.624
2023-01-19 08:00:00+02:00,9,113.969
2023-01-19 09:00:00+02:00,9,112.801
2023-01-19 10:00:00+02:00,9,112.750
2023-01-19 11:00:00+02:00,9,114.538
2023-01-19 12:00:00+02:00,9,119.817
2023-01-19 13:00:00+02:00,9,130.698
2023-01-19 14:00:00+02:00,9,141.325
2023-01-19 15:00:00+02:00,9,151.889
2023-01-19 16:00:00+02:00,9,158.030
2023-01-19 17:00:00+02:00,9,146.437
2023-01-19 18:00:00+02:00,9,143.105
2023-01-19 19:00:00+02:00,9,138.157
2023-01-19 20:00:00+02:00,9,134.194
2023-01-19 21:00:00+02:00,9,126.210
2023-01-19 22:00:00+02:00,9,119.869
2023-01-19 23:00:00+02:00,9,111.802
2023-01-20 00:00:00+02:00,9,111.259
2023-01-20 01:00:00+02:00,9,113.066
2023-01-20 02:00:00+02:00,9,110.979
2023-01-20 03:00:00+02:00,9,108.831
2023-01-20 04:00:00+02:00,9,102.120
2023-01-20 05:00:00+02:00,9,94.508
2023-01-20 06:00:00+02:00,9,82.719
2023-01-20 06:00:00+02:00,9,74.142
2023-01-20 07:00:00+02:00,9,102.315
2023-01-20 08:00:00+02:00,9,123.575
2023-01-20 09:00:00+02:00,9,136.110
2023-01-20 10:00:00+02:00,9,118.431
2023-01-20 11:00:00+02:00,9,101.509
2023-01-20 12:00:00+02:00,9,55.435
2023-01-20 13:00:00+02:00,9,25.411
2023-01-20 14:00:00+02:00,9,17.019
2023-01-20 15:00:00+02:00,9,27.263
2023-01-20 16:00:00+02:00,9,34.701
2023-01-20 17:00:00+02:00,9,38.479
2023-01-20 18:00:00+02:00,9,46.298
2023-01-20 19:00:00+02:00,9,68.568
2023-01-20 20:00:00+02:00,9,123.977
2023-01-20 21:00:00+02:00,9,178.791
2023-01-20 22:00:00+02:00,9,263.978
2023-01-20 23:00:00+02:00,9,278.212
2023-01-21 00:00:00+02:00,9,244.297
2023-01-21 01:00:00+02:00,9,280.980
2023-01-21 02:00:00+02:00,9,277.989
2023-01-21 03:00:00+02:00,9,137.484
2023-01-21 04:00:00+02:00,9,151.322
2023-01-21 05:00:00+02:00,9,179.483
2023-01-21 06:00:00+02:00,9,215.941
2023-01-21 07:00:00+02:00,9,260.420
2023-01-21 08:00:00+02:00,9,313.430
2023-01-21 09:00:00+02:00,9,307.548
2023-01-21 10:00:00+02:00,9,273.794
2023-01-21 11:00:00+02:00,9,234.493
2023-01-21 12:00:00+02:00,9,132.292
2023-01-21 13:00:00+02:00,9,37.422
2023-01-21 14:00:00+02:00,9,17.516
2023-01-21 15:00:00+02:00,9,27.272
2023-01-21 16:00:00+02:00,9,34.701
2023-01-21 17:00:00+02:00,9,38.479
2023-01-21 18:00:00+02:00,9,46.298
2023-01-21 19:00:00+02:00,9,68.568
2023-01-21 20:00:00+02:00,9,123.977
2023-01-21 21:00:00+02:00,9,178.791
2023-01-21 22:00:00+02:00,9,263.978
2023-01-21 23:00:00+02:00,9,278.212
2023-01-22 00:00:00+02:00,9,244.301
2023-01-22 01:00:00+02:00,9,280.989
2023-01-22 02:00:00+02:00,9,278.020
2023-01-22 03:00:00+02:00,9,137.798
2023-01-22 04:00:00+02:00,9,152.164
2023-01-22 05:00:00+02:00,9,180.625
2022-12-30 06:00:00+02:00,10,88.534
2022-12-30 07:00:00+02:00,10,83.438
2022-12-30 08:00:00+02:00,10,76.876
2022-12-30 09:00:00+02:00,10,72.871
2022-12-30 10:00:00+02:00,10,66.226
2022-12-30 11:00:00+02:00,10,70.791
2022-12-30 12:00:00+02:00,10,62.267
2022-12-30 13:00:00+02:00,10,55.372
2022-12-30 14:00:00+02:00,10,46.066
2022-12-30 15:00:00+02:00,10,42.127
2022-12-30 16:00:00+02:00,10,38.579
2022-12-30 17:00:00+02:00,10,35.479
2022-12-30 18:00:00+02:00,10,32.349
2022-12-30 19:00:00+02:00,10,34.013
2022-12-30 20:00:00+02:00,10,34.044
2022-12-30 21:00:00+02:00,10,32.456
2022-12-30 22:00:00+02:00,10,31.704
2022-12-30 23:00:00+02:00,10,31.662
2022-12-31 00:00:00+02:00,10,32.713
2022-12-31 01:00:00+02:00,10,33.122
2022-12-31 02:00:00+02:00,10,32.932
2022-12-31 03:00:00+02:00,10,32.137
2022-12-31 04:00:00+02:00,10,31.431
2022-12-31 05:00:00+02:00,10,31.173
2022-12-31 06:00:00+02:00,10,29.959
2022-12-31 07:00:00+02:00,10,28.662
2022-12-31 08:00:00+02:00,10,27.697
2022-12-31 09:00:00+02:00,10,25.966
2022-12-31 10:00:00+02:00,10,23.553
2022-12-31 11:00:00+02:00,10,21.669
2022-12-31 12:00:00+02:00,10,18.158
2022-12-31 13:00:00+02:00,10,13.207
2022-12-31 14:00:00+02:00,10,10.472
2022-12-31 15:00:00+02:00,10,8.068
2022-12-31 16:00:00+02:00,10,6.643
2022-12-31 17:00:00+02:00,10,6.115
2022-12-31 18:00:00+02:00,10,5.909
2022-12-31 19:00:00+02:00,10,6.208
2022-12-31 20:00:00+02:00,10,6.008
2022-12-31 21:00:00+02:00,10,6.020
2022-12-31 22:00:00+02:00,10,6.748
2022-12-31 23:00:00+02:00,10,9.464
2023-01-01 00:00:00+02:00,10,12.929
2023-01-01 01:00:00+02:00,10,19.364
2023-01-01 02:00:00+02:00,10,25.667
2023-01-01 03:00:00+02:00,10,29.010
2023-01-01 04:00:00+02:00,10,31.889
2023-01-01 05:00:00+02:00,10,35.194
2023-01-01 06:00:00+02:00,10,39.269
2023-01-01 07:00:00+02:00,10,61.524
2023-01-01 08:00:00+02:00,10,93.692
2023-01-01 09:00:00+02:00,10,114.370
2023-01-01 10:00:00+02:00,10,116.593
2023-01-01 11:00:00+02:00,10,113.307
2023-01-01 12:00:00+02:00,10,108.387
2023-01-01 13:00:00+02:00,10,102.819
2023-01-01 14:00:00+02:00,10,99.649
2023-01-01 15:00:00+02:00,10,102.260
2023-01-01 16:00:00+02:00,10,114.567
2023-01-01 17:00:00+02:00,10,131.640
2023-01-01 18:00:00+02:00,10,155.426
2023-01-01 19:00:00+02:00,10,183.456
2023-01-01 20:00:00+02:00,10,210.037
2023-01-01 21:00:00+02:00,10,228.158
2023-01-01 22:00:00+02:00,10,248.170
2023-01-01 23:00:00+02:00,10,271.754
2023-01-02 00:00:00+02:00,10,289.929
2023-01-02 01:00:00+02:00,10,292.977
2023-01-02 02:00:00+02:00,10,291.071
2023-01-02 03:00:00+02:00,10,285.963
2023-01-02 04:00:00+02:00,10,279.200
2023-01-02 05:00:00+02:00,10,272.085
2023-01-02 06:00:00+02:00,10,265.041
2023-01-02 07:00:00+02:00,10,258.353
2023-01-02 08:00:00+02:00,10,252.388
2023-01-02 09:00:00+02:00,10,247.313
2023-01-02 10:00:00+02:00,10,242.684
2023-01-02 11:00:00+02:00,10,238.277
2023-01-02 12:00:00+02:00,10,233.757
2023-01-02 13:00:00+02:00,10,229.036
2023-01-02 14:00:00+02:00,10,224.264
2023-01-02 15:00:00+02:00,10,219.685
2023-01-02 16:00:00+02:00,10,215.203
2023-01-02 17:00:00+02:00,10,210.992
2023-01-02 18:00:00+02:00,10,206.994
2023-01-02 19:00:00+02:00,10,202.960
2023-01-02 20:00:00+02:00,10,199.106
2023-01-02 21:00:00+02:00,10,195.464
2023-01-02 22:00:00+02:00,10,192.034
2023-01-02 23:00:00+02:00,10,189.649
2023-01-03 00:00:00+02:00,10,188.023
2023-01-03 01:00:00+02:00,10,187.731
2023-01-03 02:00:00+02:00,10,189.849
2023-01-03 03:00:00+02:00,10,197.833
2023-01-03 04:00:00+02:00,10,203.757
2023-01-03 05:00:00+02:00,10,206.493
2023-01-03 06:00:00+02:00,10,208.657
2023-01-03 07:00:00+02:00,10,209.380
2023-01-03 08:00:00+02:00,10,205.522
2023-01-03 09:00:00+02:00,10,199.137
2023-01-03 10:00:00+02:00,10,192.512
2023-01-03 11:00:00+02:00,10,185.643
2023-01-03 12:00:00+02:00,10,179.057
2023-01-03 13:00:00+02:00,10,173.900
2023-01-03 14:00:00+02:00,10,168.435
2023-01-03 15:00:00+02:00,10,161.605
2023-01-03 16:00:00+02:00,10,155.089
2023-01-03 17:00:00+02:00,10,149.116
2023-01-03 18:00:00+02:00,10,145.252
2023-01-03 19:00:00+02:00,10,151.414
2023-01-03 20:00:00+02:00,10,147.297
2023-01-03 21:00:00+02:00,10,149.645
2023-01-03 22:00:00+02:00,10,151.197
2023-01-03 23:00:00+02:00,10,159.632
2023-01-04 00:00:00+02:00,10,167.120
2023-01-04 01:00:00+02:00,10,172.412
2023-01-04 02:00:00+02:00,10,186.562
2023-01-04 03:00:00+02:00,10,212.915
2023-01-04 04:00:00+02:00,10,229.720
2023-01-04 05:00:00+02:00,10,240.860
2023-01-04 06:00:00+02:00,10,241.994
2023-01-04 07:00:00+02:00,10,237.903
2023-01-04 08:00:00+02:00,10,229.619
2023-01-04 09:00:00+02:00,10,218.114
2023-01-04 10:00:00+02:00,10,207.312
2023-01-04 11:00:00+02:00,10,197.686
2023-01-04 12:00:00+02:00,10,188.929
2023-01-04 13:00:00+02:00,10,183.799
2023-01-04 14:00:00+02:00,10,176.637
2023-01-04 15:00:00+02:00,10,171.015
2023-01-04 16:00:00+02:00,10,172.882
2023-01-04 17:00:00+02:00,10,173.564
2023-01-04 18:00:00+02:00,10,156.778
2023-01-04 19:00:00+02:00,10,133.881
2023-01-04 20:00:00+02:00,10,112.475
2023-01-04 21:00:00+02:00,10,95.139
2023-01-04 22:00:00+02:00,10,81.970
2023-01-04 23:00:00+02:00,10,76.846
2023-01-05 00:00:00+02:00,10,70.354
2023-01-05 01:00:00+02:00,10,66.963
2023-01-05 02:00:00+02:00,10,64.496
2023-01-05 03:00:00+02:00,10,62.618
2023-01-05 04:00:00+02:00,10,61.001
2023-01-05 05:00:00+02:00,10,59.538
2023-01-05 06:00:00+02:00,10,58.415
2023-01-05 07:00:00+02:00,10,59.531
2023-01-05 08:00:00+02:00,10,58.271
2023-01-05 09:00:00+02:00,10,65.545
2023-01-05 10:00:00+02:00,10,70.402
2023-01-05 11:00:00+02:00,10,73.721
2023-01-05 12:00:00+02:00,10,72.321
2023-01-05 13:00:00+02:00,10,69.485
2023-01-05 14:00:00+02:00,10,66.533
2023-01-05 15:00:00+02:00,10,67.278
2023-01-05 16:00:00+02:00,10,85.567
2023-01-05 17:00:00+02:00,10,196.341
2023-01-05 18:00:00+02:00,10,329.945
2023-01-05 19:00:00+02:00,10,434.026
2023-01-05 20:00:00+02:00,10,513.148
2023-01-05 21:00:00+02:00,10,624.166
2023-01-05 22:00:00+02:00,10,712.472
2023-01-05 23:00:00+02:00,10,781.172
2023-01-06 00:00:00+02:00,10,702.314
2023-01-06 01:00:00+02:00,10,652.932
2023-01-06 02:00:00+02:00,10,754.013
2023-01-06 03:00:00+02:00,10,792.816
2023-01-06 04:00:00+02:00,10,782.261
2023-01-06 05:00:00+02:00,10,754.584
2023-01-06 06:00:00+02:00,10,721.222
2023-01-06 07:00:00+02:00,10,688.189
2023-01-06 08:00:00+02:00,10,657.511
2023-01-06 09:00:00+02:00,10,623.569
2023-01-06 10:00:00+02:00,10,592.404
2023-01-06 11:00:00+02:00,10,569.927
2023-01-06 12:00:00+02:00,10,567.638
2023-01-06 13:00:00+02:00,10,576.149
2023-01-06 14:00:00+02:00,10,576.592
2023-01-06 15:00:00+02:00,10,568.780
2023-01-06 16:00:00+02:00,10,581.409
2023-01-06 17:00:00+02:00,10,589.075
2023-01-06 18:00:00+02:00,10,594.244
2023-01-06 19:00:00+02:00,10,604.489
2023-01-06 20:00:00+02:00,10,602.627
2023-01-06 21:00:00+02:00,10,616.265
2023-01-06 22:00:00+02:00,10,635.421
2023-01-06 23:00:00+02:00,10,652.263
2023-01-07 00:00:00+02:00,10,657.379
2023-01-07 01:00:00+02:00,10,644.276
2023-01-07 02:00:00+02:00,10,634.626
2023-01-07 03:00:00+02:00,10,637.332
2023-01-07 04:00:00+02:00,10,631.820
2023-01-07 05:00:00+02:00,10,608.276
2023-01-07 06:00:00+02:00,10,583.780
2023-01-07 07:00:00+02:00,10,566.194
2023-01-07 08:00:00+02:00,10,546.131
2023-01-07 09:00:00+02:00,10,522.853
2023-01-07 10:00:00+02:00,10,495.920
2023-01-07 11:00:00+02:00,10,462.971
2023-01-07 12:00:00+02:00,10,432.221
2023-01-07 13:00:00+02:00,10,411.520
2023-01-07 14:00:00+02:00,10,393.652
2023-01-07 15:00:00+02:00,10,378.355
2023-01-07 16:00:00+02:00,10,364.858
2023-01-07 17:00:00+02:00,10,355.759
2023-01-07 18:00:00+02:00,10,347.792
2023-01-07 19:00:00+02:00,10,339.540
2023-01-07 20:00:00+02:00,10,332.341
2023-01-07 21:00:00+02:00,10,324.855
2023-01-07 22:00:00+02:00,10,318.930
2023-01-07 23:00:00+02:00,10,313.090
2023-01-08 00:00:00+02:00,10,308.180
2023-01-08 01:00:00+02:00,10,301.539
2023-01-08 02:00:00+02:00,10,295.743
2023-01-08 03:00:00+02:00,10,290.811
2023-01-08 04:00:00+02:00,10,284.995
2023-01-08 05:00:00+02:00,10,279.751
2023-01-08 06:00:00+02:00,10,275.552
2023-01-08 07:00:00+02:00,10,269.683
2023-01-08 08:00:00+02:00,10,262.881
2023-01-08 09:00:00+02:00,10,255.821
2023-01-08 10:00:00+02:00,10,248.582
2023-01-08 11:00:00+02:00,10,236.720
2023-01-08 12:00:00+02:00,10,228.806
2023-01-08 13:00:00+02:00,10,213.532
2023-01-08 14:00:00+02:00,10,189.126
2023-01-08 15:00:00+02:00,10,156.350
2023-01-08 16:00:00+02:00,10,151.522
2023-01-08 17:00:00+02:00,10,157.622
2023-01-08 18:00:00+02:00,10,166.589
2023-01-08 19:00:00+02:00,10,175.817
2023-01-08 20:00:00+02:00,10,186.797
2023-01-08 21:00:00+02:00,10,196.442
2023-01-08 22:00:00+02:00,10,223.141
2023-01-08 23:00:00+02:00,10,279.818
2023-01-09 00:00:00+02:00,10,339.729
2023-01-09 01:00:00+02:00,10,390.043
2023-01-09 02:00:00+02:00,10,422.246
2023-01-09 03:00:00+02:00,10,440.737
2023-01-09 04:00:00+02:00,10,446.341
2023-01-09 05:00:00+02:00,10,443.637
2023-01-09 06:00:00+02:00,10,438.424
2023-01-09 07:00:00+02:00,10,436.042
2023-01-09 08:00:00+02:00,10,435.254
2023-01-09 09:00:00+02:00,10,434.363
2023-01-09 10:00:00+02:00,10,434.414
2023-01-09 11:00:00+02:00,10,433.283
2023-01-09 12:00:00+02:00,10,430.832
2023-01-09 13:00:00+02:00,10,430.345
2023-01-09 14:00:00+02:00,10,428.503
2023-01-09 15:00:00+02:00,10,423.195
2023-01-09 16:00:00+02:00,10,417.211
2023-01-09 17:00:00+02:00,10,411.878
2023-01-09 18:00:00+02:00,10,402.424
2023-01-09 19:00:00+02:00,10,387.889
2023-01-09 20:00:00+02:00,10,370.537
2023-01-09 21:00:00+02:00,10,352.035
2023-01-09 22:00:00+02:00,10,334.472
2023-01-09 23:00:00+02:00,10,309.984
2023-01-10 00:00:00+02:00,10,277.429
2023-01-10 01:00:00+02:00,10,245.128
2023-01-10 02:00:00+02:00,10,221.956
2023-01-10 03:00:00+02:00,10,204.859
2023-01-10 04:00:00+02:00,10,190.705
2023-01-10 05:00:00+02:00,10,177.095
2023-01-10 06:00:00+02:00,10,163.615
2023-01-10 07:00:00+02:00,10,150.257
2023-01-10 08:00:00+02:00,10,139.516
2023-01-10 09:00:00+02:00,10,133.136
2023-01-10 10:00:00+02:00,10,131.231
2023-01-10 11:00:00+02:00,10,131.001
2023-01-10 12:00:00+02:00,10,130.456
2023-01-10 13:00:00+02:00,10,130.197
2023-01-10 14:00:00+02:00,10,131.200
2023-01-10 15:00:00+02:00,10,133.544
2023-01-10 16:00:00+02:00,10,136.165
2023-01-10 17:00:00+02:00,10,139.030
2023-01-10 18:00:00+02:00,10,141.334
2023-01-10 19:00:00+02:00,10,144.255
2023-01-10 20:00:00+02:00,10,144.398
2023-01-10 21:00:00+02:00,10,143.976
2023-01-10 22:00:00+02:00,10,142.140
2023-01-10 23:00:00+02:00,10,139.890
2023-01-11 00:00:00+02:00,10,137.052
2023-01-11 01:00:00+02:00,10,134.217
2023-01-11 02:00:00+02:00,10,131.719
2023-01-11 03:00:00+02:00,10,129.116
2023-01-11 04:00:00+02:00,10,126.717
2023-01-11 05:00:00+02:00,10,124.686
2023-01-11 06:00:00+02:00,10,122.815
2023-01-11 07:00:00+02:00,10,120.783
2023-01-11 08:00:00+02:00,10,118.604
2023-01-11 09:00:00+02:00,10,117.113
2023-01-11 10:00:00+02:00,10,117.835
2023-01-11 11:00:00+02:00,10,119.536
2023-01-11 12:00:00+02:00,10,119.617
2023-01-11 13:00:00+02:00,10,120.900
2023-01-11 14:00:00+02:00,10,123.416
2023-01-11 15:00:00+02:00,10,127.358
2023-01-11 16:00:00+02:00,10,134.243
2023-01-11 17:00:00+02:00,10,147.168
2023-01-11 18:00:00+02:00,10,156.696
2023-01-11 19:00:00+02:00,10,161.147
2023-01-11 20:00:00+02:00,10,162.197
2023-01-11 21:00:00+02:00,10,159.769
2023-01-11 22:00:00+02:00,10,154.475
2023-01-11 23:00:00+02:00,10,147.388
2023-01-12 00:00:00+02:00,10,140.099
2023-01-12 01:00:00+02:00,10,134.456
2023-01-12 02:00:00+02:00,10,129.896
2023-01-12 03:00:00+02:00,10,125.637
2023-01-12 04:00:00+02:00,10,122.597
2023-01-12 05:00:00+02:00,10,120.677
2023-01-12 06:00:00+02:00,10,121.014
2023-01-12 07:00:00+02:00,10,122.789
2023-01-12 08:00:00+02:00,10,123.826
2023-01-12 09:00:00+02:00,10,123.789
2023-01-12 10:00:00+02:00,10,122.423
2023-01-12 11:00:00+02:00,10,121.330
2023-01-12 12:00:00+02:00,10,120.473
2023-01-12 13:00:00+02:00,10,119.640
2023-01-12 14:00:00+02:00,10,120.597
2023-01-12 15:00:00+02:00,10,123.615
2023-01-12 16:00:00+02:00,10,130.497
2023-01-12 17:00:00+02:00,10,137.346
2023-01-12 18:00:00+02:00,10,142.570
2023-01-12 19:00:00+02:00,10,145.007
2023-01-12 20:00:00+02:00,10,143.647
2023-01-12 21:00:00+02:00,10,140.135
2023-01-12 22:00:00+02:00,10,135.274
2023-01-12 23:00:00+02:00,10,130.066
2023-01-13 00:00:00+02:00,10,124.699
2023-01-13 01:00:00+02:00,10,120.523
2023-01-13 02:00:00+02:00,10,117.826
2023-01-13 03:00:00+02:00,10,117.302
2023-01-13 04:00:00+02:00,10,118.035
2023-01-13 05:00:00+02:00,10,117.565
2023-01-13 06:00:00+02:00,10,117.376
2023-01-13 07:00:00+02:00,10,116.643
2023-01-13 08:00:00+02:00,10,115.443
2023-01-13 09:00:00+02:00,10,114.960
2023-01-13 10:00:00+02:00,10,114.071
2023-01-13 11:00:00+02:00,10,112.930
2023-01-13 12:00:00+02:00,10,111.985
2023-01-13 13:00:00+02:00,10,111.864
2023-01-13 14:00:00+02:00,10,113.461
2023-01-13 15:00:00+02:00,10,117.760
2023-01-13 16:00:00+02:00,10,122.575
2023-01-13 17:00:00+02:00,10,131.590
2023-01-13 18:00:00+02:00,10,137.331
2023-01-13 19:00:00+02:00,10,140.174
2023-01-13 20:00:00+02:00,10,141.115
2023-01-13 21:00:00+02:00,10,141.172
2023-01-13 22:00:00+02:00,10,139.424
2023-01-13 23:00:00+02:00,10,137.286
2023-01-14 00:00:00+02:00,10,134.906
2023-01-14 01:00:00+02:00,10,132.251
2023-01-14 02:00:00+02:00,10,129.178
2023-01-14 03:00:00+02:00,10,125.943
2023-01-14 04:00:00+02:00,10,122.817
2023-01-14 05:00:00+02:00,10,119.714
2023-01-14 06:00:00+02:00,10,116.570
2023-01-14 07:00:00+02:00,10,113.933
2023-01-14 08:00:00+02:00,10,111.262
2023-01-14 09:00:00+02:00,10,108.268
2023-01-14 10:00:00+02:00,10,105.930
2023-01-14 11:00:00+02:00,10,103.422
2023-01-14 12:00:00+02:00,10,97.897
2023-01-14 13:00:00+02:00,10,89.016
2023-01-14 14:00:00+02:00,10,80.353
2023-01-14 15:00:00+02:00,10,70.168
2023-01-14 16:00:00+02:00,10,59.088
2023-01-14 17:00:00+02:00,10,52.202
2023-01-14 18:00:00+02:00,10,36.072
2023-01-14 19:00:00+02:00,10,23.831
2023-01-14 20:00:00+02:00,10,18.951
2023-01-14 21:00:00+02:00,10,14.329
2023-01-14 22:00:00+02:00,10,8.502
2023-01-14 23:00:00+02:00,10,5.320
2023-01-15 00:00:00+02:00,10,3.057
2023-01-15 01:00:00+02:00,10,1.791
2023-01-15 02:00:00+02:00,10,1.458
2023-01-15 03:00:00+02:00,10,1.057
2023-01-15 04:00:00+02:00,10,1.127
2023-01-15 05:00:00+02:00,10,0.977
2023-01-15 06:00:00+02:00,10,2.133
2023-01-15 07:00:00+02:00,10,8.202
2023-01-15 08:00:00+02:00,10,16.012
2023-01-15 09:00:00+02:00,10,18.381
2023-01-15 10:00:00+02:00,10,21.435
2023-01-15 11:00:00+02:00,10,26.213
2023-01-15 12:00:00+02:00,10,36.070
2023-01-15 13:00:00+02:00,10,48.776
2023-01-15 14:00:00+02:00,10,62.663
2023-01-15 15:00:00+02:00,10,60.697
2023-01-15 16:00:00+02:00,10,47.186
2023-01-15 17:00:00+02:00,10,34.162
2023-01-15 18:00:00+02:00,10,22.510
2023-01-15 19:00:00+02:00,10,17.443
2023-01-15 20:00:00+02:00,10,13.147
2023-01-15 21:00:00+02:00,10,9.579
2023-01-15 22:00:00+02:00,10,8.158
2023-01-15 23:00:00+02:00,10,7.292
2023-01-16 00:00:00+02:00,10,6.781
2023-01-16 01:00:00+02:00,10,7.043
2023-01-16 02:00:00+02:00,10,9.560
2023-01-16 03:00:00+02:00,10,8.530
2023-01-16 04:00:00+02:00,10,8.077
2023-01-16 05:00:00+02:00,10,7.981
2023-01-16 06:00:00+02:00,10,9.112
2023-01-16 07:00:00+02:00,10,16.640
2023-01-16 08:00:00+02:00,10,25.007
2023-01-16 09:00:00+02:00,10,24.838
2023-01-16 10:00:00+02:00,10,23.856
2023-01-16 11:00:00+02:00,10,23.333
2023-01-16 12:00:00+02:00,10,28.519
2023-01-16 13:00:00+02:00,10,36.538
2023-01-16 14:00:00+02:00,10,50.627
2023-01-16 15:00:00+02:00,10,73.675
2023-01-16 16:00:00+02:00,10,109.509
2023-01-16 17:00:00+02:00,10,185.094
2023-01-16 18:00:00+02:00,10,254.509
2023-01-16 19:00:00+02:00,10,303.797
2023-01-16 20:00:00+02:00,10,320.807
2023-01-16 21:00:00+02:00,10,310.637
2023-01-16 22:00:00+02:00,10,278.326
2023-01-16 23:00:00+02:00,10,244.100
2023-01-17 00:00:00+02:00,10,213.240
2023-01-17 01:00:00+02:00,10,189.721
2023-01-17 02:00:00+02:00,10,171.341
2023-01-17 03:00:00+02:00,10,155.053
2023-01-17 04:00:00+02:00,10,143.072
2023-01-17 05:00:00+02:00,10,137.539
2023-01-17 06:00:00+02:00,10,132.990
2023-01-17 07:00:00+02:00,10,130.154
2023-01-17 08:00:00+02:00,10,129.681
2023-01-17 09:00:00+02:00,10,130.405
2023-01-17 10:00:00+02:00,10,133.354
2023-01-17 11:00:00+02:00,10,135.893
2023-01-17 12:00:00+02:00,10,137.208
2023-01-17 13:00:00+02:00,10,140.162
2023-01-17 14:00:00+02:00,10,144.116
2023-01-17 15:00:00+02:00,10,146.379
2023-01-17 16:00:00+02:00,10,147.447
2023-01-17 17:00:00+02:00,10,147.296
2023-01-17 18:00:00+02:00,10,146.709
2023-01-17 19:00:00+02:00,10,144.120
2023-01-17 20:00:00+02:00,10,140.659
2023-01-17 21:00:00+02:00,10,136.421
2023-01-17 22:00:00+02:00,10,131.922
2023-01-17 23:00:00+02:00,10,128.023
2023-01-18 00:00:00+02:00,10,124.961
2023-01-18 01:00:00+02:00,10,122.665
2023-01-18 02:00:00+02:00,10,120.861
2023-01-18 03:00:00+02:00,10,119.487
2023-01-18 04:00:00+02:00,10,118.051
2023-01-18 05:00:00+02:00,10,116.382
2023-01-18 06:00:00+02:00,10,115.016
2023-01-18 07:00:00+02:00,10,114.568
2023-01-18 08:00:00+02:00,10,114.864
2023-01-18 09:00:00+02:00,10,115.301
2023-01-18 10:00:00+02:00,10,117.806
2023-01-18 11:00:00+02:00,10,121.229
2023-01-18 12:00:00+02:00,10,125.150
2023-01-18 13:00:00+02:00,10,129.172
2023-01-18 14:00:00+02:00,10,132.003
2023-01-18 15:00:00+02:00,10,133.979
2023-01-18 16:00:00+02:00,10,135.462
2023-01-18 17:00:00+02:00,10,136.318
2023-01-18 18:00:00+02:00,10,136.276
2023-01-18 19:00:00+02:00,10,136.386
2023-01-18 20:00:00+02:00,10,135.957
2023-01-18 21:00:00+02:00,10,135.849
2023-01-18 22:00:00+02:00,10,135.040
2023-01-18 23:00:00+02:00,10,134.038
2023-01-19 00:00:00+02:00,10,132.807
2023-01-19 01:00:00+02:00,10,131.661
2023-01-19 02:00:00+02:00,10,129.466
2023-01-19 03:00:00+02:00,10,125.714
2023-01-19 04:00:00+02:00,10,122.870
2023-01-19 05:00:00+02:00,10,120.541
2023-01-19 06:00:00+02:00,10,117.963
2023-01-19 07:00:00+02:00,10,115.903
2023-01-19 08:00:00+02:00,10,115.214
2023-01-19 09:00:00+02:00,10,114.101
2023-01-19 10:00:00+02:00,10,114.625
2023-01-19 11:00:00+02:00,10,118.293
2023-01-19 12:00:00+02:00,10,126.901
2023-01-19 13:00:00+02:00,10,141.836
2023-01-19 14:00:00+02:00,10,154.686
2023-01-19 15:00:00+02:00,10,166.025
2023-01-19 16:00:00+02:00,10,171.820
2023-01-19 17:00:00+02:00,10,161.170
2023-01-19 18:00:00+02:00,10,157.563
2023-01-19 19:00:00+02:00,10,152.362
2023-01-19 20:00:00+02:00,10,148.059
2023-01-19 21:00:00+02:00,10,139.306
2023-01-19 22:00:00+02:00,10,132.139
2023-01-19 23:00:00+02:00,10,123.112
2023-01-20 00:00:00+02:00,10,122.422
2023-01-20 01:00:00+02:00,10,124.105
2023-01-20 02:00:00+02:00,10,121.792
2023-01-20 03:00:00+02:00,10,119.422
2023-01-20 04:00:00+02:00,10,111.850
2023-01-20 05:00:00+02:00,10,103.506
2023-01-20 06:00:00+02:00,10,91.297
2023-01-20 06:00:00+02:00,10,81.829
2023-01-20 07:00:00+02:00,10,94.387
2023-01-20 08:00:00+02:00,10,103.221
2023-01-20 09:00:00+02:00,10,120.596
2023-01-20 10:00:00+02:00,10,125.085
2023-01-20 11:00:00+02:00,10,118.995
2023-01-20 12:00:00+02:00,10,82.141
2023-01-20 13:00:00+02:00,10,38.779
2023-01-20 14:00:00+02:00,10,22.380
2023-01-20 15:00:00+02:00,10,31.972
2023-01-20 16:00:00+02:00,10,41.334
2023-01-20 17:00:00+02:00,10,46.529
2023-01-20 18:00:00+02:00,10,55.160
2023-01-20 19:00:00+02:00,10,77.795
2023-01-20 20:00:00+02:00,10,122.618
2023-01-20 21:00:00+02:00,10,171.786
2023-01-20 22:00:00+02:00,10,182.976
2023-01-20 23:00:00+02:00,10,158.708
2023-01-21 00:00:00+02:00,10,127.433
2023-01-21 01:00:00+02:00,10,139.095
2023-01-21 02:00:00+02:00,10,135.455
2023-01-21 03:00:00+02:00,10,119.720
2023-01-21 04:00:00+02:00,10,185.681
2023-01-21 05:00:00+02:00,10,225.404
2023-01-21 06:00:00+02:00,10,259.527
2023-01-21 07:00:00+02:00,10,315.012
2023-01-21 08:00:00+02:00,10,386.318
2023-01-21 09:00:00+02:00,10,368.325
2023-01-21 10:00:00+02:00,10,327.071
2023-01-21 11:00:00+02:00,10,268.032
2023-01-21 12:00:00+02:00,10,188.630
2023-01-21 13:00:00+02:00,10,69.280
2023-01-21 14:00:00+02:00,10,24.912
2023-01-21 15:00:00+02:00,10,32.056
2023-01-21 16:00:00+02:00,10,41.337
2023-01-21 17:00:00+02:00,10,46.529
2023-01-21 18:00:00+02:00,10,55.160
2023-01-21 19:00:00+02:00,10,77.795
2023-01-21 20:00:00+02:00,10,122.618
2023-01-21 21:00:00+02:00,10,171.786
2023-01-21 22:00:00+02:00,10,182.976
2023-01-21 23:00:00+02:00,10,158.709
2023-01-22 00:00:00+02:00,10,127.443
2023-01-22 01:00:00+02:00,10,139.120
2023-01-22 02:00:00+02:00,10,135.532
2023-01-22 03:00:00+02:00,10,120.382
2023-01-22 04:00:00+02:00,10,187.311
2023-01-22 05:00:00+02:00,10,227.550
2022-12-30 06:00:00+02:00,11,81.739
2022-12-30 07:00:00+02:00,11,82.148
2022-12-30 08:00:00+02:00,11,79.845
2022-12-30 09:00:00+02:00,11,77.084
2022-12-30 10:00:00+02:00,11,71.715
2022-12-30 11:00:00+02:00,11,69.060
2022-12-30 12:00:00+02:00,11,66.548
2022-12-30 13:00:00+02:00,11,61.994
2022-12-30 14:00:00+02:00,11,53.440
2022-12-30 15:00:00+02:00,11,49.246
2022-12-30 16:00:00+02:00,11,45.292
2022-12-30 17:00:00+02:00,11,41.699
2022-12-30 18:00:00+02:00,11,37.969
2022-12-30 19:00:00+02:00,11,39.569
2022-12-30 20:00:00+02:00,11,39.471
2022-12-30 21:00:00+02:00,11,37.644
2022-12-30 22:00:00+02:00,11,36.770
2022-12-30 23:00:00+02:00,11,36.618
2022-12-31 00:00:00+02:00,11,37.498
2022-12-31 01:00:00+02:00,11,37.726
2022-12-31 02:00:00+02:00,11,37.394
2022-12-31 03:00:00+02:00,11,36.503
2022-12-31 04:00:00+02:00,11,35.704
2022-12-31 05:00:00+02:00,11,35.319
2022-12-31 06:00:00+02:00,11,33.969
2022-12-31 07:00:00+02:00,11,32.461
2022-12-31 08:00:00+02:00,11,31.312
2022-12-31 09:00:00+02:00,11,29.022
2022-12-31 10:00:00+02:00,11,25.537
2022-12-31 11:00:00+02:00,11,23.275
2022-12-31 12:00:00+02:00,11,20.649
2022-12-31 13:00:00+02:00,11,17.148
2022-12-31 14:00:00+02:00,11,14.837
2022-12-31 15:00:00+02:00,11,12.552
2022-12-31 16:00:00+02:00,11,11.021
2022-12-31 17:00:00+02:00,11,10.374
2022-12-31 18:00:00+02:00,11,10.073
2022-12-31 19:00:00+02:00,11,10.228
2022-12-31 20:00:00+02:00,11,9.939
2022-12-31 21:00:00+02:00,11,9.852
2022-12-31 22:00:00+02:00,11,10.377
2022-12-31 23:00:00+02:00,11,12.664
2023-01-01 00:00:00+02:00,11,16.852
2023-01-01 01:00:00+02:00,11,27.400
2023-01-01 02:00:00+02:00,11,37.635
2023-01-01 03:00:00+02:00,11,42.856
2023-01-01 04:00:00+02:00,11,47.222
2023-01-01 05:00:00+02:00,11,52.085
2023-01-01 06:00:00+02:00,11,57.897
2023-01-01 07:00:00+02:00,11,87.563
2023-01-01 08:00:00+02:00,11,126.153
2023-01-01 09:00:00+02:00,11,149.061
2023-01-01 10:00:00+02:00,11,151.029
2023-01-01 11:00:00+02:00,11,146.903
2023-01-01 12:00:00+02:00,11,141.002
2023-01-01 13:00:00+02:00,11,134.592
2023-01-01 14:00:00+02:00,11,130.758
2023-01-01 15:00:00+02:00,11,133.138
2023-01-01 16:00:00+02:00,11,145.900
2023-01-01 17:00:00+02:00,11,163.516
2023-01-01 18:00:00+02:00,11,188.088
2023-01-01 19:00:00+02:00,11,216.732
2023-01-01 20:00:00+02:00,11,242.617
2023-01-01 21:00:00+02:00,11,258.766
2023-01-01 22:00:00+02:00,11,275.072
2023-01-01 23:00:00+02:00,11,291.765
2023-01-02 00:00:00+02:00,11,300.847
2023-01-02 01:00:00+02:00,11,298.630
2023-01-02 02:00:00+02:00,11,293.054
2023-01-02 03:00:00+02:00,11,285.734
2023-01-02 04:00:00+02:00,11,278.047
2023-01-02 05:00:00+02:00,11,270.716
2023-01-02 06:00:00+02:00,11,263.830
2023-01-02 07:00:00+02:00,11,257.568
2023-01-02 08:00:00+02:00,11,252.177
2023-01-02 09:00:00+02:00,11,247.703
2023-01-02 10:00:00+02:00,11,243.382
2023-01-02 11:00:00+02:00,11,239.146
2023-01-02 12:00:00+02:00,11,234.660
2023-01-02 13:00:00+02:00,11,229.925
2023-01-02 14:00:00+02:00,11,225.124
2023-01-02 15:00:00+02:00,11,220.529
2023-01-02 16:00:00+02:00,11,216.030
2023-01-02 17:00:00+02:00,11,211.797
2023-01-02 18:00:00+02:00,11,207.739
2023-01-02 19:00:00+02:00,11,203.639
2023-01-02 20:00:00+02:00,11,199.689
2023-01-02 21:00:00+02:00,11,196.068
2023-01-02 22:00:00+02:00,11,193.051
2023-01-02 23:00:00+02:00,11,191.919
2023-01-03 00:00:00+02:00,11,191.689
2023-01-03 01:00:00+02:00,11,192.971
2023-01-03 02:00:00+02:00,11,196.773
2023-01-03 03:00:00+02:00,11,206.067
2023-01-03 04:00:00+02:00,11,211.478
2023-01-03 05:00:00+02:00,11,213.001
2023-01-03 06:00:00+02:00,11,213.231
2023-01-03 07:00:00+02:00,11,210.997
2023-01-03 08:00:00+02:00,11,204.605
2023-01-03 09:00:00+02:00,11,196.900
2023-01-03 10:00:00+02:00,11,189.674
2023-01-03 11:00:00+02:00,11,182.433
2023-01-03 12:00:00+02:00,11,175.644
2023-01-03 13:00:00+02:00,11,170.455
2023-01-03 14:00:00+02:00,11,164.975
2023-01-03 15:00:00+02:00,11,158.250
2023-01-03 16:00:00+02:00,11,152.244
2023-01-03 17:00:00+02:00,11,147.578
2023-01-03 18:00:00+02:00,11,145.390
2023-01-03 19:00:00+02:00,11,143.767
2023-01-03 20:00:00+02:00,11,147.307
2023-01-03 21:00:00+02:00,11,155.500
2023-01-03 22:00:00+02:00,11,159.070
2023-01-03 23:00:00+02:00,11,171.972
2023-01-04 00:00:00+02:00,11,182.830
2023-01-04 01:00:00+02:00,11,190.155
2023-01-04 02:00:00+02:00,11,207.065
2023-01-04 03:00:00+02:00,11,233.328
2023-01-04 04:00:00+02:00,11,245.783
2023-01-04 05:00:00+02:00,11,249.937
2023-01-04 06:00:00+02:00,11,245.604
2023-01-04 07:00:00+02:00,11,236.115
2023-01-04 08:00:00+02:00,11,224.753
2023-01-04 09:00:00+02:00,11,211.252
2023-01-04 10:00:00+02:00,11,199.925
2023-01-04 11:00:00+02:00,11,190.418
2023-01-04 12:00:00+02:00,11,182.107
2023-01-04 13:00:00+02:00,11,177.246
2023-01-04 14:00:00+02:00,11,170.680
2023-01-04 15:00:00+02:00,11,165.541
2023-01-04 16:00:00+02:00,11,166.823
2023-01-04 17:00:00+02:00,11,170.743
2023-01-04 18:00:00+02:00,11,164.320
2023-01-04 19:00:00+02:00,11,148.157
2023-01-04 20:00:00+02:00,11,128.275
2023-01-04 21:00:00+02:00,11,108.783
2023-01-04 22:00:00+02:00,11,91.382
2023-01-04 23:00:00+02:00,11,84.231
2023-01-05 00:00:00+02:00,11,74.185
2023-01-05 01:00:00+02:00,11,69.236
2023-01-05 02:00:00+02:00,11,65.872
2023-01-05 03:00:00+02:00,11,63.538
2023-01-05 04:00:00+02:00,11,61.645
2023-01-05 05:00:00+02:00,11,60.003
2023-01-05 06:00:00+02:00,11,58.959
2023-01-05 07:00:00+02:00,11,58.084
2023-01-05 08:00:00+02:00,11,57.402
2023-01-05 09:00:00+02:00,11,57.338
2023-01-05 10:00:00+02:00,11,59.338
2023-01-05 11:00:00+02:00,11,64.429
2023-01-05 12:00:00+02:00,11,66.727
2023-01-05 13:00:00+02:00,11,66.870
2023-01-05 14:00:00+02:00,11,66.228
2023-01-05 15:00:00+02:00,11,65.495
2023-01-05 16:00:00+02:00,11,68.990
2023-01-05 17:00:00+02:00,11,99.872
2023-01-05 18:00:00+02:00,11,157.221
2023-01-05 19:00:00+02:00,11,155.850
2023-01-05 20:00:00+02:00,11,150.973
2023-01-05 21:00:00+02:00,11,203.333
2023-01-05 22:00:00+02:00,11,256.450
2023-01-05 23:00:00+02:00,11,445.282
2023-01-06 00:00:00+02:00,11,595.297
2023-01-06 01:00:00+02:00,11,625.343
2023-01-06 02:00:00+02:00,11,698.025
2023-01-06 03:00:00+02:00,11,761.143
2023-01-06 04:00:00+02:00,11,774.039
2023-01-06 05:00:00+02:00,11,758.439
2023-01-06 06:00:00+02:00,11,730.453
2023-01-06 07:00:00+02:00,11,698.389
2023-01-06 08:00:00+02:00,11,666.952
2023-01-06 09:00:00+02:00,11,634.779
2023-01-06 10:00:00+02:00,11,603.001
2023-01-06 11:00:00+02:00,11,576.510
2023-01-06 12:00:00+02:00,11,564.017
2023-01-06 13:00:00+02:00,11,565.606
2023-01-06 14:00:00+02:00,11,568.818
2023-01-06 15:00:00+02:00,11,565.619
2023-01-06 16:00:00+02:00,11,562.885
2023-01-06 17:00:00+02:00,11,567.899
2023-01-06 18:00:00+02:00,11,576.708
2023-01-06 19:00:00+02:00,11,582.325
2023-01-06 20:00:00+02:00,11,588.823
2023-01-06 21:00:00+02:00,11,586.667
2023-01-06 22:00:00+02:00,11,580.777
2023-01-06 23:00:00+02:00,11,576.005
2023-01-07 00:00:00+02:00,11,603.057
2023-01-07 01:00:00+02:00,11,614.928
2023-01-07 02:00:00+02:00,11,615.335
2023-01-07 03:00:00+02:00,11,605.707
2023-01-07 04:00:00+02:00,11,605.764
2023-01-07 05:00:00+02:00,11,604.352
2023-01-07 06:00:00+02:00,11,590.032
2023-01-07 07:00:00+02:00,11,574.911
2023-01-07 08:00:00+02:00,11,556.428
2023-01-07 09:00:00+02:00,11,535.113
2023-01-07 10:00:00+02:00,11,511.872
2023-01-07 11:00:00+02:00,11,482.655
2023-01-07 12:00:00+02:00,11,452.101
2023-01-07 13:00:00+02:00,11,429.405
2023-01-07 14:00:00+02:00,11,408.404
2023-01-07 15:00:00+02:00,11,389.641
2023-01-07 16:00:00+02:00,11,372.734
2023-01-07 17:00:00+02:00,11,362.474
2023-01-07 18:00:00+02:00,11,353.941
2023-01-07 19:00:00+02:00,11,344.766
2023-01-07 20:00:00+02:00,11,337.303
2023-01-07 21:00:00+02:00,11,329.182
2023-01-07 22:00:00+02:00,11,323.612
2023-01-07 23:00:00+02:00,11,318.055
2023-01-08 00:00:00+02:00,11,313.736
2023-01-08 01:00:00+02:00,11,306.807
2023-01-08 02:00:00+02:00,11,301.075
2023-01-08 03:00:00+02:00,11,296.467
2023-01-08 04:00:00+02:00,11,290.596
2023-01-08 05:00:00+02:00,11,285.444
2023-01-08 06:00:00+02:00,11,281.575
2023-01-08 07:00:00+02:00,11,275.505
2023-01-08 08:00:00+02:00,11,267.948
2023-01-08 09:00:00+02:00,11,259.620
2023-01-08 10:00:00+02:00,11,251.348
2023-01-08 11:00:00+02:00,11,243.121
2023-01-08 12:00:00+02:00,11,236.989
2023-01-08 13:00:00+02:00,11,228.283
2023-01-08 14:00:00+02:00,11,215.210
2023-01-08 15:00:00+02:00,11,195.514
2023-01-08 16:00:00+02:00,11,190.523
2023-01-08 17:00:00+02:00,11,190.951
2023-01-08 18:00:00+02:00,11,192.897
2023-01-08 19:00:00+02:00,11,195.357
2023-01-08 20:00:00+02:00,11,200.369
2023-01-08 21:00:00+02:00,11,209.337
2023-01-08 22:00:00+02:00,11,246.381
2023-01-08 23:00:00+02:00,11,317.296
2023-01-09 00:00:00+02:00,11,379.647
2023-01-09 01:00:00+02:00,11,423.416
2023-01-09 02:00:00+02:00,11,445.810
2023-01-09 03:00:00+02:00,11,454.248
2023-01-09 04:00:00+02:00,11,452.542
2023-01-09 05:00:00+02:00,11,446.690
2023-01-09 06:00:00+02:00,11,441.418
2023-01-09 07:00:00+02:00,11,440.983
2023-01-09 08:00:00+02:00,11,442.084
2023-01-09 09:00:00+02:00,11,442.344
2023-01-09 10:00:00+02:00,11,443.074
2023-01-09 11:00:00+02:00,11,442.048
2023-01-09 12:00:00+02:00,11,439.322
2023-01-09 13:00:00+02:00,11,438.006
2023-01-09 14:00:00+02:00,11,434.806
2023-01-09 15:00:00+02:00,11,428.390
2023-01-09 16:00:00+02:00,11,421.199
2023-01-09 17:00:00+02:00,11,413.051
2023-01-09 18:00:00+02:00,11,399.875
2023-01-09 19:00:00+02:00,11,381.667
2023-01-09 20:00:00+02:00,11,361.521
2023-01-09 21:00:00+02:00,11,340.971
2023-01-09 22:00:00+02:00,11,322.082
2023-01-09 23:00:00+02:00,11,296.011
2023-01-10 00:00:00+02:00,11,262.560
2023-01-10 01:00:00+02:00,11,231.154
2023-01-10 02:00:00+02:00,11,209.483
2023-01-10 03:00:00+02:00,11,193.649
2023-01-10 04:00:00+02:00,11,180.523
2023-01-10 05:00:00+02:00,11,167.903
2023-01-10 06:00:00+02:00,11,155.568
2023-01-10 07:00:00+02:00,11,143.960
2023-01-10 08:00:00+02:00,11,135.798
2023-01-10 09:00:00+02:00,11,132.750
2023-01-10 10:00:00+02:00,11,132.895
2023-01-10 11:00:00+02:00,11,133.864
2023-01-10 12:00:00+02:00,11,133.725
2023-01-10 13:00:00+02:00,11,133.613
2023-01-10 14:00:00+02:00,11,134.523
2023-01-10 15:00:00+02:00,11,136.688
2023-01-10 16:00:00+02:00,11,139.666
2023-01-10 17:00:00+02:00,11,143.060
2023-01-10 18:00:00+02:00,11,145.445
2023-01-10 19:00:00+02:00,11,147.735
2023-01-10 20:00:00+02:00,11,147.073
2023-01-10 21:00:00+02:00,11,145.602
2023-01-10 22:00:00+02:00,11,143.049
2023-01-10 23:00:00+02:00,11,140.074
2023-01-11 00:00:00+02:00,11,137.010
2023-01-11 01:00:00+02:00,11,134.317
2023-01-11 02:00:00+02:00,11,132.149
2023-01-11 03:00:00+02:00,11,129.626
2023-01-11 04:00:00+02:00,11,127.386
2023-01-11 05:00:00+02:00,11,125.616
2023-01-11 06:00:00+02:00,11,123.979
2023-01-11 07:00:00+02:00,11,122.085
2023-01-11 08:00:00+02:00,11,119.979
2023-01-11 09:00:00+02:00,11,118.766
2023-01-11 10:00:00+02:00,11,120.686
2023-01-11 11:00:00+02:00,11,124.076
2023-01-11 12:00:00+02:00,11,125.026
2023-01-11 13:00:00+02:00,11,127.415
2023-01-11 14:00:00+02:00,11,131.080
2023-01-11 15:00:00+02:00,11,136.008
2023-01-11 16:00:00+02:00,11,143.463
2023-01-11 17:00:00+02:00,11,155.357
2023-01-11 18:00:00+02:00,11,162.474
2023-01-11 19:00:00+02:00,11,164.725
2023-01-11 20:00:00+02:00,11,163.699
2023-01-11 21:00:00+02:00,11,159.380
2023-01-11 22:00:00+02:00,11,152.719
2023-01-11 23:00:00+02:00,11,145.096
2023-01-12 00:00:00+02:00,11,138.047
2023-01-12 01:00:00+02:00,11,132.854
2023-01-12 02:00:00+02:00,11,128.707
2023-01-12 03:00:00+02:00,11,125.027
2023-01-12 04:00:00+02:00,11,122.696
2023-01-12 05:00:00+02:00,11,121.488
2023-01-12 06:00:00+02:00,11,122.847
2023-01-12 07:00:00+02:00,11,125.129
2023-01-12 08:00:00+02:00,11,126.242
2023-01-12 09:00:00+02:00,11,126.154
2023-01-12 10:00:00+02:00,11,124.725
2023-01-12 11:00:00+02:00,11,123.564
2023-01-12 12:00:00+02:00,11,122.656
2023-01-12 13:00:00+02:00,11,121.849
2023-01-12 14:00:00+02:00,11,123.335
2023-01-12 15:00:00+02:00,11,127.772
2023-01-12 16:00:00+02:00,11,136.295
2023-01-12 17:00:00+02:00,11,143.264
2023-01-12 18:00:00+02:00,11,147.154
2023-01-12 19:00:00+02:00,11,147.286
2023-01-12 20:00:00+02:00,11,144.025
2023-01-12 21:00:00+02:00,11,139.023
2023-01-12 22:00:00+02:00,11,133.396
2023-01-12 23:00:00+02:00,11,128.082
2023-01-13 00:00:00+02:00,11,123.216
2023-01-13 01:00:00+02:00,11,119.928
2023-01-13 02:00:00+02:00,11,118.107
2023-01-13 03:00:00+02:00,11,118.499
2023-01-13 04:00:00+02:00,11,119.504
2023-01-13 05:00:00+02:00,11,118.962
2023-01-13 06:00:00+02:00,11,118.476
2023-01-13 07:00:00+02:00,11,117.437
2023-01-13 08:00:00+02:00,11,116.287
2023-01-13 09:00:00+02:00,11,116.352
2023-01-13 10:00:00+02:00,11,115.878
2023-01-13 11:00:00+02:00,11,115.014
2023-01-13 12:00:00+02:00,11,114.334
2023-01-13 13:00:00+02:00,11,114.575
2023-01-13 14:00:00+02:00,11,116.806
2023-01-13 15:00:00+02:00,11,122.376
2023-01-13 16:00:00+02:00,11,128.325
2023-01-13 17:00:00+02:00,11,137.867
2023-01-13 18:00:00+02:00,11,142.796
2023-01-13 19:00:00+02:00,11,144.423
2023-01-13 20:00:00+02:00,11,144.129
2023-01-13 21:00:00+02:00,11,142.872
2023-01-13 22:00:00+02:00,11,140.459
2023-01-13 23:00:00+02:00,11,137.889
2023-01-14 00:00:00+02:00,11,135.366
2023-01-14 01:00:00+02:00,11,132.708
2023-01-14 02:00:00+02:00,11,129.737
2023-01-14 03:00:00+02:00,11,126.672
2023-01-14 04:00:00+02:00,11,123.678
2023-01-14 05:00:00+02:00,11,120.692
2023-01-14 06:00:00+02:00,11,117.659
2023-01-14 07:00:00+02:00,11,115.038
2023-01-14 08:00:00+02:00,11,112.389
2023-01-14 09:00:00+02:00,11,109.459
2023-01-14 10:00:00+02:00,11,107.113
2023-01-14 11:00:00+02:00,11,104.668
2023-01-14 12:00:00+02:00,11,101.225
2023-01-14 13:00:00+02:00,11,96.569
2023-01-14 14:00:00+02:00,11,91.583
2023-01-14 15:00:00+02:00,11,85.339
2023-01-14 16:00:00+02:00,11,77.753
2023-01-14 17:00:00+02:00,11,72.220
2023-01-14 18:00:00+02:00,11,58.128
2023-01-14 19:00:00+02:00,11,44.502
2023-01-14 20:00:00+02:00,11,37.948
2023-01-14 21:00:00+02:00,11,31.092
2023-01-14 22:00:00+02:00,11,21.226
2023-01-14 23:00:00+02:00,11,14.869
2023-01-15 00:00:00+02:00,11,9.665
2023-01-15 01:00:00+02:00,11,6.322
2023-01-15 02:00:00+02:00,11,5.346
2023-01-15 03:00:00+02:00,11,4.115
2023-01-15 04:00:00+02:00,11,4.218
2023-01-15 05:00:00+02:00,11,3.743
2023-01-15 06:00:00+02:00,11,5.902
2023-01-15 07:00:00+02:00,11,14.687
2023-01-15 08:00:00+02:00,11,24.232
2023-01-15 09:00:00+02:00,11,27.002
2023-01-15 10:00:00+02:00,11,30.665
2023-01-15 11:00:00+02:00,11,36.678
2023-01-15 12:00:00+02:00,11,50.129
2023-01-15 13:00:00+02:00,11,68.377
2023-01-15 14:00:00+02:00,11,88.019
2023-01-15 15:00:00+02:00,11,85.276
2023-01-15 16:00:00+02:00,11,67.967
2023-01-15 17:00:00+02:00,11,51.707
2023-01-15 18:00:00+02:00,11,36.106
2023-01-15 19:00:00+02:00,11,28.803
2023-01-15 20:00:00+02:00,11,22.262
2023-01-15 21:00:00+02:00,11,16.562
2023-01-15 22:00:00+02:00,11,14.213
2023-01-15 23:00:00+02:00,11,12.748
2023-01-16 00:00:00+02:00,11,11.869
2023-01-16 01:00:00+02:00,11,12.252
2023-01-16 02:00:00+02:00,11,10.977
2023-01-16 03:00:00+02:00,11,10.023
2023-01-16 04:00:00+02:00,11,9.645
2023-01-16 05:00:00+02:00,11,9.629
2023-01-16 06:00:00+02:00,11,12.227
2023-01-16 07:00:00+02:00,11,24.119
2023-01-16 08:00:00+02:00,11,35.345
2023-01-16 09:00:00+02:00,11,35.069
2023-01-16 10:00:00+02:00,11,33.718
2023-01-16 11:00:00+02:00,11,32.982
2023-01-16 12:00:00+02:00,11,39.664
2023-01-16 13:00:00+02:00,11,50.102
2023-01-16 14:00:00+02:00,11,69.253
2023-01-16 15:00:00+02:00,11,100.828
2023-01-16 16:00:00+02:00,11,146.631
2023-01-16 17:00:00+02:00,11,230.023
2023-01-16 18:00:00+02:00,11,292.646
2023-01-16 19:00:00+02:00,11,325.863
2023-01-16 20:00:00+02:00,11,326.760
2023-01-16 21:00:00+02:00,11,302.418
2023-01-16 22:00:00+02:00,11,263.207
2023-01-16 23:00:00+02:00,11,228.182
2023-01-17 00:00:00+02:00,11,198.996
2023-01-17 01:00:00+02:00,11,177.787
2023-01-17 02:00:00+02:00,11,161.803
2023-01-17 03:00:00+02:00,11,148.337
2023-01-17 04:00:00+02:00,11,139.260
2023-01-17 05:00:00+02:00,11,135.088
2023-01-17 06:00:00+02:00,11,132.033
2023-01-17 07:00:00+02:00,11,130.918
2023-01-17 08:00:00+02:00,11,131.951
2023-01-17 09:00:00+02:00,11,133.730
2023-01-17 10:00:00+02:00,11,137.671
2023-01-17 11:00:00+02:00,11,140.616
2023-01-17 12:00:00+02:00,11,141.934
2023-01-17 13:00:00+02:00,11,144.543
2023-01-17 14:00:00+02:00,11,147.656
2023-01-17 15:00:00+02:00,11,149.199
2023-01-17 16:00:00+02:00,11,149.796
2023-01-17 17:00:00+02:00,11,149.140
2023-01-17 18:00:00+02:00,11,147.495
2023-01-17 19:00:00+02:00,11,143.978
2023-01-17 20:00:00+02:00,11,139.940
2023-01-17 21:00:00+02:00,11,135.314
2023-01-17 22:00:00+02:00,11,130.891
2023-01-17 23:00:00+02:00,11,127.434
2023-01-18 00:00:00+02:00,11,124.955
2023-01-18 01:00:00+02:00,11,123.085
2023-01-18 02:00:00+02:00,11,121.513
2023-01-18 03:00:00+02:00,11,120.227
2023-01-18 04:00:00+02:00,11,118.877
2023-01-18 05:00:00+02:00,11,117.327
2023-01-18 06:00:00+02:00,11,116.168
2023-01-18 07:00:00+02:00,11,116.155
2023-01-18 08:00:00+02:00,11,117.097
2023-01-18 09:00:00+02:00,11,118.196
2023-01-18 10:00:00+02:00,11,121.661
2023-01-18 11:00:00+02:00,11,125.739
2023-01-18 12:00:00+02:00,11,129.819
2023-01-18 13:00:00+02:00,11,133.552
2023-01-18 14:00:00+02:00,11,135.897
2023-01-18 15:00:00+02:00,11,137.346
2023-01-18 16:00:00+02:00,11,138.333
2023-01-18 17:00:00+02:00,11,138.830
2023-01-18 18:00:00+02:00,11,138.604
2023-01-18 19:00:00+02:00,11,138.608
2023-01-18 20:00:00+02:00,11,138.103
2023-01-18 21:00:00+02:00,11,137.882
2023-01-18 22:00:00+02:00,11,136.946
2023-01-18 23:00:00+02:00,11,135.807
2023-01-19 00:00:00+02:00,11,134.451
2023-01-19 01:00:00+02:00,11,133.197
2023-01-19 02:00:00+02:00,11,130.959
2023-01-19 03:00:00+02:00,11,127.221
2023-01-19 04:00:00+02:00,11,124.355
2023-01-19 05:00:00+02:00,11,121.989
2023-01-19 06:00:00+02:00,11,119.382
2023-01-19 07:00:00+02:00,11,117.285
2023-01-19 08:00:00+02:00,11,116.616
2023-01-19 09:00:00+02:00,11,115.711
2023-01-19 10:00:00+02:00,11,117.484
2023-01-19 11:00:00+02:00,11,124.444
2023-01-19 12:00:00+02:00,11,137.773
2023-01-19 13:00:00+02:00,11,157.069
2023-01-19 14:00:00+02:00,11,171.281
2023-01-19 15:00:00+02:00,11,182.015
2023-01-19 16:00:00+02:00,11,186.375
2023-01-19 17:00:00+02:00,11,175.881
2023-01-19 18:00:00+02:00,11,171.995
2023-01-19 19:00:00+02:00,11,166.656
2023-01-19 20:00:00+02:00,11,162.144
2023-01-19 21:00:00+02:00,11,153.343
2023-01-19 22:00:00+02:00,11,145.873
2023-01-19 23:00:00+02:00,11,136.241
2023-01-20 00:00:00+02:00,11,135.209
2023-01-20 01:00:00+02:00,11,136.375
2023-01-20 02:00:00+02:00,11,133.791
2023-01-20 03:00:00+02:00,11,131.162
2023-01-20 04:00:00+02:00,11,123.137
2023-01-20 05:00:00+02:00,11,114.103
2023-01-20 06:00:00+02:00,11,101.064
2023-01-20 06:00:00+02:00,11,90.951
2023-01-20 07:00:00+02:00,11,92.440
2023-01-20 08:00:00+02:00,11,94.306
2023-01-20 09:00:00+02:00,11,97.647
2023-01-20 10:00:00+02:00,11,117.627
2023-01-20 11:00:00+02:00,11,120.348
2023-01-20 12:00:00+02:00,11,99.480
2023-01-20 13:00:00+02:00,11,53.013
2023-01-20 14:00:00+02:00,11,26.002
2023-01-20 15:00:00+02:00,11,29.495
2023-01-20 16:00:00+02:00,11,38.909
2023-01-20 17:00:00+02:00,11,45.017
2023-01-20 18:00:00+02:00,11,51.855
2023-01-20 19:00:00+02:00,11,66.687
2023-01-20 20:00:00+02:00,11,83.676
2023-01-20 21:00:00+02:00,11,106.305
2023-01-20 22:00:00+02:00,11,92.844
2023-01-20 23:00:00+02:00,11,75.786
2023-01-21 00:00:00+02:00,11,63.726
2023-01-21 01:00:00+02:00,11,62.292
2023-01-21 02:00:00+02:00,11,69.177
2023-01-21 03:00:00+02:00,11,163.834
2023-01-21 04:00:00+02:00,11,288.790
2023-01-21 05:00:00+02:00,11,345.761
2023-01-21 06:00:00+02:00,11,383.830
2023-01-21 07:00:00+02:00,11,459.845
2023-01-21 08:00:00+02:00,11,558.425
2023-01-21 09:00:00+02:00,11,498.757
2023-01-21 10:00:00+02:00,11,411.693
2023-01-21 11:00:00+02:00,11,312.353
2023-01-21 12:00:00+02:00,11,233.656
2023-01-21 13:00:00+02:00,11,110.558
2023-01-21 14:00:00+02:00,11,34.542
2023-01-21 15:00:00+02:00,11,29.998
2023-01-21 16:00:00+02:00,11,38.936
2023-01-21 17:00:00+02:00,11,45.019
2023-01-21 18:00:00+02:00,11,51.856
2023-01-21 19:00:00+02:00,11,66.687
2023-01-21 20:00:00+02:00,11,83.676
2023-01-21 21:00:00+02:00,11,106.305
2023-01-21 22:00:00+02:00,11,92.845
2023-01-21 23:00:00+02:00,11,75.789
2023-01-22 00:00:00+02:00,11,63.756
2023-01-22 01:00:00+02:00,11,62.362
2023-01-22 02:00:00+02:00,11,69.374
2023-01-22 03:00:00+02:00,11,165.239
2023-01-22 04:00:00+02:00,11,291.945
2023-01-22 05:00:00+02:00,11,349.792
2022-12-30 06:00:00+02:00,12,73.705
2022-12-30 07:00:00+02:00,12,75.757
2022-12-30 08:00:00+02:00,12,76.744
2022-12-30 09:00:00+02:00,12,75.779
2022-12-30 10:00:00+02:00,12,73.838
2022-12-30 11:00:00+02:00,12,70.608
2022-12-30 12:00:00+02:00,12,68.243
2022-12-30 13:00:00+02:00,12,65.493
2022-12-30 14:00:00+02:00,12,59.536
2022-12-30 15:00:00+02:00,12,55.809
2022-12-30 16:00:00+02:00,12,52.043
2022-12-30 17:00:00+02:00,12,48.411
2022-12-30 18:00:00+02:00,12,44.452
2022-12-30 19:00:00+02:00,12,45.568
2022-12-30 20:00:00+02:00,12,45.219
2022-12-30 21:00:00+02:00,12,43.283
2022-12-30 22:00:00+02:00,12,42.292
2022-12-30 23:00:00+02:00,12,41.927
2022-12-31 00:00:00+02:00,12,42.392
2022-12-31 01:00:00+02:00,12,42.305
2022-12-31 02:00:00+02:00,12,41.778
2022-12-31 03:00:00+02:00,12,40.807
2022-12-31 04:00:00+02:00,12,39.923
2022-12-31 05:00:00+02:00,12,39.371
2022-12-31 06:00:00+02:00,12,37.991
2022-12-31 07:00:00+02:00,12,36.443
2022-12-31 08:00:00+02:00,12,35.221
2022-12-31 09:00:00+02:00,12,32.753
2022-12-31 10:00:00+02:00,12,28.462
2022-12-31 11:00:00+02:00,12,25.514
2022-12-31 12:00:00+02:00,12,22.804
2022-12-31 13:00:00+02:00,12,20.127
2022-12-31 14:00:00+02:00,12,18.314
2022-12-31 15:00:00+02:00,12,16.423
2022-12-31 16:00:00+02:00,12,15.039
2022-12-31 17:00:00+02:00,12,14.370
2022-12-31 18:00:00+02:00,12,13.998
2022-12-31 19:00:00+02:00,12,13.992
2022-12-31 20:00:00+02:00,12,13.636
2022-12-31 21:00:00+02:00,12,13.447
2022-12-31 22:00:00+02:00,12,13.749
2022-12-31 23:00:00+02:00,12,15.986
2023-01-01 00:00:00+02:00,12,23.189
2023-01-01 01:00:00+02:00,12,41.858
2023-01-01 02:00:00+02:00,12,58.151
2023-01-01 03:00:00+02:00,12,65.931
2023-01-01 04:00:00+02:00,12,72.174
2023-01-01 05:00:00+02:00,12,78.892
2023-01-01 06:00:00+02:00,12,86.648
2023-01-01 07:00:00+02:00,12,123.739
2023-01-01 08:00:00+02:00,12,167.049
2023-01-01 09:00:00+02:00,12,190.865
2023-01-01 10:00:00+02:00,12,192.213
2023-01-01 11:00:00+02:00,12,187.133
2023-01-01 12:00:00+02:00,12,180.097
2023-01-01 13:00:00+02:00,12,172.514
2023-01-01 14:00:00+02:00,12,167.791
2023-01-01 15:00:00+02:00,12,169.680
2023-01-01 16:00:00+02:00,12,182.399
2023-01-01 17:00:00+02:00,12,200.266
2023-01-01 18:00:00+02:00,12,225.560
2023-01-01 19:00:00+02:00,12,253.959
2023-01-01 20:00:00+02:00,12,277.078
2023-01-01 21:00:00+02:00,12,289.246
2023-01-01 22:00:00+02:00,12,299.598
2023-01-01 23:00:00+02:00,12,307.372
2023-01-02 00:00:00+02:00,12,307.120
2023-01-02 01:00:00+02:00,12,300.570
2023-01-02 02:00:00+02:00,12,292.534
2023-01-02 03:00:00+02:00,12,284.131
2023-01-02 04:00:00+02:00,12,276.279
2023-01-02 05:00:00+02:00,12,269.191
2023-01-02 06:00:00+02:00,12,262.772
2023-01-02 07:00:00+02:00,12,257.149
2023-01-02 08:00:00+02:00,12,252.449
2023-01-02 09:00:00+02:00,12,248.584
2023-01-02 10:00:00+02:00,12,244.486
2023-01-02 11:00:00+02:00,12,240.279
2023-01-02 12:00:00+02:00,12,235.714
2023-01-02 13:00:00+02:00,12,230.934
2023-01-02 14:00:00+02:00,12,226.108
2023-01-02 15:00:00+02:00,12,221.482
2023-01-02 16:00:00+02:00,12,216.950
2023-01-02 17:00:00+02:00,12,212.623
2023-01-02 18:00:00+02:00,12,208.402
2023-01-02 19:00:00+02:00,12,204.195
2023-01-02 20:00:00+02:00,12,200.197
2023-01-02 21:00:00+02:00,12,197.007
2023-01-02 22:00:00+02:00,12,195.103
2023-01-02 23:00:00+02:00,12,196.204
2023-01-03 00:00:00+02:00,12,197.887
2023-01-03 01:00:00+02:00,12,200.895
2023-01-03 02:00:00+02:00,12,206.037
2023-01-03 03:00:00+02:00,12,215.340
2023-01-03 04:00:00+02:00,12,219.053
2023-01-03 05:00:00+02:00,12,218.626
2023-01-03 06:00:00+02:00,12,216.352
2023-01-03 07:00:00+02:00,12,210.896
2023-01-03 08:00:00+02:00,12,202.242
2023-01-03 09:00:00+02:00,12,193.590
2023-01-03 10:00:00+02:00,12,185.990
2023-01-03 11:00:00+02:00,12,178.520
2023-01-03 12:00:00+02:00,12,171.625
2023-01-03 13:00:00+02:00,12,166.470
2023-01-03 14:00:00+02:00,12,161.087
2023-01-03 15:00:00+02:00,12,154.810
2023-01-03 16:00:00+02:00,12,149.891
2023-01-03 17:00:00+02:00,12,147.339
2023-01-03 18:00:00+02:00,12,147.329
2023-01-03 19:00:00+02:00,12,146.787
2023-01-03 20:00:00+02:00,12,152.914
2023-01-03 21:00:00+02:00,12,165.135
2023-01-03 22:00:00+02:00,12,171.376
2023-01-03 23:00:00+02:00,12,190.419
2023-01-04 00:00:00+02:00,12,205.116
2023-01-04 01:00:00+02:00,12,214.133
2023-01-04 02:00:00+02:00,12,232.014
2023-01-04 03:00:00+02:00,12,253.463
2023-01-04 04:00:00+02:00,12,258.249
2023-01-04 05:00:00+02:00,12,253.713
2023-01-04 06:00:00+02:00,12,243.948
2023-01-04 07:00:00+02:00,12,230.003
2023-01-04 08:00:00+02:00,12,216.670
2023-01-04 09:00:00+02:00,12,202.448
2023-01-04 10:00:00+02:00,12,191.489
2023-01-04 11:00:00+02:00,12,182.742
2023-01-04 12:00:00+02:00,12,175.370
2023-01-04 13:00:00+02:00,12,170.895
2023-01-04 14:00:00+02:00,12,165.246
2023-01-04 15:00:00+02:00,12,160.772
2023-01-04 16:00:00+02:00,12,161.317
2023-01-04 17:00:00+02:00,12,165.492
2023-01-04 18:00:00+02:00,12,165.374
2023-01-04 19:00:00+02:00,12,156.839
2023-01-04 20:00:00+02:00,12,142.003
2023-01-04 21:00:00+02:00,12,123.790
2023-01-04 22:00:00+02:00,12,104.143
2023-01-04 23:00:00+02:00,12,95.126
2023-01-05 00:00:00+02:00,12,80.868
2023-01-05 01:00:00+02:00,12,73.493
2023-01-05 02:00:00+02:00,12,68.558
2023-01-05 03:00:00+02:00,12,65.369
2023-01-05 04:00:00+02:00,12,62.944
2023-01-05 05:00:00+02:00,12,60.951
2023-01-05 06:00:00+02:00,12,60.048
2023-01-05 07:00:00+02:00,12,58.360
2023-01-05 08:00:00+02:00,12,57.165
2023-01-05 09:00:00+02:00,12,56.122
2023-01-05 10:00:00+02:00,12,55.691
2023-01-05 11:00:00+02:00,12,57.631
2023-01-05 12:00:00+02:00,12,59.676
2023-01-05 13:00:00+02:00,12,60.771
2023-01-05 14:00:00+02:00,12,62.286
2023-01-05 15:00:00+02:00,12,62.834
2023-01-05 16:00:00+02:00,12,63.266
2023-01-05 17:00:00+02:00,12,69.724
2023-01-05 18:00:00+02:00,12,87.667
2023-01-05 19:00:00+02:00,12,86.390
2023-01-05 20:00:00+02:00,12,84.109
2023-01-05 21:00:00+02:00,12,93.850
2023-01-05 22:00:00+02:00,12,107.485
2023-01-05 23:00:00+02:00,12,197.633
2023-01-06 00:00:00+02:00,12,368.182
2023-01-06 01:00:00+02:00,12,560.757
2023-01-06 02:00:00+02:00,12,637.876
2023-01-06 03:00:00+02:00,12,711.531
2023-01-06 04:00:00+02:00,12,751.236
2023-01-06 05:00:00+02:00,12,754.587
2023-01-06 06:00:00+02:00,12,736.483
2023-01-06 07:00:00+02:00,12,708.453
2023-01-06 08:00:00+02:00,12,677.708
2023-01-06 09:00:00+02:00,12,646.640
2023-01-06 10:00:00+02:00,12,615.002
2023-01-06 11:00:00+02:00,12,585.836
2023-01-06 12:00:00+02:00,12,565.283
2023-01-06 13:00:00+02:00,12,558.420
2023-01-06 14:00:00+02:00,12,559.960
2023-01-06 15:00:00+02:00,12,559.844
2023-01-06 16:00:00+02:00,12,553.246
2023-01-06 17:00:00+02:00,12,551.753
2023-01-06 18:00:00+02:00,12,558.295
2023-01-06 19:00:00+02:00,12,562.154
2023-01-06 20:00:00+02:00,12,570.060
2023-01-06 21:00:00+02:00,12,566.295
2023-01-06 22:00:00+02:00,12,557.541
2023-01-06 23:00:00+02:00,12,548.597
2023-01-07 00:00:00+02:00,12,557.843
2023-01-07 01:00:00+02:00,12,571.471
2023-01-07 02:00:00+02:00,12,580.164
2023-01-07 03:00:00+02:00,12,572.007
2023-01-07 04:00:00+02:00,12,573.447
2023-01-07 05:00:00+02:00,12,582.747
2023-01-07 06:00:00+02:00,12,581.437
2023-01-07 07:00:00+02:00,12,571.551
2023-01-07 08:00:00+02:00,12,559.635
2023-01-07 09:00:00+02:00,12,543.278
2023-01-07 10:00:00+02:00,12,523.947
2023-01-07 11:00:00+02:00,12,499.352
2023-01-07 12:00:00+02:00,12,471.682
2023-01-07 13:00:00+02:00,12,449.108
2023-01-07 14:00:00+02:00,12,426.735
2023-01-07 15:00:00+02:00,12,405.373
2023-01-07 16:00:00+02:00,12,384.966
2023-01-07 17:00:00+02:00,12,373.273
2023-01-07 18:00:00+02:00,12,363.991
2023-01-07 19:00:00+02:00,12,353.606
2023-01-07 20:00:00+02:00,12,345.760
2023-01-07 21:00:00+02:00,12,336.771
2023-01-07 22:00:00+02:00,12,331.493
2023-01-07 23:00:00+02:00,12,326.138
2023-01-08 00:00:00+02:00,12,322.268
2023-01-08 01:00:00+02:00,12,314.968
2023-01-08 02:00:00+02:00,12,309.213
2023-01-08 03:00:00+02:00,12,304.779
2023-01-08 04:00:00+02:00,12,298.783
2023-01-08 05:00:00+02:00,12,293.608
2023-01-08 06:00:00+02:00,12,289.849
2023-01-08 07:00:00+02:00,12,283.536
2023-01-08 08:00:00+02:00,12,275.252
2023-01-08 09:00:00+02:00,12,265.664
2023-01-08 10:00:00+02:00,12,255.728
2023-01-08 11:00:00+02:00,12,247.488
2023-01-08 12:00:00+02:00,12,241.738
2023-01-08 13:00:00+02:00,12,234.992
2023-01-08 14:00:00+02:00,12,226.753
2023-01-08 15:00:00+02:00,12,215.409
2023-01-08 16:00:00+02:00,12,210.516
2023-01-08 17:00:00+02:00,12,208.228
2023-01-08 18:00:00+02:00,12,206.960
2023-01-08 19:00:00+02:00,12,206.775
2023-01-08 20:00:00+02:00,12,211.504
2023-01-08 21:00:00+02:00,12,226.065
2023-01-08 22:00:00+02:00,12,280.702
2023-01-08 23:00:00+02:00,12,363.787
2023-01-09 00:00:00+02:00,12,421.798
2023-01-09 01:00:00+02:00,12,453.662
2023-01-09 02:00:00+02:00,12,464.031
2023-01-09 03:00:00+02:00,12,462.725
2023-01-09 04:00:00+02:00,12,455.747
2023-01-09 05:00:00+02:00,12,449.111
2023-01-09 06:00:00+02:00,12,445.438
2023-01-09 07:00:00+02:00,12,447.949
2023-01-09 08:00:00+02:00,12,451.001
2023-01-09 09:00:00+02:00,12,452.148
2023-01-09 10:00:00+02:00,12,453.113
2023-01-09 11:00:00+02:00,12,451.699
2023-01-09 12:00:00+02:00,12,448.217
2023-01-09 13:00:00+02:00,12,445.353
2023-01-09 14:00:00+02:00,12,440.091
2023-01-09 15:00:00+02:00,12,432.171
2023-01-09 16:00:00+02:00,12,423.415
2023-01-09 17:00:00+02:00,12,411.712
2023-01-09 18:00:00+02:00,12,394.178
2023-01-09 19:00:00+02:00,12,372.105
2023-01-09 20:00:00+02:00,12,349.252
2023-01-09 21:00:00+02:00,12,326.816
2023-01-09 22:00:00+02:00,12,306.790
2023-01-09 23:00:00+02:00,12,279.549
2023-01-10 00:00:00+02:00,12,246.160
2023-01-10 01:00:00+02:00,12,216.708
2023-01-10 02:00:00+02:00,12,196.934
2023-01-10 03:00:00+02:00,12,182.413
2023-01-10 04:00:00+02:00,12,170.296
2023-01-10 05:00:00+02:00,12,158.721
2023-01-10 06:00:00+02:00,12,147.815
2023-01-10 07:00:00+02:00,12,138.591
2023-01-10 08:00:00+02:00,12,133.733
2023-01-10 09:00:00+02:00,12,134.359
2023-01-10 10:00:00+02:00,12,136.278
2023-01-10 11:00:00+02:00,12,137.930
2023-01-10 12:00:00+02:00,12,137.808
2023-01-10 13:00:00+02:00,12,137.490
2023-01-10 14:00:00+02:00,12,138.016
2023-01-10 15:00:00+02:00,12,140.190
2023-01-10 16:00:00+02:00,12,143.930
2023-01-10 17:00:00+02:00,12,147.798
2023-01-10 18:00:00+02:00,12,149.838
2023-01-10 19:00:00+02:00,12,150.863
2023-01-10 20:00:00+02:00,12,149.108
2023-01-10 21:00:00+02:00,12,146.483
2023-01-10 22:00:00+02:00,12,143.297
2023-01-10 23:00:00+02:00,12,139.888
2023-01-11 00:00:00+02:00,12,136.894
2023-01-11 01:00:00+02:00,12,134.693
2023-01-11 02:00:00+02:00,12,133.020
2023-01-11 03:00:00+02:00,12,130.591
2023-01-11 04:00:00+02:00,12,128.529
2023-01-11 05:00:00+02:00,12,127.040
2023-01-11 06:00:00+02:00,12,125.673
2023-01-11 07:00:00+02:00,12,123.957
2023-01-11 08:00:00+02:00,12,121.951
2023-01-11 09:00:00+02:00,12,121.172
2023-01-11 10:00:00+02:00,12,125.139
2023-01-11 11:00:00+02:00,12,131.006
2023-01-11 12:00:00+02:00,12,133.028
2023-01-11 13:00:00+02:00,12,136.612
2023-01-11 14:00:00+02:00,12,141.278
2023-01-11 15:00:00+02:00,12,146.719
2023-01-11 16:00:00+02:00,12,153.777
2023-01-11 17:00:00+02:00,12,163.159
2023-01-11 18:00:00+02:00,12,167.334
2023-01-11 19:00:00+02:00,12,167.328
2023-01-11 20:00:00+02:00,12,164.105
2023-01-11 21:00:00+02:00,12,157.896
2023-01-11 22:00:00+02:00,12,150.191
2023-01-11 23:00:00+02:00,12,142.516
2023-01-12 00:00:00+02:00,12,136.056
2023-01-12 01:00:00+02:00,12,131.427
2023-01-12 02:00:00+02:00,12,127.734
2023-01-12 03:00:00+02:00,12,124.750
2023-01-12 04:00:00+02:00,12,123.339
2023-01-12 05:00:00+02:00,12,122.970
2023-01-12 06:00:00+02:00,12,125.284
2023-01-12 07:00:00+02:00,12,127.846
2023-01-12 08:00:00+02:00,12,128.907
2023-01-12 09:00:00+02:00,12,128.710
2023-01-12 10:00:00+02:00,12,127.200
2023-01-12 11:00:00+02:00,12,125.968
2023-01-12 12:00:00+02:00,12,125.069
2023-01-12 13:00:00+02:00,12,124.449
2023-01-12 14:00:00+02:00,12,127.046
2023-01-12 15:00:00+02:00,12,133.466
2023-01-12 16:00:00+02:00,12,143.292
2023-01-12 17:00:00+02:00,12,149.335
2023-01-12 18:00:00+02:00,12,150.848
2023-01-12 19:00:00+02:00,12,148.089
2023-01-12 20:00:00+02:00,12,142.951
2023-01-12 21:00:00+02:00,12,136.834
2023-01-12 22:00:00+02:00,12,130.960
2023-01-12 23:00:00+02:00,12,126.025
2023-01-13 00:00:00+02:00,12,122.115
2023-01-13 01:00:00+02:00,12,119.945
2023-01-13 02:00:00+02:00,12,118.993
2023-01-13 03:00:00+02:00,12,120.071
2023-01-13 04:00:00+02:00,12,121.136
2023-01-13 05:00:00+02:00,12,120.388
2023-01-13 06:00:00+02:00,12,119.468
2023-01-13 07:00:00+02:00,12,118.219
2023-01-13 08:00:00+02:00,12,117.399
2023-01-13 09:00:00+02:00,12,118.354
2023-01-13 10:00:00+02:00,12,118.398
2023-01-13 11:00:00+02:00,12,117.834
2023-01-13 12:00:00+02:00,12,117.423
2023-01-13 13:00:00+02:00,12,118.051
2023-01-13 14:00:00+02:00,12,121.137
2023-01-13 15:00:00+02:00,12,128.424
2023-01-13 16:00:00+02:00,12,135.416
2023-01-13 17:00:00+02:00,12,144.574
2023-01-13 18:00:00+02:00,12,147.899
2023-01-13 19:00:00+02:00,12,147.900
2023-01-13 20:00:00+02:00,12,146.244
2023-01-13 21:00:00+02:00,12,143.795
2023-01-13 22:00:00+02:00,12,140.938
2023-01-13 23:00:00+02:00,12,138.230
2023-01-14 00:00:00+02:00,12,135.852
2023-01-14 01:00:00+02:00,12,133.275
2023-01-14 02:00:00+02:00,12,130.288
2023-01-14 03:00:00+02:00,12,127.281
2023-01-14 04:00:00+02:00,12,124.369
2023-01-14 05:00:00+02:00,12,121.482
2023-01-14 06:00:00+02:00,12,118.566
2023-01-14 07:00:00+02:00,12,115.970
2023-01-14 08:00:00+02:00,12,113.361
2023-01-14 09:00:00+02:00,12,110.526
2023-01-14 10:00:00+02:00,12,108.172
2023-01-14 11:00:00+02:00,12,105.748
2023-01-14 12:00:00+02:00,12,102.821
2023-01-14 13:00:00+02:00,12,99.688
2023-01-14 14:00:00+02:00,12,96.465
2023-01-14 15:00:00+02:00,12,92.637
2023-01-14 16:00:00+02:00,12,87.962
2023-01-14 17:00:00+02:00,12,84.082
2023-01-14 18:00:00+02:00,12,74.575
2023-01-14 19:00:00+02:00,12,63.513
2023-01-14 20:00:00+02:00,12,57.181
2023-01-14 21:00:00+02:00,12,50.009
2023-01-14 22:00:00+02:00,12,38.458
2023-01-14 23:00:00+02:00,12,29.739
2023-01-15 00:00:00+02:00,12,21.571
2023-01-15 01:00:00+02:00,12,15.573
2023-01-15 02:00:00+02:00,12,13.623
2023-01-15 03:00:00+02:00,12,11.068
2023-01-15 04:00:00+02:00,12,11.123
2023-01-15 05:00:00+02:00,12,10.082
2023-01-15 06:00:00+02:00,12,13.112
2023-01-15 07:00:00+02:00,12,23.871
2023-01-15 08:00:00+02:00,12,35.067
2023-01-15 09:00:00+02:00,12,38.445
2023-01-15 10:00:00+02:00,12,43.185
2023-01-15 11:00:00+02:00,12,51.586
2023-01-15 12:00:00+02:00,12,71.817
2023-01-15 13:00:00+02:00,12,99.064
2023-01-15 14:00:00+02:00,12,126.376
2023-01-15 15:00:00+02:00,12,122.474
2023-01-15 16:00:00+02:00,12,98.465
2023-01-15 17:00:00+02:00,12,76.679
2023-01-15 18:00:00+02:00,12,55.880
2023-01-15 19:00:00+02:00,12,45.807
2023-01-15 20:00:00+02:00,12,36.483
2023-01-15 21:00:00+02:00,12,28.001
2023-01-15 22:00:00+02:00,12,24.355
2023-01-15 23:00:00+02:00,12,22.028
2023-01-16 00:00:00+02:00,12,20.602
2023-01-16 01:00:00+02:00,12,21.105
2023-01-16 02:00:00+02:00,12,18.323
2023-01-16 03:00:00+02:00,12,14.956
2023-01-16 04:00:00+02:00,12,14.159
2023-01-16 05:00:00+02:00,12,14.219
2023-01-16 06:00:00+02:00,12,18.783
2023-01-16 07:00:00+02:00,12,35.614
2023-01-16 08:00:00+02:00,12,50.092
2023-01-16 09:00:00+02:00,12,49.644
2023-01-16 10:00:00+02:00,12,47.793
2023-01-16 11:00:00+02:00,12,46.754
2023-01-16 12:00:00+02:00,12,55.414
2023-01-16 13:00:00+02:00,12,69.737
2023-01-16 14:00:00+02:00,12,97.313
2023-01-16 15:00:00+02:00,12,140.612
2023-01-16 16:00:00+02:00,12,196.073
2023-01-16 17:00:00+02:00,12,279.521
2023-01-16 18:00:00+02:00,12,326.962
2023-01-16 19:00:00+02:00,12,339.491
2023-01-16 20:00:00+02:00,12,323.925
2023-01-16 21:00:00+02:00,12,287.787
2023-01-16 22:00:00+02:00,12,244.864
2023-01-16 23:00:00+02:00,12,211.107
2023-01-17 00:00:00+02:00,12,184.758
2023-01-17 01:00:00+02:00,12,166.431
2023-01-17 02:00:00+02:00,12,153.194
2023-01-17 03:00:00+02:00,12,142.843
2023-01-17 04:00:00+02:00,12,136.845
2023-01-17 05:00:00+02:00,12,134.045
2023-01-17 06:00:00+02:00,12,132.453
2023-01-17 07:00:00+02:00,12,133.007
2023-01-17 08:00:00+02:00,12,135.498
2023-01-17 09:00:00+02:00,12,138.275
2023-01-17 10:00:00+02:00,12,143.017
2023-01-17 11:00:00+02:00,12,146.045
2023-01-17 12:00:00+02:00,12,147.066
2023-01-17 13:00:00+02:00,12,148.948
2023-01-17 14:00:00+02:00,12,151.015
2023-01-17 15:00:00+02:00,12,151.945
2023-01-17 16:00:00+02:00,12,152.073
2023-01-17 17:00:00+02:00,12,150.686
2023-01-17 18:00:00+02:00,12,147.633
2023-01-17 19:00:00+02:00,12,143.158
2023-01-17 20:00:00+02:00,12,138.682
2023-01-17 21:00:00+02:00,12,133.964
2023-01-17 22:00:00+02:00,12,129.971
2023-01-17 23:00:00+02:00,12,127.204
2023-01-18 00:00:00+02:00,12,125.376
2023-01-18 01:00:00+02:00,12,123.831
2023-01-18 02:00:00+02:00,12,122.346
2023-01-18 03:00:00+02:00,12,121.086
2023-01-18 04:00:00+02:00,12,119.910
2023-01-18 05:00:00+02:00,12,118.564
2023-01-18 06:00:00+02:00,12,117.713
2023-01-18 07:00:00+02:00,12,118.316
2023-01-18 08:00:00+02:00,12,120.163
2023-01-18 09:00:00+02:00,12,122.118
2023-01-18 10:00:00+02:00,12,126.588
2023-01-18 11:00:00+02:00,12,131.060
2023-01-18 12:00:00+02:00,12,134.920
2023-01-18 13:00:00+02:00,12,138.066
2023-01-18 14:00:00+02:00,12,139.778
2023-01-18 15:00:00+02:00,12,140.648
2023-01-18 16:00:00+02:00,12,141.164
2023-01-18 17:00:00+02:00,12,141.394
2023-01-18 18:00:00+02:00,12,141.064
2023-01-18 19:00:00+02:00,12,141.004
2023-01-18 20:00:00+02:00,12,140.405
2023-01-18 21:00:00+02:00,12,140.021
2023-01-18 22:00:00+02:00,12,138.922
2023-01-18 23:00:00+02:00,12,137.624
2023-01-19 00:00:00+02:00,12,136.143
2023-01-19 01:00:00+02:00,12,134.823
2023-01-19 02:00:00+02:00,12,132.566
2023-01-19 03:00:00+02:00,12,128.812
2023-01-19 04:00:00+02:00,12,125.919
2023-01-19 05:00:00+02:00,12,123.524
2023-01-19 06:00:00+02:00,12,120.887
2023-01-19 07:00:00+02:00,12,118.768
2023-01-19 08:00:00+02:00,12,118.294
2023-01-19 09:00:00+02:00,12,117.966
2023-01-19 10:00:00+02:00,12,122.304
2023-01-19 11:00:00+02:00,12,134.673
2023-01-19 12:00:00+02:00,12,153.905
2023-01-19 13:00:00+02:00,12,176.580
2023-01-19 14:00:00+02:00,12,190.132
2023-01-19 15:00:00+02:00,12,198.095
2023-01-19 16:00:00+02:00,12,199.656
2023-01-19 17:00:00+02:00,12,189.811
2023-01-19 18:00:00+02:00,12,185.670
2023-01-19 19:00:00+02:00,12,180.270
2023-01-19 20:00:00+02:00,12,175.606
2023-01-19 21:00:00+02:00,12,167.112
2023-01-19 22:00:00+02:00,12,159.714
2023-01-19 23:00:00+02:00,12,150.109
2023-01-20 00:00:00+02:00,12,148.534
2023-01-20 01:00:00+02:00,12,148.748
2023-01-20 02:00:00+02:00,12,145.865
2023-01-20 03:00:00+02:00,12,142.963
2023-01-20 04:00:00+02:00,12,134.973
2023-01-20 05:00:00+02:00,12,125.746
2023-01-20 06:00:00+02:00,12,112.103
2023-01-20 06:00:00+02:00,12,101.384
2023-01-20 07:00:00+02:00,12,102.663
2023-01-20 08:00:00+02:00,12,104.228
2023-01-20 09:00:00+02:00,12,100.188
2023-01-20 10:00:00+02:00,12,107.649
2023-01-20 11:00:00+02:00,12,115.768
2023-01-20 12:00:00+02:00,12,109.498
2023-01-20 13:00:00+02:00,12,70.727
2023-01-20 14:00:00+02:00,12,33.146
2023-01-20 15:00:00+02:00,12,27.486
2023-01-20 16:00:00+02:00,12,35.869
2023-01-20 17:00:00+02:00,12,42.930
2023-01-20 18:00:00+02:00,12,48.444
2023-01-20 19:00:00+02:00,12,57.574
2023-01-20 20:00:00+02:00,12,64.759
2023-01-20 21:00:00+02:00,12,74.042
2023-01-20 22:00:00+02:00,12,67.433
2023-01-20 23:00:00+02:00,12,59.311
2023-01-21 00:00:00+02:00,12,59.376
2023-01-21 01:00:00+02:00,12,66.549
2023-01-21 02:00:00+02:00,12,92.436
2023-01-21 03:00:00+02:00,12,282.673
2023-01-21 04:00:00+02:00,12,486.885
2023-01-21 05:00:00+02:00,12,572.121
2023-01-21 06:00:00+02:00,12,626.569
2023-01-21 07:00:00+02:00,12,732.380
2023-01-21 08:00:00+02:00,12,862.574
2023-01-21 09:00:00+02:00,12,761.075
2023-01-21 10:00:00+02:00,12,596.078
2023-01-21 11:00:00+02:00,12,405.077
2023-01-21 12:00:00+02:00,12,286.940
2023-01-21 13:00:00+02:00,12,161.586
2023-01-21 14:00:00+02:00,12,54.550
2023-01-21 15:00:00+02:00,12,29.581
2023-01-21 16:00:00+02:00,12,36.041
2023-01-21 17:00:00+02:00,12,42.942
2023-01-21 18:00:00+02:00,12,48.445
2023-01-21 19:00:00+02:00,12,57.575
2023-01-21 20:00:00+02:00,12,64.759
2023-01-21 21:00:00+02:00,12,74.042
2023-01-21 22:00:00+02:00,12,67.434
2023-01-21 23:00:00+02:00,12,59.323
2023-01-22 00:00:00+02:00,12,59.468
2023-01-22 01:00:00+02:00,12,66.743
2023-01-22 02:00:00+02:00,12,92.940
2023-01-22 03:00:00+02:00,12,285.634
2023-01-22 04:00:00+02:00,12,492.934
2023-01-22 05:00:00+02:00,12,579.619
2022-12-30 06:00:00+02:00,13,64.290
2022-12-30 07:00:00+02:00,13,67.052
2022-12-30 08:00:00+02:00,13,69.617
2022-12-30 09:00:00+02:00,13,69.889
2022-12-30 10:00:00+02:00,13,71.210
2022-12-30 11:00:00+02:00,13,70.535
2022-12-30 12:00:00+02:00,13,68.870
2022-12-30 13:00:00+02:00,13,66.963
2022-12-30 14:00:00+02:00,13,63.330
2022-12-30 15:00:00+02:00,13,60.475
2022-12-30 16:00:00+02:00,13,57.399
2022-12-30 17:00:00+02:00,13,54.240
2022-12-30 18:00:00+02:00,13,50.619
2022-12-30 19:00:00+02:00,13,50.954
2022-12-30 20:00:00+02:00,13,50.288
2022-12-30 21:00:00+02:00,13,48.416
2022-12-30 22:00:00+02:00,13,47.335
2022-12-30 23:00:00+02:00,13,46.701
2022-12-31 00:00:00+02:00,13,46.613
2022-12-31 01:00:00+02:00,13,46.159
2022-12-31 02:00:00+02:00,13,45.429
2022-12-31 03:00:00+02:00,13,44.407
2022-12-31 04:00:00+02:00,13,43.459
2022-12-31 05:00:00+02:00,13,42.737
2022-12-31 06:00:00+02:00,13,41.413
2022-12-31 07:00:00+02:00,13,39.945
2022-12-31 08:00:00+02:00,13,38.733
2022-12-31 09:00:00+02:00,13,36.415
2022-12-31 10:00:00+02:00,13,31.999
2022-12-31 11:00:00+02:00,13,28.523
2022-12-31 12:00:00+02:00,13,25.310
2022-12-31 13:00:00+02:00,13,22.744
2022-12-31 14:00:00+02:00,13,21.178
2022-12-31 15:00:00+02:00,13,19.592
2022-12-31 16:00:00+02:00,13,18.388
2022-12-31 17:00:00+02:00,13,17.729
2022-12-31 18:00:00+02:00,13,17.305
2022-12-31 19:00:00+02:00,13,17.180
2022-12-31 20:00:00+02:00,13,16.773
2022-12-31 21:00:00+02:00,13,16.504
2022-12-31 22:00:00+02:00,13,16.706
2022-12-31 23:00:00+02:00,13,20.716
2023-01-01 00:00:00+02:00,13,35.817
2023-01-01 01:00:00+02:00,13,67.883
2023-01-01 02:00:00+02:00,13,92.065
2023-01-01 03:00:00+02:00,13,102.679
2023-01-01 04:00:00+02:00,13,110.765
2023-01-01 05:00:00+02:00,13,119.125
2023-01-01 06:00:00+02:00,13,128.397
2023-01-01 07:00:00+02:00,13,170.506
2023-01-01 08:00:00+02:00,13,215.303
2023-01-01 09:00:00+02:00,13,238.461
2023-01-01 10:00:00+02:00,13,238.850
2023-01-01 11:00:00+02:00,13,232.749
2023-01-01 12:00:00+02:00,13,224.599
2023-01-01 13:00:00+02:00,13,215.868
2023-01-01 14:00:00+02:00,13,210.179
2023-01-01 15:00:00+02:00,13,211.269
2023-01-01 16:00:00+02:00,13,223.692
2023-01-01 17:00:00+02:00,13,242.215
2023-01-01 18:00:00+02:00,13,267.970
2023-01-01 19:00:00+02:00,13,293.466
2023-01-01 20:00:00+02:00,13,310.114
2023-01-01 21:00:00+02:00,13,315.784
2023-01-01 22:00:00+02:00,13,318.186
2023-01-01 23:00:00+02:00,13,316.329
2023-01-02 00:00:00+02:00,13,308.360
2023-01-02 01:00:00+02:00,13,299.219
2023-01-02 02:00:00+02:00,13,290.244
2023-01-02 03:00:00+02:00,13,281.847
2023-01-02 04:00:00+02:00,13,274.428
2023-01-02 05:00:00+02:00,13,267.911
2023-01-02 06:00:00+02:00,13,262.179
2023-01-02 07:00:00+02:00,13,257.332
2023-01-02 08:00:00+02:00,13,253.357
2023-01-02 09:00:00+02:00,13,249.981
2023-01-02 10:00:00+02:00,13,245.898
2023-01-02 11:00:00+02:00,13,241.445
2023-01-02 12:00:00+02:00,13,236.619
2023-01-02 13:00:00+02:00,13,231.752
2023-01-02 14:00:00+02:00,13,226.925
2023-01-02 15:00:00+02:00,13,222.249
2023-01-02 16:00:00+02:00,13,217.668
2023-01-02 17:00:00+02:00,13,213.160
2023-01-02 18:00:00+02:00,13,208.741
2023-01-02 19:00:00+02:00,13,204.533
2023-01-02 20:00:00+02:00,13,200.889
2023-01-02 21:00:00+02:00,13,199.209
2023-01-02 22:00:00+02:00,13,199.553
2023-01-02 23:00:00+02:00,13,203.872
2023-01-03 00:00:00+02:00,13,207.586
2023-01-03 01:00:00+02:00,13,211.866
2023-01-03 02:00:00+02:00,13,217.268
2023-01-03 03:00:00+02:00,13,224.560
2023-01-03 04:00:00+02:00,13,225.315
2023-01-03 05:00:00+02:00,13,222.353
2023-01-03 06:00:00+02:00,13,217.273
2023-01-03 07:00:00+02:00,13,208.766
2023-01-03 08:00:00+02:00,13,198.497
2023-01-03 09:00:00+02:00,13,189.354
2023-01-03 10:00:00+02:00,13,181.563
2023-01-03 11:00:00+02:00,13,173.956
2023-01-03 12:00:00+02:00,13,167.080
2023-01-03 13:00:00+02:00,13,162.081
2023-01-03 14:00:00+02:00,13,157.025
2023-01-03 15:00:00+02:00,13,151.866
2023-01-03 16:00:00+02:00,13,148.922
2023-01-03 17:00:00+02:00,13,149.369
2023-01-03 18:00:00+02:00,13,151.746
2023-01-03 19:00:00+02:00,13,152.131
2023-01-03 20:00:00+02:00,13,161.018
2023-01-03 21:00:00+02:00,13,179.882
2023-01-03 22:00:00+02:00,13,190.396
2023-01-03 23:00:00+02:00,13,217.348
2023-01-04 00:00:00+02:00,13,234.991
2023-01-04 01:00:00+02:00,13,244.034
2023-01-04 02:00:00+02:00,13,258.764
2023-01-04 03:00:00+02:00,13,268.985
2023-01-04 04:00:00+02:00,13,263.594
2023-01-04 05:00:00+02:00,13,250.463
2023-01-04 06:00:00+02:00,13,236.521
2023-01-04 07:00:00+02:00,13,220.000
2023-01-04 08:00:00+02:00,13,206.189
2023-01-04 09:00:00+02:00,13,192.699
2023-01-04 10:00:00+02:00,13,183.021
2023-01-04 11:00:00+02:00,13,175.631
2023-01-04 12:00:00+02:00,13,169.631
2023-01-04 13:00:00+02:00,13,165.633
2023-01-04 14:00:00+02:00,13,161.186
2023-01-04 15:00:00+02:00,13,157.555
2023-01-04 16:00:00+02:00,13,156.961
2023-01-04 17:00:00+02:00,13,159.928
2023-01-04 18:00:00+02:00,13,162.228
2023-01-04 19:00:00+02:00,13,159.366
2023-01-04 20:00:00+02:00,13,150.734
2023-01-04 21:00:00+02:00,13,136.850
2023-01-04 22:00:00+02:00,13,118.325
2023-01-04 23:00:00+02:00,13,108.448
2023-01-05 00:00:00+02:00,13,90.828
2023-01-05 01:00:00+02:00,13,80.602
2023-01-05 02:00:00+02:00,13,73.423
2023-01-05 03:00:00+02:00,13,68.851
2023-01-05 04:00:00+02:00,13,65.497
2023-01-05 05:00:00+02:00,13,62.863
2023-01-05 06:00:00+02:00,13,62.167
2023-01-05 07:00:00+02:00,13,59.867
2023-01-05 08:00:00+02:00,13,58.163
2023-01-05 09:00:00+02:00,13,56.787
2023-01-05 10:00:00+02:00,13,55.534
2023-01-05 11:00:00+02:00,13,55.080
2023-01-05 12:00:00+02:00,13,55.412
2023-01-05 13:00:00+02:00,13,55.790
2023-01-05 14:00:00+02:00,13,57.253
2023-01-05 15:00:00+02:00,13,58.587
2023-01-05 16:00:00+02:00,13,59.142
2023-01-05 17:00:00+02:00,13,60.623
2023-01-05 18:00:00+02:00,13,64.950
2023-01-05 19:00:00+02:00,13,63.772
2023-01-05 20:00:00+02:00,13,62.291
2023-01-05 21:00:00+02:00,13,64.083
2023-01-05 22:00:00+02:00,13,66.677
2023-01-05 23:00:00+02:00,13,94.538
2023-01-06 00:00:00+02:00,13,188.050
2023-01-06 01:00:00+02:00,13,426.876
2023-01-06 02:00:00+02:00,13,558.806
2023-01-06 03:00:00+02:00,13,647.513
2023-01-06 04:00:00+02:00,13,709.637
2023-01-06 05:00:00+02:00,13,736.485
2023-01-06 06:00:00+02:00,13,734.493
2023-01-06 07:00:00+02:00,13,715.220
2023-01-06 08:00:00+02:00,13,687.997
2023-01-06 09:00:00+02:00,13,658.334
2023-01-06 10:00:00+02:00,13,627.562
2023-01-06 11:00:00+02:00,13,597.346
2023-01-06 12:00:00+02:00,13,571.725
2023-01-06 13:00:00+02:00,13,556.573
2023-01-06 14:00:00+02:00,13,552.428
2023-01-06 15:00:00+02:00,13,552.268
2023-01-06 16:00:00+02:00,13,545.706
2023-01-06 17:00:00+02:00,13,540.788
2023-01-06 18:00:00+02:00,13,542.408
2023-01-06 19:00:00+02:00,13,543.986
2023-01-06 20:00:00+02:00,13,550.168
2023-01-06 21:00:00+02:00,13,546.531
2023-01-06 22:00:00+02:00,13,537.750
2023-01-06 23:00:00+02:00,13,528.535
2023-01-07 00:00:00+02:00,13,529.494
2023-01-07 01:00:00+02:00,13,535.346
2023-01-07 02:00:00+02:00,13,542.363
2023-01-07 03:00:00+02:00,13,535.033
2023-01-07 04:00:00+02:00,13,537.513
2023-01-07 05:00:00+02:00,13,550.750
2023-01-07 06:00:00+02:00,13,558.040
2023-01-07 07:00:00+02:00,13,553.422
2023-01-07 08:00:00+02:00,13,550.073
2023-01-07 09:00:00+02:00,13,542.473
2023-01-07 10:00:00+02:00,13,529.431
2023-01-07 11:00:00+02:00,13,510.886
2023-01-07 12:00:00+02:00,13,487.996
2023-01-07 13:00:00+02:00,13,467.423
2023-01-07 14:00:00+02:00,13,445.808
2023-01-07 15:00:00+02:00,13,423.755
2023-01-07 16:00:00+02:00,13,401.123
2023-01-07 17:00:00+02:00,13,388.148
2023-01-07 18:00:00+02:00,13,378.098
2023-01-07 19:00:00+02:00,13,366.480
2023-01-07 20:00:00+02:00,13,358.170
2023-01-07 21:00:00+02:00,13,348.215
2023-01-07 22:00:00+02:00,13,342.989
2023-01-07 23:00:00+02:00,13,337.604
2023-01-08 00:00:00+02:00,13,333.755
2023-01-08 01:00:00+02:00,13,326.051
2023-01-08 02:00:00+02:00,13,320.113
2023-01-08 03:00:00+02:00,13,315.514
2023-01-08 04:00:00+02:00,13,309.298
2023-01-08 05:00:00+02:00,13,303.897
2023-01-08 06:00:00+02:00,13,299.818
2023-01-08 07:00:00+02:00,13,293.259
2023-01-08 08:00:00+02:00,13,284.422
2023-01-08 09:00:00+02:00,13,273.833
2023-01-08 10:00:00+02:00,13,262.287
2023-01-08 11:00:00+02:00,13,252.927
2023-01-08 12:00:00+02:00,13,247.005
2023-01-08 13:00:00+02:00,13,240.370
2023-01-08 14:00:00+02:00,13,233.337
2023-01-08 15:00:00+02:00,13,225.313
2023-01-08 16:00:00+02:00,13,220.458
2023-01-08 17:00:00+02:00,13,217.307
2023-01-08 18:00:00+02:00,13,215.382
2023-01-08 19:00:00+02:00,13,215.984
2023-01-08 20:00:00+02:00,13,226.621
2023-01-08 21:00:00+02:00,13,253.709
2023-01-08 22:00:00+02:00,13,329.850
2023-01-08 23:00:00+02:00,13,416.373
2023-01-09 00:00:00+02:00,13,461.094
2023-01-09 01:00:00+02:00,13,476.710
2023-01-09 02:00:00+02:00,13,474.851
2023-01-09 03:00:00+02:00,13,466.097
2023-01-09 04:00:00+02:00,13,457.162
2023-01-09 05:00:00+02:00,13,452.429
2023-01-09 06:00:00+02:00,13,451.709
2023-01-09 07:00:00+02:00,13,457.532
2023-01-09 08:00:00+02:00,13,462.132
2023-01-09 09:00:00+02:00,13,463.611
2023-01-09 10:00:00+02:00,13,464.091
2023-01-09 11:00:00+02:00,13,461.571
2023-01-09 12:00:00+02:00,13,456.686
2023-01-09 13:00:00+02:00,13,451.378
2023-01-09 14:00:00+02:00,13,443.268
2023-01-09 15:00:00+02:00,13,433.441
2023-01-09 16:00:00+02:00,13,422.752
2023-01-09 17:00:00+02:00,13,406.724
2023-01-09 18:00:00+02:00,13,384.456
2023-01-09 19:00:00+02:00,13,358.678
2023-01-09 20:00:00+02:00,13,333.400
2023-01-09 21:00:00+02:00,13,309.355
2023-01-09 22:00:00+02:00,13,288.512
2023-01-09 23:00:00+02:00,13,260.832
2023-01-10 00:00:00+02:00,13,228.913
2023-01-10 01:00:00+02:00,13,202.442
2023-01-10 02:00:00+02:00,13,184.637
2023-01-10 03:00:00+02:00,13,171.301
2023-01-10 04:00:00+02:00,13,160.163
2023-01-10 05:00:00+02:00,13,149.849
2023-01-10 06:00:00+02:00,13,140.955
2023-01-10 07:00:00+02:00,13,135.017
2023-01-10 08:00:00+02:00,13,134.145
2023-01-10 09:00:00+02:00,13,138.283
2023-01-10 10:00:00+02:00,13,141.220
2023-01-10 11:00:00+02:00,13,142.746
2023-01-10 12:00:00+02:00,13,142.188
2023-01-10 13:00:00+02:00,13,141.374
2023-01-10 14:00:00+02:00,13,141.548
2023-01-10 15:00:00+02:00,13,144.380
2023-01-10 16:00:00+02:00,13,149.208
2023-01-10 17:00:00+02:00,13,153.053
2023-01-10 18:00:00+02:00,13,154.012
2023-01-10 19:00:00+02:00,13,153.090
2023-01-10 20:00:00+02:00,13,150.105
2023-01-10 21:00:00+02:00,13,146.479
2023-01-10 22:00:00+02:00,13,142.926
2023-01-10 23:00:00+02:00,13,139.568
2023-01-11 00:00:00+02:00,13,137.016
2023-01-11 01:00:00+02:00,13,135.636
2023-01-11 02:00:00+02:00,13,134.526
2023-01-11 03:00:00+02:00,13,132.178
2023-01-11 04:00:00+02:00,13,130.275
2023-01-11 05:00:00+02:00,13,129.081
2023-01-11 06:00:00+02:00,13,128.086
2023-01-11 07:00:00+02:00,13,126.655
2023-01-11 08:00:00+02:00,13,124.823
2023-01-11 09:00:00+02:00,13,124.854
2023-01-11 10:00:00+02:00,13,132.326
2023-01-11 11:00:00+02:00,13,141.363
2023-01-11 12:00:00+02:00,13,144.429
2023-01-11 13:00:00+02:00,13,148.917
2023-01-11 14:00:00+02:00,13,153.932
2023-01-11 15:00:00+02:00,13,158.849
2023-01-11 16:00:00+02:00,13,164.091
2023-01-11 17:00:00+02:00,13,169.703
2023-01-11 18:00:00+02:00,13,170.929
2023-01-11 19:00:00+02:00,13,168.674
2023-01-11 20:00:00+02:00,13,163.112
2023-01-11 21:00:00+02:00,13,155.235
2023-01-11 22:00:00+02:00,13,147.071
2023-01-11 23:00:00+02:00,13,139.912
2023-01-12 00:00:00+02:00,13,134.311
2023-01-12 01:00:00+02:00,13,130.280
2023-01-12 02:00:00+02:00,13,127.075
2023-01-12 03:00:00+02:00,13,125.001
2023-01-12 04:00:00+02:00,13,124.777
2023-01-12 05:00:00+02:00,13,125.291
2023-01-12 06:00:00+02:00,13,128.289
2023-01-12 07:00:00+02:00,13,130.852
2023-01-12 08:00:00+02:00,13,131.751
2023-01-12 09:00:00+02:00,13,131.408
2023-01-12 10:00:00+02:00,13,129.819
2023-01-12 11:00:00+02:00,13,128.577
2023-01-12 12:00:00+02:00,13,127.888
2023-01-12 13:00:00+02:00,13,127.824
2023-01-12 14:00:00+02:00,13,132.414
2023-01-12 15:00:00+02:00,13,141.082
2023-01-12 16:00:00+02:00,13,151.040
2023-01-12 17:00:00+02:00,13,154.625
2023-01-12 18:00:00+02:00,13,152.738
2023-01-12 19:00:00+02:00,13,146.927
2023-01-12 20:00:00+02:00,13,140.354
2023-01-12 21:00:00+02:00,13,133.826
2023-01-12 22:00:00+02:00,13,128.381
2023-01-12 23:00:00+02:00,13,124.334
2023-01-13 00:00:00+02:00,13,121.759
2023-01-13 01:00:00+02:00,13,120.773
2023-01-13 02:00:00+02:00,13,120.514
2023-01-13 03:00:00+02:00,13,121.944
2023-01-13 04:00:00+02:00,13,122.834
2023-01-13 05:00:00+02:00,13,121.707
2023-01-13 06:00:00+02:00,13,120.282
2023-01-13 07:00:00+02:00,13,119.133
2023-01-13 08:00:00+02:00,13,119.063
2023-01-13 09:00:00+02:00,13,121.236
2023-01-13 10:00:00+02:00,13,121.823
2023-01-13 11:00:00+02:00,13,121.532
2023-01-13 12:00:00+02:00,13,121.370
2023-01-13 13:00:00+02:00,13,122.477
2023-01-13 14:00:00+02:00,13,126.898
2023-01-13 15:00:00+02:00,13,136.266
2023-01-13 16:00:00+02:00,13,143.677
2023-01-13 17:00:00+02:00,13,150.992
2023-01-13 18:00:00+02:00,13,151.942
2023-01-13 19:00:00+02:00,13,150.123
2023-01-13 20:00:00+02:00,13,147.228
2023-01-13 21:00:00+02:00,13,144.004
2023-01-13 22:00:00+02:00,13,141.081
2023-01-13 23:00:00+02:00,13,138.640
2023-01-14 00:00:00+02:00,13,136.726
2023-01-14 01:00:00+02:00,13,134.305
2023-01-14 02:00:00+02:00,13,131.159
2023-01-14 03:00:00+02:00,13,128.037
2023-01-14 04:00:00+02:00,13,125.094
2023-01-14 05:00:00+02:00,13,122.219
2023-01-14 06:00:00+02:00,13,119.356
2023-01-14 07:00:00+02:00,13,116.774
2023-01-14 08:00:00+02:00,13,114.192
2023-01-14 09:00:00+02:00,13,111.442
2023-01-14 10:00:00+02:00,13,109.085
2023-01-14 11:00:00+02:00,13,106.681
2023-01-14 12:00:00+02:00,13,103.926
2023-01-14 13:00:00+02:00,13,101.243
2023-01-14 14:00:00+02:00,13,98.650
2023-01-14 15:00:00+02:00,13,95.862
2023-01-14 16:00:00+02:00,13,92.723
2023-01-14 17:00:00+02:00,13,89.894
2023-01-14 18:00:00+02:00,13,84.166
2023-01-14 19:00:00+02:00,13,76.768
2023-01-14 20:00:00+02:00,13,71.789
2023-01-14 21:00:00+02:00,13,65.865
2023-01-14 22:00:00+02:00,13,55.579
2023-01-14 23:00:00+02:00,13,46.617
2023-01-15 00:00:00+02:00,13,37.119
2023-01-15 01:00:00+02:00,13,29.207
2023-01-15 02:00:00+02:00,13,26.330
2023-01-15 03:00:00+02:00,13,22.442
2023-01-15 04:00:00+02:00,13,22.305
2023-01-15 05:00:00+02:00,13,20.609
2023-01-15 06:00:00+02:00,13,23.867
2023-01-15 07:00:00+02:00,13,35.513
2023-01-15 08:00:00+02:00,13,49.522
2023-01-15 09:00:00+02:00,13,54.287
2023-01-15 10:00:00+02:00,13,61.432
2023-01-15 11:00:00+02:00,13,74.937
2023-01-15 12:00:00+02:00,13,107.510
2023-01-15 13:00:00+02:00,13,147.206
2023-01-15 14:00:00+02:00,13,182.131
2023-01-15 15:00:00+02:00,13,176.625
2023-01-15 16:00:00+02:00,13,143.640
2023-01-15 17:00:00+02:00,13,113.523
2023-01-15 18:00:00+02:00,13,84.941
2023-01-15 19:00:00+02:00,13,70.980
2023-01-15 20:00:00+02:00,13,57.908
2023-01-15 21:00:00+02:00,13,45.752
2023-01-15 22:00:00+02:00,13,40.352
2023-01-15 23:00:00+02:00,13,36.832
2023-01-16 00:00:00+02:00,13,34.628
2023-01-16 01:00:00+02:00,13,35.241
2023-01-16 02:00:00+02:00,13,30.941
2023-01-16 03:00:00+02:00,13,25.069
2023-01-16 04:00:00+02:00,13,23.613
2023-01-16 05:00:00+02:00,13,23.670
2023-01-16 06:00:00+02:00,13,30.278
2023-01-16 07:00:00+02:00,13,52.031
2023-01-16 08:00:00+02:00,13,70.744
2023-01-16 09:00:00+02:00,13,70.064
2023-01-16 10:00:00+02:00,13,67.543
2023-01-16 11:00:00+02:00,13,66.080
2023-01-16 12:00:00+02:00,13,78.067
2023-01-16 13:00:00+02:00,13,99.848
2023-01-16 14:00:00+02:00,13,140.826
2023-01-16 15:00:00+02:00,13,196.985
2023-01-16 16:00:00+02:00,13,256.983
2023-01-16 17:00:00+02:00,13,327.491
2023-01-16 18:00:00+02:00,13,351.570
2023-01-16 19:00:00+02:00,13,341.384
2023-01-16 20:00:00+02:00,13,311.361
2023-01-16 21:00:00+02:00,13,267.500
2023-01-16 22:00:00+02:00,13,224.569
2023-01-16 23:00:00+02:00,13,193.956
2023-01-17 00:00:00+02:00,13,171.326
2023-01-17 01:00:00+02:00,13,156.304
2023-01-17 02:00:00+02:00,13,146.088
2023-01-17 03:00:00+02:00,13,139.071
2023-01-17 04:00:00+02:00,13,136.205
2023-01-17 05:00:00+02:00,13,134.706
2023-01-17 06:00:00+02:00,13,134.480
2023-01-17 07:00:00+02:00,13,136.610
2023-01-17 08:00:00+02:00,13,140.484
2023-01-17 09:00:00+02:00,13,144.136
2023-01-17 10:00:00+02:00,13,149.267
2023-01-17 11:00:00+02:00,13,151.859
2023-01-17 12:00:00+02:00,13,152.208
2023-01-17 13:00:00+02:00,13,153.032
2023-01-17 14:00:00+02:00,13,154.110
2023-01-17 15:00:00+02:00,13,154.647
2023-01-17 16:00:00+02:00,13,154.120
2023-01-17 17:00:00+02:00,13,151.594
2023-01-17 18:00:00+02:00,13,146.860
2023-01-17 19:00:00+02:00,13,141.615
2023-01-17 20:00:00+02:00,13,136.998
2023-01-17 21:00:00+02:00,13,132.618
2023-01-17 22:00:00+02:00,13,129.454
2023-01-17 23:00:00+02:00,13,127.550
2023-01-18 00:00:00+02:00,13,126.269
2023-01-18 01:00:00+02:00,13,124.828
2023-01-18 02:00:00+02:00,13,123.273
2023-01-18 03:00:00+02:00,13,122.102
2023-01-18 04:00:00+02:00,13,121.288
2023-01-18 05:00:00+02:00,13,120.257
2023-01-18 06:00:00+02:00,13,119.830
2023-01-18 07:00:00+02:00,13,121.312
2023-01-18 08:00:00+02:00,13,124.419
2023-01-18 09:00:00+02:00,13,127.373
2023-01-18 10:00:00+02:00,13,132.624
2023-01-18 11:00:00+02:00,13,136.965
2023-01-18 12:00:00+02:00,13,140.163
2023-01-18 13:00:00+02:00,13,142.492
2023-01-18 14:00:00+02:00,13,143.500
2023-01-18 15:00:00+02:00,13,143.808
2023-01-18 16:00:00+02:00,13,143.963
2023-01-18 17:00:00+02:00,13,144.071
2023-01-18 18:00:00+02:00,13,143.710
2023-01-18 19:00:00+02:00,13,143.577
2023-01-18 20:00:00+02:00,13,142.823
2023-01-18 21:00:00+02:00,13,142.209
2023-01-18 22:00:00+02:00,13,140.916
2023-01-18 23:00:00+02:00,13,139.459
2023-01-19 00:00:00+02:00,13,137.889
2023-01-19 01:00:00+02:00,13,136.608
2023-01-19 02:00:00+02:00,13,134.386
2023-01-19 03:00:00+02:00,13,130.559
2023-01-19 04:00:00+02:00,13,127.626
2023-01-19 05:00:00+02:00,13,125.215
2023-01-19 06:00:00+02:00,13,122.542
2023-01-19 07:00:00+02:00,13,120.430
2023-01-19 08:00:00+02:00,13,120.612
2023-01-19 09:00:00+02:00,13,121.670
2023-01-19 10:00:00+02:00,13,130.976
2023-01-19 11:00:00+02:00,13,151.338
2023-01-19 12:00:00+02:00,13,176.303
2023-01-19 13:00:00+02:00,13,199.059
2023-01-19 14:00:00+02:00,13,208.633
2023-01-19 15:00:00+02:00,13,211.216
2023-01-19 16:00:00+02:00,13,208.738
2023-01-19 17:00:00+02:00,13,200.550
2023-01-19 18:00:00+02:00,13,196.252
2023-01-19 19:00:00+02:00,13,191.062
2023-01-19 20:00:00+02:00,13,186.420
2023-01-19 21:00:00+02:00,13,178.829
2023-01-19 22:00:00+02:00,13,171.956
2023-01-19 23:00:00+02:00,13,163.077
2023-01-20 00:00:00+02:00,13,160.765
2023-01-20 01:00:00+02:00,13,159.607
2023-01-20 02:00:00+02:00,13,156.434
2023-01-20 03:00:00+02:00,13,153.275
2023-01-20 04:00:00+02:00,13,145.905
2023-01-20 05:00:00+02:00,13,137.189
2023-01-20 06:00:00+02:00,13,123.832
2023-01-20 06:00:00+02:00,13,112.836
2023-01-20 07:00:00+02:00,13,113.627
2023-01-20 08:00:00+02:00,13,114.575
2023-01-20 09:00:00+02:00,13,109.475
2023-01-20 10:00:00+02:00,13,103.991
2023-01-20 11:00:00+02:00,13,109.293
2023-01-20 12:00:00+02:00,13,111.686
2023-01-20 13:00:00+02:00,13,87.274
2023-01-20 14:00:00+02:00,13,44.563
2023-01-20 15:00:00+02:00,13,27.499
2023-01-20 16:00:00+02:00,13,32.725
2023-01-20 17:00:00+02:00,13,40.296
2023-01-20 18:00:00+02:00,13,45.288
2023-01-20 19:00:00+02:00,13,51.147
2023-01-20 20:00:00+02:00,13,54.797
2023-01-20 21:00:00+02:00,13,58.558
2023-01-20 22:00:00+02:00,13,54.801
2023-01-20 23:00:00+02:00,13,52.599
2023-01-21 00:00:00+02:00,13,72.097
2023-01-21 01:00:00+02:00,13,95.997
2023-01-21 02:00:00+02:00,13,159.740
2023-01-21 03:00:00+02:00,13,509.172
2023-01-21 04:00:00+02:00,13,818.648
2023-01-21 05:00:00+02:00,13,936.228
2023-01-21 06:00:00+02:00,13,1007.135
2023-01-21 07:00:00+02:00,13,1140.766
2023-01-21 08:00:00+02:00,13,1293.354
2023-01-21 09:00:00+02:00,13,1153.666
2023-01-21 10:00:00+02:00,13,909.038
2023-01-21 11:00:00+02:00,13,586.679
2023-01-21 12:00:00+02:00,13,377.803
2023-01-21 13:00:00+02:00,13,222.127
2023-01-21 14:00:00+02:00,13,88.009
2023-01-21 15:00:00+02:00,13,34.079
2023-01-21 16:00:00+02:00,13,33.511
2023-01-21 17:00:00+02:00,13,40.376
2023-01-21 18:00:00+02:00,13,45.299
2023-01-21 19:00:00+02:00,13,51.150
2023-01-21 20:00:00+02:00,13,54.798
2023-01-21 21:00:00+02:00,13,58.559
2023-01-21 22:00:00+02:00,13,54.807
2023-01-21 23:00:00+02:00,13,52.644
2023-01-22 00:00:00+02:00,13,72.371
2023-01-22 01:00:00+02:00,13,96.536
2023-01-22 02:00:00+02:00,13,161.026
2023-01-22 03:00:00+02:00,13,515.285
2023-01-22 04:00:00+02:00,13,830.019
2023-01-22 05:00:00+02:00,13,949.914
2022-12-30 06:00:00+02:00,14,56.821
2022-12-30 07:00:00+02:00,14,58.937
2022-12-30 08:00:00+02:00,14,61.495
2022-12-30 09:00:00+02:00,14,62.168
2022-12-30 10:00:00+02:00,14,65.111
2022-12-30 11:00:00+02:00,14,66.915
2022-12-30 12:00:00+02:00,14,67.206
2022-12-30 13:00:00+02:00,14,66.335
2022-12-30 14:00:00+02:00,14,64.694
2022-12-30 15:00:00+02:00,14,62.741
2022-12-30 16:00:00+02:00,14,60.529
2022-12-30 17:00:00+02:00,14,58.125
2022-12-30 18:00:00+02:00,14,55.266
2022-12-30 19:00:00+02:00,14,54.767
2022-12-30 20:00:00+02:00,14,53.819
2022-12-30 21:00:00+02:00,14,52.154
2022-12-30 22:00:00+02:00,14,51.022
2022-12-30 23:00:00+02:00,14,50.145
2022-12-31 00:00:00+02:00,14,49.561
2022-12-31 01:00:00+02:00,14,48.822
2022-12-31 02:00:00+02:00,14,47.945
2022-12-31 03:00:00+02:00,14,46.902
2022-12-31 04:00:00+02:00,14,45.913
2022-12-31 05:00:00+02:00,14,45.071
2022-12-31 06:00:00+02:00,14,43.851
2022-12-31 07:00:00+02:00,14,42.531
2022-12-31 08:00:00+02:00,14,41.383
2022-12-31 09:00:00+02:00,14,39.415
2022-12-31 10:00:00+02:00,14,35.512
2022-12-31 11:00:00+02:00,14,31.969
2022-12-31 12:00:00+02:00,14,28.373
2022-12-31 13:00:00+02:00,14,25.567
2022-12-31 14:00:00+02:00,14,23.987
2022-12-31 15:00:00+02:00,14,22.481
2022-12-31 16:00:00+02:00,14,21.348
2022-12-31 17:00:00+02:00,14,20.678
2022-12-31 18:00:00+02:00,14,20.203
2022-12-31 19:00:00+02:00,14,20.044
2022-12-31 20:00:00+02:00,14,19.586
2022-12-31 21:00:00+02:00,14,19.291
2022-12-31 22:00:00+02:00,14,20.075
2022-12-31 23:00:00+02:00,14,31.531
2023-01-01 00:00:00+02:00,14,61.973
2023-01-01 01:00:00+02:00,14,111.890
2023-01-01 02:00:00+02:00,14,144.050
2023-01-01 03:00:00+02:00,14,156.699
2023-01-01 04:00:00+02:00,14,165.626
2023-01-01 05:00:00+02:00,14,174.348
2023-01-01 06:00:00+02:00,14,183.540
2023-01-01 07:00:00+02:00,14,225.585
2023-01-01 08:00:00+02:00,14,268.468
2023-01-01 09:00:00+02:00,14,289.967
2023-01-01 10:00:00+02:00,14,289.255
2023-01-01 11:00:00+02:00,14,282.104
2023-01-01 12:00:00+02:00,14,272.898
2023-01-01 13:00:00+02:00,14,263.110
2023-01-01 14:00:00+02:00,14,256.425
2023-01-01 15:00:00+02:00,14,256.798
2023-01-01 16:00:00+02:00,14,270.594
2023-01-01 17:00:00+02:00,14,290.697
2023-01-01 18:00:00+02:00,14,313.817
2023-01-01 19:00:00+02:00,14,330.419
2023-01-01 20:00:00+02:00,14,336.027
2023-01-01 21:00:00+02:00,14,333.394
2023-01-01 22:00:00+02:00,14,327.454
2023-01-01 23:00:00+02:00,14,317.693
2023-01-02 00:00:00+02:00,14,305.527
2023-01-02 01:00:00+02:00,14,295.885
2023-01-02 02:00:00+02:00,14,287.321
2023-01-02 03:00:00+02:00,14,279.655
2023-01-02 04:00:00+02:00,14,273.001
2023-01-02 05:00:00+02:00,14,267.253
2023-01-02 06:00:00+02:00,14,262.343
2023-01-02 07:00:00+02:00,14,258.318
2023-01-02 08:00:00+02:00,14,254.983
2023-01-02 09:00:00+02:00,14,251.753
2023-01-02 10:00:00+02:00,14,247.261
2023-01-02 11:00:00+02:00,14,242.130
2023-01-02 12:00:00+02:00,14,236.809
2023-01-02 13:00:00+02:00,14,231.815
2023-01-02 14:00:00+02:00,14,227.031
2023-01-02 15:00:00+02:00,14,222.299
2023-01-02 16:00:00+02:00,14,217.664
2023-01-02 17:00:00+02:00,14,213.013
2023-01-02 18:00:00+02:00,14,208.855
2023-01-02 19:00:00+02:00,14,205.211
2023-01-02 20:00:00+02:00,14,203.096
2023-01-02 21:00:00+02:00,14,204.793
2023-01-02 22:00:00+02:00,14,208.502
2023-01-02 23:00:00+02:00,14,216.180
2023-01-03 00:00:00+02:00,14,221.079
2023-01-03 01:00:00+02:00,14,225.261
2023-01-03 02:00:00+02:00,14,229.078
2023-01-03 03:00:00+02:00,14,232.058
2023-01-03 04:00:00+02:00,14,228.942
2023-01-03 05:00:00+02:00,14,223.219
2023-01-03 06:00:00+02:00,14,215.447
2023-01-03 07:00:00+02:00,14,204.633
2023-01-03 08:00:00+02:00,14,193.685
2023-01-03 09:00:00+02:00,14,184.393
2023-01-03 10:00:00+02:00,14,176.456
2023-01-03 11:00:00+02:00,14,168.798
2023-01-03 12:00:00+02:00,14,162.244
2023-01-03 13:00:00+02:00,14,157.681
2023-01-03 14:00:00+02:00,14,153.453
2023-01-03 15:00:00+02:00,14,150.589
2023-01-03 16:00:00+02:00,14,150.712
2023-01-03 17:00:00+02:00,14,154.675
2023-01-03 18:00:00+02:00,14,158.937
2023-01-03 19:00:00+02:00,14,159.804
2023-01-03 20:00:00+02:00,14,172.843
2023-01-03 21:00:00+02:00,14,203.516
2023-01-03 22:00:00+02:00,14,220.159
2023-01-03 23:00:00+02:00,14,254.214
2023-01-04 00:00:00+02:00,14,270.585
2023-01-04 01:00:00+02:00,14,275.929
2023-01-04 02:00:00+02:00,14,281.116
2023-01-04 03:00:00+02:00,14,274.522
2023-01-04 04:00:00+02:00,14,259.179
2023-01-04 05:00:00+02:00,14,240.061
2023-01-04 06:00:00+02:00,14,224.230
2023-01-04 07:00:00+02:00,14,207.503
2023-01-04 08:00:00+02:00,14,194.771
2023-01-04 09:00:00+02:00,14,183.404
2023-01-04 10:00:00+02:00,14,175.780
2023-01-04 11:00:00+02:00,14,170.209
2023-01-04 12:00:00+02:00,14,165.913
2023-01-04 13:00:00+02:00,14,162.446
2023-01-04 14:00:00+02:00,14,159.519
2023-01-04 15:00:00+02:00,14,156.965
2023-01-04 16:00:00+02:00,14,154.682
2023-01-04 17:00:00+02:00,14,155.434
2023-01-04 18:00:00+02:00,14,157.528
2023-01-04 19:00:00+02:00,14,157.471
2023-01-04 20:00:00+02:00,14,153.805
2023-01-04 21:00:00+02:00,14,145.346
2023-01-04 22:00:00+02:00,14,130.964
2023-01-04 23:00:00+02:00,14,121.715
2023-01-05 00:00:00+02:00,14,103.208
2023-01-05 01:00:00+02:00,14,90.719
2023-01-05 02:00:00+02:00,14,81.126
2023-01-05 03:00:00+02:00,14,74.772
2023-01-05 04:00:00+02:00,14,70.079
2023-01-05 05:00:00+02:00,14,66.439
2023-01-05 06:00:00+02:00,14,65.946
2023-01-05 07:00:00+02:00,14,62.834
2023-01-05 08:00:00+02:00,14,60.593
2023-01-05 09:00:00+02:00,14,58.899
2023-01-05 10:00:00+02:00,14,57.193
2023-01-05 11:00:00+02:00,14,55.485
2023-01-05 12:00:00+02:00,14,54.447
2023-01-05 13:00:00+02:00,14,53.780
2023-01-05 14:00:00+02:00,14,53.962
2023-01-05 15:00:00+02:00,14,54.691
2023-01-05 16:00:00+02:00,14,55.164
2023-01-05 17:00:00+02:00,14,55.868
2023-01-05 18:00:00+02:00,14,56.834
2023-01-05 19:00:00+02:00,14,55.715
2023-01-05 20:00:00+02:00,14,54.489
2023-01-05 21:00:00+02:00,14,54.350
2023-01-05 22:00:00+02:00,14,54.371
2023-01-05 23:00:00+02:00,14,61.451
2023-01-06 00:00:00+02:00,14,97.019
2023-01-06 01:00:00+02:00,14,273.706
2023-01-06 02:00:00+02:00,14,445.459
2023-01-06 03:00:00+02:00,14,563.746
2023-01-06 04:00:00+02:00,14,648.008
2023-01-06 05:00:00+02:00,14,699.493
2023-01-06 06:00:00+02:00,14,718.928
2023-01-06 07:00:00+02:00,14,714.197
2023-01-06 08:00:00+02:00,14,694.936
2023-01-06 09:00:00+02:00,14,668.833
2023-01-06 10:00:00+02:00,14,639.892
2023-01-06 11:00:00+02:00,14,610.027
2023-01-06 12:00:00+02:00,14,581.947
2023-01-06 13:00:00+02:00,14,560.381
2023-01-06 14:00:00+02:00,14,548.883
2023-01-06 15:00:00+02:00,14,545.134
2023-01-06 16:00:00+02:00,14,538.364
2023-01-06 17:00:00+02:00,14,532.329
2023-01-06 18:00:00+02:00,14,530.254
2023-01-06 19:00:00+02:00,14,528.873
2023-01-06 20:00:00+02:00,14,532.030
2023-01-06 21:00:00+02:00,14,527.782
2023-01-06 22:00:00+02:00,14,519.099
2023-01-06 23:00:00+02:00,14,510.028
2023-01-07 00:00:00+02:00,14,508.565
2023-01-07 01:00:00+02:00,14,509.275
2023-01-07 02:00:00+02:00,14,511.628
2023-01-07 03:00:00+02:00,14,504.048
2023-01-07 04:00:00+02:00,14,504.716
2023-01-07 05:00:00+02:00,14,516.587
2023-01-07 06:00:00+02:00,14,526.561
2023-01-07 07:00:00+02:00,14,524.999
2023-01-07 08:00:00+02:00,14,528.045
2023-01-07 09:00:00+02:00,14,529.531
2023-01-07 10:00:00+02:00,14,524.688
2023-01-07 11:00:00+02:00,14,514.300
2023-01-07 12:00:00+02:00,14,498.064
2023-01-07 13:00:00+02:00,14,481.070
2023-01-07 14:00:00+02:00,14,462.174
2023-01-07 15:00:00+02:00,14,441.652
2023-01-07 16:00:00+02:00,14,419.053
2023-01-07 17:00:00+02:00,14,405.428
2023-01-07 18:00:00+02:00,14,394.826
2023-01-07 19:00:00+02:00,14,382.370
2023-01-07 20:00:00+02:00,14,373.614
2023-01-07 21:00:00+02:00,14,362.881
2023-01-07 22:00:00+02:00,14,357.294
2023-01-07 23:00:00+02:00,14,351.466
2023-01-08 00:00:00+02:00,14,346.852
2023-01-08 01:00:00+02:00,14,338.820
2023-01-08 02:00:00+02:00,14,332.473
2023-01-08 03:00:00+02:00,14,327.177
2023-01-08 04:00:00+02:00,14,320.649
2023-01-08 05:00:00+02:00,14,314.753
2023-01-08 06:00:00+02:00,14,309.772
2023-01-08 07:00:00+02:00,14,303.032
2023-01-08 08:00:00+02:00,14,294.101
2023-01-08 09:00:00+02:00,14,283.188
2023-01-08 10:00:00+02:00,14,270.684
2023-01-08 11:00:00+02:00,14,260.225
2023-01-08 12:00:00+02:00,14,253.978
2023-01-08 13:00:00+02:00,14,246.903
2023-01-08 14:00:00+02:00,14,239.696
2023-01-08 15:00:00+02:00,14,232.305
2023-01-08 16:00:00+02:00,14,227.378
2023-01-08 17:00:00+02:00,14,224.389
2023-01-08 18:00:00+02:00,14,224.393
2023-01-08 19:00:00+02:00,14,230.456
2023-01-08 20:00:00+02:00,14,255.199
2023-01-08 21:00:00+02:00,14,300.913
2023-01-08 22:00:00+02:00,14,393.894
2023-01-08 23:00:00+02:00,14,467.994
2023-01-09 00:00:00+02:00,14,491.094
2023-01-09 01:00:00+02:00,14,489.270
2023-01-09 02:00:00+02:00,14,477.855
2023-01-09 03:00:00+02:00,14,465.945
2023-01-09 04:00:00+02:00,14,459.071
2023-01-09 05:00:00+02:00,14,458.513
2023-01-09 06:00:00+02:00,14,461.312
2023-01-09 07:00:00+02:00,14,469.943
2023-01-09 08:00:00+02:00,14,475.214
2023-01-09 09:00:00+02:00,14,476.160
2023-01-09 10:00:00+02:00,14,475.105
2023-01-09 11:00:00+02:00,14,470.512
2023-01-09 12:00:00+02:00,14,463.433
2023-01-09 13:00:00+02:00,14,454.693
2023-01-09 14:00:00+02:00,14,442.978
2023-01-09 15:00:00+02:00,14,430.866
2023-01-09 16:00:00+02:00,14,417.836
2023-01-09 17:00:00+02:00,14,396.850
2023-01-09 18:00:00+02:00,14,370.053
2023-01-09 19:00:00+02:00,14,341.102
2023-01-09 20:00:00+02:00,14,313.787
2023-01-09 21:00:00+02:00,14,288.546
2023-01-09 22:00:00+02:00,14,267.442
2023-01-09 23:00:00+02:00,14,240.545
2023-01-10 00:00:00+02:00,14,211.884
2023-01-10 01:00:00+02:00,14,188.900
2023-01-10 02:00:00+02:00,14,172.676
2023-01-10 03:00:00+02:00,14,160.343
2023-01-10 04:00:00+02:00,14,150.361
2023-01-10 05:00:00+02:00,14,141.921
2023-01-10 06:00:00+02:00,14,136.031
2023-01-10 07:00:00+02:00,14,134.392
2023-01-10 08:00:00+02:00,14,137.777
2023-01-10 09:00:00+02:00,14,144.351
2023-01-10 10:00:00+02:00,14,147.012
2023-01-10 11:00:00+02:00,14,147.484
2023-01-10 12:00:00+02:00,14,146.181
2023-01-10 13:00:00+02:00,14,144.919
2023-01-10 14:00:00+02:00,14,145.415
2023-01-10 15:00:00+02:00,14,149.859
2023-01-10 16:00:00+02:00,14,155.517
2023-01-10 17:00:00+02:00,14,158.187
2023-01-10 18:00:00+02:00,14,157.139
2023-01-10 19:00:00+02:00,14,153.874
2023-01-10 20:00:00+02:00,14,149.849
2023-01-10 21:00:00+02:00,14,145.723
2023-01-10 22:00:00+02:00,14,142.239
2023-01-10 23:00:00+02:00,14,139.562
2023-01-11 00:00:00+02:00,14,137.805
2023-01-11 01:00:00+02:00,14,137.423
2023-01-11 02:00:00+02:00,14,136.768
2023-01-11 03:00:00+02:00,14,134.455
2023-01-11 04:00:00+02:00,14,132.686
2023-01-11 05:00:00+02:00,14,131.944
2023-01-11 06:00:00+02:00,14,131.620
2023-01-11 07:00:00+02:00,14,130.734
2023-01-11 08:00:00+02:00,14,129.271
2023-01-11 09:00:00+02:00,14,131.013
2023-01-11 10:00:00+02:00,14,143.859
2023-01-11 11:00:00+02:00,14,155.943
2023-01-11 12:00:00+02:00,14,159.502
2023-01-11 13:00:00+02:00,14,163.945
2023-01-11 14:00:00+02:00,14,167.935
2023-01-11 15:00:00+02:00,14,170.747
2023-01-11 16:00:00+02:00,14,172.775
2023-01-11 17:00:00+02:00,14,174.367
2023-01-11 18:00:00+02:00,14,173.089
2023-01-11 19:00:00+02:00,14,168.412
2023-01-11 20:00:00+02:00,14,160.464
2023-01-11 21:00:00+02:00,14,151.547
2023-01-11 22:00:00+02:00,14,143.745
2023-01-11 23:00:00+02:00,14,137.605
2023-01-12 00:00:00+02:00,14,132.952
2023-01-12 01:00:00+02:00,14,129.491
2023-01-12 02:00:00+02:00,14,126.872
2023-01-12 03:00:00+02:00,14,126.089
2023-01-12 04:00:00+02:00,14,127.281
2023-01-12 05:00:00+02:00,14,128.514
2023-01-12 06:00:00+02:00,14,131.704
2023-01-12 07:00:00+02:00,14,134.040
2023-01-12 08:00:00+02:00,14,134.705
2023-01-12 09:00:00+02:00,14,134.228
2023-01-12 10:00:00+02:00,14,132.625
2023-01-12 11:00:00+02:00,14,131.605
2023-01-12 12:00:00+02:00,14,131.640
2023-01-12 13:00:00+02:00,14,132.818
2023-01-12 14:00:00+02:00,14,140.326
2023-01-12 15:00:00+02:00,14,150.577
2023-01-12 16:00:00+02:00,14,158.413
2023-01-12 17:00:00+02:00,14,157.792
2023-01-12 18:00:00+02:00,14,151.954
2023-01-12 19:00:00+02:00,14,143.682
2023-01-12 20:00:00+02:00,14,136.591
2023-01-12 21:00:00+02:00,14,130.598
2023-01-12 22:00:00+02:00,14,126.276
2023-01-12 23:00:00+02:00,14,123.534
2023-01-13 00:00:00+02:00,14,122.478
2023-01-13 01:00:00+02:00,14,122.482
2023-01-13 02:00:00+02:00,14,122.570
2023-01-13 03:00:00+02:00,14,124.010
2023-01-13 04:00:00+02:00,14,124.435
2023-01-13 05:00:00+02:00,14,122.736
2023-01-13 06:00:00+02:00,14,120.952
2023-01-13 07:00:00+02:00,14,120.519
2023-01-13 08:00:00+02:00,14,121.684
2023-01-13 09:00:00+02:00,14,125.235
2023-01-13 10:00:00+02:00,14,126.262
2023-01-13 11:00:00+02:00,14,126.181
2023-01-13 12:00:00+02:00,14,126.310
2023-01-13 13:00:00+02:00,14,128.259
2023-01-13 14:00:00+02:00,14,134.829
2023-01-13 15:00:00+02:00,14,145.958
2023-01-13 16:00:00+02:00,14,152.339
2023-01-13 17:00:00+02:00,14,156.078
2023-01-13 18:00:00+02:00,14,154.251
2023-01-13 19:00:00+02:00,14,150.817
2023-01-13 20:00:00+02:00,14,147.134
2023-01-13 21:00:00+02:00,14,143.880
2023-01-13 22:00:00+02:00,14,141.386
2023-01-13 23:00:00+02:00,14,139.640
2023-01-14 00:00:00+02:00,14,138.448
2023-01-14 01:00:00+02:00,14,136.233
2023-01-14 02:00:00+02:00,14,132.767
2023-01-14 03:00:00+02:00,14,129.331
2023-01-14 04:00:00+02:00,14,126.204
2023-01-14 05:00:00+02:00,14,123.206
2023-01-14 06:00:00+02:00,14,120.269
2023-01-14 07:00:00+02:00,14,117.661
2023-01-14 08:00:00+02:00,14,115.061
2023-01-14 09:00:00+02:00,14,112.320
2023-01-14 10:00:00+02:00,14,109.952
2023-01-14 11:00:00+02:00,14,107.549
2023-01-14 12:00:00+02:00,14,104.866
2023-01-14 13:00:00+02:00,14,102.315
2023-01-14 14:00:00+02:00,14,99.910
2023-01-14 15:00:00+02:00,14,97.476
2023-01-14 16:00:00+02:00,14,94.946
2023-01-14 17:00:00+02:00,14,92.591
2023-01-14 18:00:00+02:00,14,88.951
2023-01-14 19:00:00+02:00,14,84.298
2023-01-14 20:00:00+02:00,14,80.693
2023-01-14 21:00:00+02:00,14,76.389
2023-01-14 22:00:00+02:00,14,68.826
2023-01-14 23:00:00+02:00,14,61.394
2023-01-15 00:00:00+02:00,14,52.666
2023-01-15 01:00:00+02:00,14,44.512
2023-01-15 02:00:00+02:00,14,41.165
2023-01-15 03:00:00+02:00,14,36.558
2023-01-15 04:00:00+02:00,14,36.103
2023-01-15 05:00:00+02:00,14,33.917
2023-01-15 06:00:00+02:00,14,36.696
2023-01-15 07:00:00+02:00,14,49.930
2023-01-15 08:00:00+02:00,14,70.926
2023-01-15 09:00:00+02:00,14,78.961
2023-01-15 10:00:00+02:00,14,91.666
2023-01-15 11:00:00+02:00,14,115.731
2023-01-15 12:00:00+02:00,14,167.114
2023-01-15 13:00:00+02:00,14,218.311
2023-01-15 14:00:00+02:00,14,255.433
2023-01-15 15:00:00+02:00,14,248.014
2023-01-15 16:00:00+02:00,14,205.951
2023-01-15 17:00:00+02:00,14,166.107
2023-01-15 18:00:00+02:00,14,127.320
2023-01-15 19:00:00+02:00,14,108.005
2023-01-15 20:00:00+02:00,14,89.762
2023-01-15 21:00:00+02:00,14,72.584
2023-01-15 22:00:00+02:00,14,64.771
2023-01-15 23:00:00+02:00,14,59.591
2023-01-16 00:00:00+02:00,14,56.285
2023-01-16 01:00:00+02:00,14,56.922
2023-01-16 02:00:00+02:00,14,50.598
2023-01-16 03:00:00+02:00,14,41.750
2023-01-16 04:00:00+02:00,14,39.433
2023-01-16 05:00:00+02:00,14,39.373
2023-01-16 06:00:00+02:00,14,47.480
2023-01-16 07:00:00+02:00,14,74.601
2023-01-16 08:00:00+02:00,14,100.321
2023-01-16 09:00:00+02:00,14,99.360
2023-01-16 10:00:00+02:00,14,95.870
2023-01-16 11:00:00+02:00,14,93.799
2023-01-16 12:00:00+02:00,14,113.520
2023-01-16 13:00:00+02:00,14,149.617
2023-01-16 14:00:00+02:00,14,207.080
2023-01-16 15:00:00+02:00,14,270.053
2023-01-16 16:00:00+02:00,14,322.666
2023-01-16 17:00:00+02:00,14,364.837
2023-01-16 18:00:00+02:00,14,360.792
2023-01-16 19:00:00+02:00,14,329.808
2023-01-16 20:00:00+02:00,14,289.722
2023-01-16 21:00:00+02:00,14,243.380
2023-01-16 22:00:00+02:00,14,203.979
2023-01-16 23:00:00+02:00,14,177.850
2023-01-17 00:00:00+02:00,14,159.477
2023-01-17 01:00:00+02:00,14,148.061
2023-01-17 02:00:00+02:00,14,141.077
2023-01-17 03:00:00+02:00,14,137.500
2023-01-17 04:00:00+02:00,14,137.629
2023-01-17 05:00:00+02:00,14,137.270
2023-01-17 06:00:00+02:00,14,138.282
2023-01-17 07:00:00+02:00,14,141.889
2023-01-17 08:00:00+02:00,14,147.041
2023-01-17 09:00:00+02:00,14,151.276
2023-01-17 10:00:00+02:00,14,156.011
2023-01-17 11:00:00+02:00,14,157.471
2023-01-17 12:00:00+02:00,14,156.813
2023-01-17 13:00:00+02:00,14,156.520
2023-01-17 14:00:00+02:00,14,157.050
2023-01-17 15:00:00+02:00,14,157.311
2023-01-17 16:00:00+02:00,14,155.545
2023-01-17 17:00:00+02:00,14,151.375
2023-01-17 18:00:00+02:00,14,145.045
2023-01-17 19:00:00+02:00,14,139.523
2023-01-17 20:00:00+02:00,14,135.201
2023-01-17 21:00:00+02:00,14,131.670
2023-01-17 22:00:00+02:00,14,129.683
2023-01-17 23:00:00+02:00,14,128.603
2023-01-18 00:00:00+02:00,14,127.520
2023-01-18 01:00:00+02:00,14,125.893
2023-01-18 02:00:00+02:00,14,124.234
2023-01-18 03:00:00+02:00,14,123.439
2023-01-18 04:00:00+02:00,14,123.238
2023-01-18 05:00:00+02:00,14,122.617
2023-01-18 06:00:00+02:00,14,122.769
2023-01-18 07:00:00+02:00,14,125.561
2023-01-18 08:00:00+02:00,14,130.314
2023-01-18 09:00:00+02:00,14,134.165
2023-01-18 10:00:00+02:00,14,139.500
2023-01-18 11:00:00+02:00,14,142.999
2023-01-18 12:00:00+02:00,14,145.206
2023-01-18 13:00:00+02:00,14,146.640
2023-01-18 14:00:00+02:00,14,146.962
2023-01-18 15:00:00+02:00,14,146.820
2023-01-18 16:00:00+02:00,14,146.820
2023-01-18 17:00:00+02:00,14,146.967
2023-01-18 18:00:00+02:00,14,146.582
2023-01-18 19:00:00+02:00,14,146.277
2023-01-18 20:00:00+02:00,14,145.269
2023-01-18 21:00:00+02:00,14,144.378
2023-01-18 22:00:00+02:00,14,142.884
2023-01-18 23:00:00+02:00,14,141.311
2023-01-19 00:00:00+02:00,14,139.758
2023-01-19 01:00:00+02:00,14,138.749
2023-01-19 02:00:00+02:00,14,136.656
2023-01-19 03:00:00+02:00,14,132.638
2023-01-19 04:00:00+02:00,14,129.637
2023-01-19 05:00:00+02:00,14,127.231
2023-01-19 06:00:00+02:00,14,124.506
2023-01-19 07:00:00+02:00,14,122.440
2023-01-19 08:00:00+02:00,14,124.557
2023-01-19 09:00:00+02:00,14,128.607
2023-01-19 10:00:00+02:00,14,146.813
2023-01-19 11:00:00+02:00,14,176.815
2023-01-19 12:00:00+02:00,14,204.057
2023-01-19 13:00:00+02:00,14,220.672
2023-01-19 14:00:00+02:00,14,222.319
2023-01-19 15:00:00+02:00,14,217.481
2023-01-19 16:00:00+02:00,14,210.561
2023-01-19 17:00:00+02:00,14,205.053
2023-01-19 18:00:00+02:00,14,200.761
2023-01-19 19:00:00+02:00,14,196.143
2023-01-19 20:00:00+02:00,14,191.782
2023-01-19 21:00:00+02:00,14,185.894
2023-01-19 22:00:00+02:00,14,180.164
2023-01-19 23:00:00+02:00,14,172.886
2023-01-20 00:00:00+02:00,14,169.727
2023-01-20 01:00:00+02:00,14,167.067
2023-01-20 02:00:00+02:00,14,163.670
2023-01-20 03:00:00+02:00,14,160.323
2023-01-20 04:00:00+02:00,14,154.181
2023-01-20 05:00:00+02:00,14,146.752
2023-01-20 06:00:00+02:00,14,134.937
2023-01-20 06:00:00+02:00,14,124.424
2023-01-20 07:00:00+02:00,14,124.371
2023-01-20 08:00:00+02:00,14,124.386
2023-01-20 09:00:00+02:00,14,119.299
2023-01-20 10:00:00+02:00,14,107.959
2023-01-20 11:00:00+02:00,14,105.930
2023-01-20 12:00:00+02:00,14,109.270
2023-01-20 13:00:00+02:00,14,98.669
2023-01-20 14:00:00+02:00,14,59.280
2023-01-20 15:00:00+02:00,14,31.094
2023-01-20 16:00:00+02:00,14,30.363
2023-01-20 17:00:00+02:00,14,37.284
2023-01-20 18:00:00+02:00,14,42.308
2023-01-20 19:00:00+02:00,14,46.578
2023-01-20 20:00:00+02:00,14,48.588
2023-01-20 21:00:00+02:00,14,50.215
2023-01-20 22:00:00+02:00,14,48.250
2023-01-20 23:00:00+02:00,14,58.323
2023-01-21 00:00:00+02:00,14,122.244
2023-01-21 01:00:00+02:00,14,181.940
2023-01-21 02:00:00+02:00,14,321.263
2023-01-21 03:00:00+02:00,14,906.656
2023-01-21 04:00:00+02:00,14,1333.356
2023-01-21 05:00:00+02:00,14,1478.319
2023-01-21 06:00:00+02:00,14,1556.592
2023-01-21 07:00:00+02:00,14,1694.916
2023-01-21 08:00:00+02:00,14,1834.696
2023-01-21 09:00:00+02:00,14,1662.337
2023-01-21 10:00:00+02:00,14,1350.164
2023-01-21 11:00:00+02:00,14,889.387
2023-01-21 12:00:00+02:00,14,545.296
2023-01-21 13:00:00+02:00,14,306.072
2023-01-21 14:00:00+02:00,14,136.876
2023-01-21 15:00:00+02:00,14,47.720
2023-01-21 16:00:00+02:00,14,33.130
2023-01-21 17:00:00+02:00,14,37.664
2023-01-21 18:00:00+02:00,14,42.379
2023-01-21 19:00:00+02:00,14,46.598
2023-01-21 20:00:00+02:00,14,48.600
2023-01-21 21:00:00+02:00,14,50.223
2023-01-21 22:00:00+02:00,14,48.281
2023-01-21 23:00:00+02:00,14,58.483
2023-01-22 00:00:00+02:00,14,123.039
2023-01-22 01:00:00+02:00,14,183.420
2023-01-22 02:00:00+02:00,14,324.493
2023-01-22 03:00:00+02:00,14,918.871
2023-01-22 04:00:00+02:00,14,1354.156
2023-01-22 05:00:00+02:00,14,1502.614
2022-12-30 06:00:00+02:00,15,54.184
2022-12-30 07:00:00+02:00,15,54.478
2022-12-30 08:00:00+02:00,15,55.614
2022-12-30 09:00:00+02:00,15,55.867
2022-12-30 10:00:00+02:00,15,58.442
2022-12-30 11:00:00+02:00,15,61.081
2022-12-30 12:00:00+02:00,15,62.922
2022-12-30 13:00:00+02:00,15,63.196
2022-12-30 14:00:00+02:00,15,63.524
2022-12-30 15:00:00+02:00,15,62.448
2022-12-30 16:00:00+02:00,15,61.113
2022-12-30 17:00:00+02:00,15,59.544
2022-12-30 18:00:00+02:00,15,57.626
2022-12-30 19:00:00+02:00,15,56.676
2022-12-30 20:00:00+02:00,15,55.611
2022-12-30 21:00:00+02:00,15,54.191
2022-12-30 22:00:00+02:00,15,53.044
2022-12-30 23:00:00+02:00,15,52.017
2022-12-31 00:00:00+02:00,15,51.256
2022-12-31 01:00:00+02:00,15,50.472
2022-12-31 02:00:00+02:00,15,49.543
2022-12-31 03:00:00+02:00,15,48.489
2022-12-31 04:00:00+02:00,15,47.476
2022-12-31 05:00:00+02:00,15,46.561
2022-12-31 06:00:00+02:00,15,45.426
2022-12-31 07:00:00+02:00,15,44.235
2022-12-31 08:00:00+02:00,15,43.154
2022-12-31 09:00:00+02:00,15,41.544
2022-12-31 10:00:00+02:00,15,38.450
2022-12-31 11:00:00+02:00,15,35.288
2022-12-31 12:00:00+02:00,15,31.722
2022-12-31 13:00:00+02:00,15,28.739
2022-12-31 14:00:00+02:00,15,27.052
2022-12-31 15:00:00+02:00,15,25.483
2022-12-31 16:00:00+02:00,15,24.317
2022-12-31 17:00:00+02:00,15,23.601
2022-12-31 18:00:00+02:00,15,23.069
2022-12-31 19:00:00+02:00,15,24.055
2022-12-31 20:00:00+02:00,15,23.501
2022-12-31 21:00:00+02:00,15,23.814
2022-12-31 22:00:00+02:00,15,29.716
2022-12-31 23:00:00+02:00,15,59.782
2023-01-01 00:00:00+02:00,15,111.333
2023-01-01 01:00:00+02:00,15,178.963
2023-01-01 02:00:00+02:00,15,215.313
2023-01-01 03:00:00+02:00,15,227.145
2023-01-01 04:00:00+02:00,15,234.169
2023-01-01 05:00:00+02:00,15,240.326
2023-01-01 06:00:00+02:00,15,246.625
2023-01-01 07:00:00+02:00,15,284.473
2023-01-01 08:00:00+02:00,15,323.998
2023-01-01 09:00:00+02:00,15,344.529
2023-01-01 10:00:00+02:00,15,343.177
2023-01-01 11:00:00+02:00,15,334.911
2023-01-01 12:00:00+02:00,15,324.604
2023-01-01 13:00:00+02:00,15,313.733
2023-01-01 14:00:00+02:00,15,305.999
2023-01-01 15:00:00+02:00,15,309.562
2023-01-01 16:00:00+02:00,15,328.647
2023-01-01 17:00:00+02:00,15,345.114
2023-01-01 18:00:00+02:00,15,355.382
2023-01-01 19:00:00+02:00,15,355.719
2023-01-01 20:00:00+02:00,15,348.263
2023-01-01 21:00:00+02:00,15,338.120
2023-01-01 22:00:00+02:00,15,326.263
2023-01-01 23:00:00+02:00,15,312.949
2023-01-02 00:00:00+02:00,15,300.880
2023-01-02 01:00:00+02:00,15,292.342
2023-01-02 02:00:00+02:00,15,284.854
2023-01-02 03:00:00+02:00,15,278.131
2023-01-02 04:00:00+02:00,15,272.392
2023-01-02 05:00:00+02:00,15,267.553
2023-01-02 06:00:00+02:00,15,263.512
2023-01-02 07:00:00+02:00,15,260.219
2023-01-02 08:00:00+02:00,15,257.257
2023-01-02 09:00:00+02:00,15,253.396
2023-01-02 10:00:00+02:00,15,247.799
2023-01-02 11:00:00+02:00,15,241.460
2023-01-02 12:00:00+02:00,15,235.476
2023-01-02 13:00:00+02:00,15,230.378
2023-01-02 14:00:00+02:00,15,225.700
2023-01-02 15:00:00+02:00,15,220.995
2023-01-02 16:00:00+02:00,15,216.462
2023-01-02 17:00:00+02:00,15,212.689
2023-01-02 18:00:00+02:00,15,210.675
2023-01-02 19:00:00+02:00,15,208.956
2023-01-02 20:00:00+02:00,15,210.336
2023-01-02 21:00:00+02:00,15,216.978
2023-01-02 22:00:00+02:00,15,223.893
2023-01-02 23:00:00+02:00,15,233.022
2023-01-03 00:00:00+02:00,15,236.949
2023-01-03 01:00:00+02:00,15,238.870
2023-01-03 02:00:00+02:00,15,238.967
2023-01-03 03:00:00+02:00,15,235.991
2023-01-03 04:00:00+02:00,15,228.849
2023-01-03 05:00:00+02:00,15,220.604
2023-01-03 06:00:00+02:00,15,210.759
2023-01-03 07:00:00+02:00,15,199.020
2023-01-03 08:00:00+02:00,15,188.252
2023-01-03 09:00:00+02:00,15,178.780
2023-01-03 10:00:00+02:00,15,170.636
2023-01-03 11:00:00+02:00,15,163.259
2023-01-03 12:00:00+02:00,15,157.858
2023-01-03 13:00:00+02:00,15,154.352
2023-01-03 14:00:00+02:00,15,151.955
2023-01-03 15:00:00+02:00,15,152.954
2023-01-03 16:00:00+02:00,15,156.897
2023-01-03 17:00:00+02:00,15,163.689
2023-01-03 18:00:00+02:00,15,168.283
2023-01-03 19:00:00+02:00,15,169.602
2023-01-03 20:00:00+02:00,15,191.432
2023-01-03 21:00:00+02:00,15,241.983
2023-01-03 22:00:00+02:00,15,265.081
2023-01-03 23:00:00+02:00,15,297.242
2023-01-04 00:00:00+02:00,15,303.545
2023-01-04 01:00:00+02:00,15,299.965
2023-01-04 02:00:00+02:00,15,289.712
2023-01-04 03:00:00+02:00,15,266.356
2023-01-04 04:00:00+02:00,15,245.289
2023-01-04 05:00:00+02:00,15,224.572
2023-01-04 06:00:00+02:00,15,209.351
2023-01-04 07:00:00+02:00,15,194.589
2023-01-04 08:00:00+02:00,15,184.281
2023-01-04 09:00:00+02:00,15,176.148
2023-01-04 10:00:00+02:00,15,171.070
2023-01-04 11:00:00+02:00,15,167.611
2023-01-04 12:00:00+02:00,15,165.272
2023-01-04 13:00:00+02:00,15,162.434
2023-01-04 14:00:00+02:00,15,161.686
2023-01-04 15:00:00+02:00,15,160.595
2023-01-04 16:00:00+02:00,15,155.847
2023-01-04 17:00:00+02:00,15,153.268
2023-01-04 18:00:00+02:00,15,153.453
2023-01-04 19:00:00+02:00,15,153.746
2023-01-04 20:00:00+02:00,15,152.699
2023-01-04 21:00:00+02:00,15,148.678
2023-01-04 22:00:00+02:00,15,139.621
2023-01-04 23:00:00+02:00,15,132.204
2023-01-05 00:00:00+02:00,15,115.869
2023-01-05 01:00:00+02:00,15,102.756
2023-01-05 02:00:00+02:00,15,91.485
2023-01-05 03:00:00+02:00,15,83.443
2023-01-05 04:00:00+02:00,15,77.252
2023-01-05 05:00:00+02:00,15,72.350
2023-01-05 06:00:00+02:00,15,71.551
2023-01-05 07:00:00+02:00,15,67.555
2023-01-05 08:00:00+02:00,15,64.711
2023-01-05 09:00:00+02:00,15,62.655
2023-01-05 10:00:00+02:00,15,60.502
2023-01-05 11:00:00+02:00,15,57.930
2023-01-05 12:00:00+02:00,15,55.991
2023-01-05 13:00:00+02:00,15,54.512
2023-01-05 14:00:00+02:00,15,53.360
2023-01-05 15:00:00+02:00,15,52.850
2023-01-05 16:00:00+02:00,15,52.606
2023-01-05 17:00:00+02:00,15,52.696
2023-01-05 18:00:00+02:00,15,52.761
2023-01-05 19:00:00+02:00,15,51.699
2023-01-05 20:00:00+02:00,15,50.607
2023-01-05 21:00:00+02:00,15,49.998
2023-01-05 22:00:00+02:00,15,49.420
2023-01-05 23:00:00+02:00,15,51.009
2023-01-06 00:00:00+02:00,15,61.881
2023-01-06 01:00:00+02:00,15,156.941
2023-01-06 02:00:00+02:00,15,314.184
2023-01-06 03:00:00+02:00,15,455.942
2023-01-06 04:00:00+02:00,15,564.393
2023-01-06 05:00:00+02:00,15,640.679
2023-01-06 06:00:00+02:00,15,684.592
2023-01-06 07:00:00+02:00,15,699.840
2023-01-06 08:00:00+02:00,15,694.085
2023-01-06 09:00:00+02:00,15,675.601
2023-01-06 10:00:00+02:00,15,650.615
2023-01-06 11:00:00+02:00,15,622.623
2023-01-06 12:00:00+02:00,15,594.186
2023-01-06 13:00:00+02:00,15,568.812
2023-01-06 14:00:00+02:00,15,550.661
2023-01-06 15:00:00+02:00,15,541.033
2023-01-06 16:00:00+02:00,15,532.731
2023-01-06 17:00:00+02:00,15,525.547
2023-01-06 18:00:00+02:00,15,521.128
2023-01-06 19:00:00+02:00,15,517.184
2023-01-06 20:00:00+02:00,15,517.048
2023-01-06 21:00:00+02:00,15,511.694
2023-01-06 22:00:00+02:00,15,502.922
2023-01-06 23:00:00+02:00,15,493.884
2023-01-07 00:00:00+02:00,15,491.028
2023-01-07 01:00:00+02:00,15,489.277
2023-01-07 02:00:00+02:00,15,488.315
2023-01-07 03:00:00+02:00,15,480.366
2023-01-07 04:00:00+02:00,15,478.550
2023-01-07 05:00:00+02:00,15,486.242
2023-01-07 06:00:00+02:00,15,494.536
2023-01-07 07:00:00+02:00,15,493.571
2023-01-07 08:00:00+02:00,15,499.008
2023-01-07 09:00:00+02:00,15,506.231
2023-01-07 10:00:00+02:00,15,508.661
2023-01-07 11:00:00+02:00,15,507.135
2023-01-07 12:00:00+02:00,15,499.001
2023-01-07 13:00:00+02:00,15,486.894
2023-01-07 14:00:00+02:00,15,472.352
2023-01-07 15:00:00+02:00,15,455.403
2023-01-07 16:00:00+02:00,15,435.375
2023-01-07 17:00:00+02:00,15,422.026
2023-01-07 18:00:00+02:00,15,411.281
2023-01-07 19:00:00+02:00,15,398.729
2023-01-07 20:00:00+02:00,15,389.662
2023-01-07 21:00:00+02:00,15,378.628
2023-01-07 22:00:00+02:00,15,371.677
2023-01-07 23:00:00+02:00,15,364.640
2023-01-08 00:00:00+02:00,15,358.214
2023-01-08 01:00:00+02:00,15,350.105
2023-01-08 02:00:00+02:00,15,343.132
2023-01-08 03:00:00+02:00,15,336.594
2023-01-08 04:00:00+02:00,15,329.721
2023-01-08 05:00:00+02:00,15,323.117
2023-01-08 06:00:00+02:00,15,316.840
2023-01-08 07:00:00+02:00,15,310.070
2023-01-08 08:00:00+02:00,15,301.773
2023-01-08 09:00:00+02:00,15,291.679
2023-01-08 10:00:00+02:00,15,279.534
2023-01-08 11:00:00+02:00,15,268.701
2023-01-08 12:00:00+02:00,15,262.195
2023-01-08 13:00:00+02:00,15,254.736
2023-01-08 14:00:00+02:00,15,247.123
2023-01-08 15:00:00+02:00,15,239.489
2023-01-08 16:00:00+02:00,15,234.421
2023-01-08 17:00:00+02:00,15,235.636
2023-01-08 18:00:00+02:00,15,243.998
2023-01-08 19:00:00+02:00,15,263.351
2023-01-08 20:00:00+02:00,15,310.417
2023-01-08 21:00:00+02:00,15,374.435
2023-01-08 22:00:00+02:00,15,465.148
2023-01-08 23:00:00+02:00,15,508.198
2023-01-09 00:00:00+02:00,15,506.230
2023-01-09 01:00:00+02:00,15,490.607
2023-01-09 02:00:00+02:00,15,475.208
2023-01-09 03:00:00+02:00,15,465.623
2023-01-09 04:00:00+02:00,15,464.416
2023-01-09 05:00:00+02:00,15,468.959
2023-01-09 06:00:00+02:00,15,474.747
2023-01-09 07:00:00+02:00,15,484.791
2023-01-09 08:00:00+02:00,15,489.489
2023-01-09 09:00:00+02:00,15,488.659
2023-01-09 10:00:00+02:00,15,484.616
2023-01-09 11:00:00+02:00,15,476.792
2023-01-09 12:00:00+02:00,15,466.672
2023-01-09 13:00:00+02:00,15,453.613
2023-01-09 14:00:00+02:00,15,437.698
2023-01-09 15:00:00+02:00,15,422.821
2023-01-09 16:00:00+02:00,15,406.932
2023-01-09 17:00:00+02:00,15,381.114
2023-01-09 18:00:00+02:00,15,350.783
2023-01-09 19:00:00+02:00,15,319.328
2023-01-09 20:00:00+02:00,15,290.369
2023-01-09 21:00:00+02:00,15,264.694
2023-01-09 22:00:00+02:00,15,244.320
2023-01-09 23:00:00+02:00,15,220.054
2023-01-10 00:00:00+02:00,15,196.313
2023-01-10 01:00:00+02:00,15,176.131
2023-01-10 02:00:00+02:00,15,160.857
2023-01-10 03:00:00+02:00,15,149.674
2023-01-10 04:00:00+02:00,15,141.601
2023-01-10 05:00:00+02:00,15,136.265
2023-01-10 06:00:00+02:00,15,134.623
2023-01-10 07:00:00+02:00,15,137.923
2023-01-10 08:00:00+02:00,15,144.880
2023-01-10 09:00:00+02:00,15,151.527
2023-01-10 10:00:00+02:00,15,152.350
2023-01-10 11:00:00+02:00,15,151.201
2023-01-10 12:00:00+02:00,15,149.380
2023-01-10 13:00:00+02:00,15,148.495
2023-01-10 14:00:00+02:00,15,150.672
2023-01-10 15:00:00+02:00,15,157.172
2023-01-10 16:00:00+02:00,15,162.196
2023-01-10 17:00:00+02:00,15,161.976
2023-01-10 18:00:00+02:00,15,158.253
2023-01-10 19:00:00+02:00,15,152.987
2023-01-10 20:00:00+02:00,15,148.563
2023-01-10 21:00:00+02:00,15,144.726
2023-01-10 22:00:00+02:00,15,141.854
2023-01-10 23:00:00+02:00,15,140.471
2023-01-11 00:00:00+02:00,15,139.719
2023-01-11 01:00:00+02:00,15,140.150
2023-01-11 02:00:00+02:00,15,139.651
2023-01-11 03:00:00+02:00,15,137.358
2023-01-11 04:00:00+02:00,15,135.948
2023-01-11 05:00:00+02:00,15,136.217
2023-01-11 06:00:00+02:00,15,137.216
2023-01-11 07:00:00+02:00,15,137.498
2023-01-11 08:00:00+02:00,15,136.999
2023-01-11 09:00:00+02:00,15,142.291
2023-01-11 10:00:00+02:00,15,161.111
2023-01-11 11:00:00+02:00,15,174.340
2023-01-11 12:00:00+02:00,15,177.105
2023-01-11 13:00:00+02:00,15,179.706
2023-01-11 14:00:00+02:00,15,180.586
2023-01-11 15:00:00+02:00,15,179.808
2023-01-11 16:00:00+02:00,15,178.357
2023-01-11 17:00:00+02:00,15,177.168
2023-01-11 18:00:00+02:00,15,173.636
2023-01-11 19:00:00+02:00,15,166.033
2023-01-11 20:00:00+02:00,15,156.150
2023-01-11 21:00:00+02:00,15,147.349
2023-01-11 22:00:00+02:00,15,140.752
2023-01-11 23:00:00+02:00,15,135.860
2023-01-12 00:00:00+02:00,15,132.031
2023-01-12 01:00:00+02:00,15,129.147
2023-01-12 02:00:00+02:00,15,127.412
2023-01-12 03:00:00+02:00,15,128.456
2023-01-12 04:00:00+02:00,15,131.006
2023-01-12 05:00:00+02:00,15,132.484
2023-01-12 06:00:00+02:00,15,135.297
2023-01-12 07:00:00+02:00,15,137.316
2023-01-12 08:00:00+02:00,15,137.720
2023-01-12 09:00:00+02:00,15,137.252
2023-01-12 10:00:00+02:00,15,135.918
2023-01-12 11:00:00+02:00,15,135.808
2023-01-12 12:00:00+02:00,15,137.584
2023-01-12 13:00:00+02:00,15,140.963
2023-01-12 14:00:00+02:00,15,151.363
2023-01-12 15:00:00+02:00,15,160.928
2023-01-12 16:00:00+02:00,15,163.499
2023-01-12 17:00:00+02:00,15,157.382
2023-01-12 18:00:00+02:00,15,148.111
2023-01-12 19:00:00+02:00,15,138.892
2023-01-12 20:00:00+02:00,15,132.543
2023-01-12 21:00:00+02:00,15,128.026
2023-01-12 22:00:00+02:00,15,125.345
2023-01-12 23:00:00+02:00,15,124.125
2023-01-13 00:00:00+02:00,15,124.434
2023-01-13 01:00:00+02:00,15,124.909
2023-01-13 02:00:00+02:00,15,124.942
2023-01-13 03:00:00+02:00,15,126.146
2023-01-13 04:00:00+02:00,15,125.675
2023-01-13 05:00:00+02:00,15,123.318
2023-01-13 06:00:00+02:00,15,121.764
2023-01-13 07:00:00+02:00,15,122.945
2023-01-13 08:00:00+02:00,15,125.713
2023-01-13 09:00:00+02:00,15,130.421
2023-01-13 10:00:00+02:00,15,131.686
2023-01-13 11:00:00+02:00,15,131.859
2023-01-13 12:00:00+02:00,15,132.653
2023-01-13 13:00:00+02:00,15,136.426
2023-01-13 14:00:00+02:00,15,145.796
2023-01-13 15:00:00+02:00,15,156.635
2023-01-13 16:00:00+02:00,15,159.843
2023-01-13 17:00:00+02:00,15,158.751
2023-01-13 18:00:00+02:00,15,154.499
2023-01-13 19:00:00+02:00,15,150.137
2023-01-13 20:00:00+02:00,15,146.475
2023-01-13 21:00:00+02:00,15,144.179
2023-01-13 22:00:00+02:00,15,142.602
2023-01-13 23:00:00+02:00,15,141.827
2023-01-14 00:00:00+02:00,15,141.467
2023-01-14 01:00:00+02:00,15,139.512
2023-01-14 02:00:00+02:00,15,135.574
2023-01-14 03:00:00+02:00,15,131.624
2023-01-14 04:00:00+02:00,15,128.149
2023-01-14 05:00:00+02:00,15,124.868
2023-01-14 06:00:00+02:00,15,121.689
2023-01-14 07:00:00+02:00,15,118.996
2023-01-14 08:00:00+02:00,15,116.303
2023-01-14 09:00:00+02:00,15,113.439
2023-01-14 10:00:00+02:00,15,111.038
2023-01-14 11:00:00+02:00,15,108.592
2023-01-14 12:00:00+02:00,15,105.862
2023-01-14 13:00:00+02:00,15,103.315
2023-01-14 14:00:00+02:00,15,100.942
2023-01-14 15:00:00+02:00,15,98.596
2023-01-14 16:00:00+02:00,15,96.254
2023-01-14 17:00:00+02:00,15,94.059
2023-01-14 18:00:00+02:00,15,91.297
2023-01-14 19:00:00+02:00,15,88.107
2023-01-14 20:00:00+02:00,15,85.387
2023-01-14 21:00:00+02:00,15,82.281
2023-01-14 22:00:00+02:00,15,77.230
2023-01-14 23:00:00+02:00,15,71.854
2023-01-15 00:00:00+02:00,15,65.100
2023-01-15 01:00:00+02:00,15,58.157
2023-01-15 02:00:00+02:00,15,54.889
2023-01-15 03:00:00+02:00,15,50.401
2023-01-15 04:00:00+02:00,15,49.659
2023-01-15 05:00:00+02:00,15,47.292
2023-01-15 06:00:00+02:00,15,49.984
2023-01-15 07:00:00+02:00,15,70.571
2023-01-15 08:00:00+02:00,15,107.716
2023-01-15 09:00:00+02:00,15,123.501
2023-01-15 10:00:00+02:00,15,148.932
2023-01-15 11:00:00+02:00,15,190.902
2023-01-15 12:00:00+02:00,15,258.964
2023-01-15 13:00:00+02:00,15,308.643
2023-01-15 14:00:00+02:00,15,334.985
2023-01-15 15:00:00+02:00,15,325.883
2023-01-15 16:00:00+02:00,15,279.746
2023-01-15 17:00:00+02:00,15,232.980
2023-01-15 18:00:00+02:00,15,184.645
2023-01-15 19:00:00+02:00,15,159.395
2023-01-15 20:00:00+02:00,15,135.020
2023-01-15 21:00:00+02:00,15,111.588
2023-01-15 22:00:00+02:00,15,100.634
2023-01-15 23:00:00+02:00,15,93.249
2023-01-16 00:00:00+02:00,15,88.440
2023-01-16 01:00:00+02:00,15,87.674
2023-01-16 02:00:00+02:00,15,78.959
2023-01-16 03:00:00+02:00,15,66.612
2023-01-16 04:00:00+02:00,15,63.196
2023-01-16 05:00:00+02:00,15,62.379
2023-01-16 06:00:00+02:00,15,69.795
2023-01-16 07:00:00+02:00,15,106.560
2023-01-16 08:00:00+02:00,15,145.283
2023-01-16 09:00:00+02:00,15,144.110
2023-01-16 10:00:00+02:00,15,139.076
2023-01-16 11:00:00+02:00,15,136.074
2023-01-16 12:00:00+02:00,15,178.177
2023-01-16 13:00:00+02:00,15,232.750
2023-01-16 14:00:00+02:00,15,297.618
2023-01-16 15:00:00+02:00,15,349.805
2023-01-16 16:00:00+02:00,15,379.022
2023-01-16 17:00:00+02:00,15,381.972
2023-01-16 18:00:00+02:00,15,351.296
2023-01-16 19:00:00+02:00,15,305.555
2023-01-16 20:00:00+02:00,15,261.463
2023-01-16 21:00:00+02:00,15,218.078
2023-01-16 22:00:00+02:00,15,184.780
2023-01-16 23:00:00+02:00,15,163.754
2023-01-17 00:00:00+02:00,15,149.927
2023-01-17 01:00:00+02:00,15,142.369
2023-01-17 02:00:00+02:00,15,138.753
2023-01-17 03:00:00+02:00,15,138.516
2023-01-17 04:00:00+02:00,15,141.239
2023-01-17 05:00:00+02:00,15,141.825
2023-01-17 06:00:00+02:00,15,144.022
2023-01-17 07:00:00+02:00,15,148.974
2023-01-17 08:00:00+02:00,15,155.217
2023-01-17 09:00:00+02:00,15,159.318
2023-01-17 10:00:00+02:00,15,162.396
2023-01-17 11:00:00+02:00,15,162.100
2023-01-17 12:00:00+02:00,15,160.400
2023-01-17 13:00:00+02:00,15,159.443
2023-01-17 14:00:00+02:00,15,160.139
2023-01-17 15:00:00+02:00,15,159.655
2023-01-17 16:00:00+02:00,15,155.599
2023-01-17 17:00:00+02:00,15,149.542
2023-01-17 18:00:00+02:00,15,142.394
2023-01-17 19:00:00+02:00,15,137.350
2023-01-17 20:00:00+02:00,15,133.824
2023-01-17 21:00:00+02:00,15,131.624
2023-01-17 22:00:00+02:00,15,130.937
2023-01-17 23:00:00+02:00,15,130.254
2023-01-18 00:00:00+02:00,15,128.797
2023-01-18 01:00:00+02:00,15,126.836
2023-01-18 02:00:00+02:00,15,125.344
2023-01-18 03:00:00+02:00,15,125.444
2023-01-18 04:00:00+02:00,15,126.024
2023-01-18 05:00:00+02:00,15,125.885
2023-01-18 06:00:00+02:00,15,126.943
2023-01-18 07:00:00+02:00,15,131.697
2023-01-18 08:00:00+02:00,15,138.234
2023-01-18 09:00:00+02:00,15,142.291
2023-01-18 10:00:00+02:00,15,146.490
2023-01-18 11:00:00+02:00,15,148.605
2023-01-18 12:00:00+02:00,15,149.803
2023-01-18 13:00:00+02:00,15,150.397
2023-01-18 14:00:00+02:00,15,150.141
2023-01-18 15:00:00+02:00,15,149.794
2023-01-18 16:00:00+02:00,15,149.925
2023-01-18 17:00:00+02:00,15,150.170
2023-01-18 18:00:00+02:00,15,149.632
2023-01-18 19:00:00+02:00,15,148.960
2023-01-18 20:00:00+02:00,15,147.634
2023-01-18 21:00:00+02:00,15,146.469
2023-01-18 22:00:00+02:00,15,144.822
2023-01-18 23:00:00+02:00,15,143.269
2023-01-19 00:00:00+02:00,15,141.981
2023-01-19 01:00:00+02:00,15,141.679
2023-01-19 02:00:00+02:00,15,139.814
2023-01-19 03:00:00+02:00,15,135.400
2023-01-19 04:00:00+02:00,15,132.278
2023-01-19 05:00:00+02:00,15,129.806
2023-01-19 06:00:00+02:00,15,127.009
2023-01-19 07:00:00+02:00,15,125.190
2023-01-19 08:00:00+02:00,15,132.451
2023-01-19 09:00:00+02:00,15,142.535
2023-01-19 10:00:00+02:00,15,174.564
2023-01-19 11:00:00+02:00,15,211.275
2023-01-19 12:00:00+02:00,15,232.196
2023-01-19 13:00:00+02:00,15,234.742
2023-01-19 14:00:00+02:00,15,225.809
2023-01-19 15:00:00+02:00,15,213.691
2023-01-19 16:00:00+02:00,15,203.577
2023-01-19 17:00:00+02:00,15,201.221
2023-01-19 18:00:00+02:00,15,197.122
2023-01-19 19:00:00+02:00,15,193.358
2023-01-19 20:00:00+02:00,15,189.515
2023-01-19 21:00:00+02:00,15,185.926
2023-01-19 22:00:00+02:00,15,181.886
2023-01-19 23:00:00+02:00,15,177.039
2023-01-20 00:00:00+02:00,15,173.385
2023-01-20 01:00:00+02:00,15,170.323
2023-01-20 02:00:00+02:00,15,166.854
2023-01-20 03:00:00+02:00,15,163.437
2023-01-20 04:00:00+02:00,15,158.737
2023-01-20 05:00:00+02:00,15,153.042
2023-01-20 06:00:00+02:00,15,143.829
2023-01-20 06:00:00+02:00,15,134.726
2023-01-20 07:00:00+02:00,15,133.383
2023-01-20 08:00:00+02:00,15,132.902
2023-01-20 09:00:00+02:00,15,128.083
2023-01-20 10:00:00+02:00,15,115.873
2023-01-20 11:00:00+02:00,15,107.915
2023-01-20 12:00:00+02:00,15,106.835
2023-01-20 13:00:00+02:00,15,103.993
2023-01-20 14:00:00+02:00,15,74.538
2023-01-20 15:00:00+02:00,15,39.050
2023-01-20 16:00:00+02:00,15,29.993
2023-01-20 17:00:00+02:00,15,34.331
2023-01-20 18:00:00+02:00,15,39.296
2023-01-20 19:00:00+02:00,15,42.904
2023-01-20 20:00:00+02:00,15,44.135
2023-01-20 21:00:00+02:00,15,44.893
2023-01-20 22:00:00+02:00,15,49.505
2023-01-20 23:00:00+02:00,15,99.086
2023-01-21 00:00:00+02:00,15,261.661
2023-01-21 01:00:00+02:00,15,399.136
2023-01-21 02:00:00+02:00,15,671.445
2023-01-21 03:00:00+02:00,15,1538.057
2023-01-21 04:00:00+02:00,15,2060.304
2023-01-21 05:00:00+02:00,15,2198.899
2023-01-21 06:00:00+02:00,15,2244.065
2023-01-21 07:00:00+02:00,15,2315.093
2023-01-21 08:00:00+02:00,15,2385.412
2023-01-21 09:00:00+02:00,15,2204.814
2023-01-21 10:00:00+02:00,15,1867.814
2023-01-21 11:00:00+02:00,15,1311.337
2023-01-21 12:00:00+02:00,15,821.689
2023-01-21 13:00:00+02:00,15,442.665
2023-01-21 14:00:00+02:00,15,206.510
2023-01-21 15:00:00+02:00,15,74.979
2023-01-21 16:00:00+02:00,15,37.905
2023-01-21 17:00:00+02:00,15,35.759
2023-01-21 18:00:00+02:00,15,39.623
2023-01-21 19:00:00+02:00,15,43.010
2023-01-21 20:00:00+02:00,15,44.203
2023-01-21 21:00:00+02:00,15,44.943
2023-01-21 22:00:00+02:00,15,49.645
2023-01-21 23:00:00+02:00,15,99.619
2023-01-22 00:00:00+02:00,15,263.948
2023-01-22 01:00:00+02:00,15,403.168
2023-01-22 02:00:00+02:00,15,679.232
2023-01-22 03:00:00+02:00,15,1561.484
2023-01-22 04:00:00+02:00,15,2097.097
2023-01-22 05:00:00+02:00,15,2240.051
2022-12-30 06:00:00+02:00,16,55.186
2022-12-30 07:00:00+02:00,16,53.926
2022-12-30 08:00:00+02:00,16,53.685
2022-12-30 09:00:00+02:00,16,53.538
2022-12-30 10:00:00+02:00,16,54.863
2022-12-30 11:00:00+02:00,16,56.861
2022-12-30 12:00:00+02:00,16,59.058
2022-12-30 13:00:00+02:00,16,60.154
2022-12-30 14:00:00+02:00,16,61.355
2022-12-30 15:00:00+02:00,16,61.048
2022-12-30 16:00:00+02:00,16,60.345
2022-12-30 17:00:00+02:00,16,59.338
2022-12-30 18:00:00+02:00,16,58.057
2022-12-30 19:00:00+02:00,16,57.927
2022-12-30 20:00:00+02:00,16,56.641
2022-12-30 21:00:00+02:00,16,55.197
2022-12-30 22:00:00+02:00,16,53.925
2022-12-30 23:00:00+02:00,16,52.730
2022-12-31 00:00:00+02:00,16,53.112
2022-12-31 01:00:00+02:00,16,52.067
2022-12-31 02:00:00+02:00,16,50.944
2022-12-31 03:00:00+02:00,16,49.716
2022-12-31 04:00:00+02:00,16,48.552
2022-12-31 05:00:00+02:00,16,47.480
2022-12-31 06:00:00+02:00,16,46.308
2022-12-31 07:00:00+02:00,16,45.134
2022-12-31 08:00:00+02:00,16,44.025
2022-12-31 09:00:00+02:00,16,42.652
2022-12-31 10:00:00+02:00,16,40.526
2022-12-31 11:00:00+02:00,16,38.215
2022-12-31 12:00:00+02:00,16,35.559
2022-12-31 13:00:00+02:00,16,33.144
2022-12-31 14:00:00+02:00,16,32.133
2022-12-31 15:00:00+02:00,16,31.095
2022-12-31 16:00:00+02:00,16,30.678
2022-12-31 17:00:00+02:00,16,35.176
2022-12-31 18:00:00+02:00,16,40.480
2022-12-31 19:00:00+02:00,16,47.947
2022-12-31 20:00:00+02:00,16,53.402
2022-12-31 21:00:00+02:00,16,60.058
2022-12-31 22:00:00+02:00,16,75.106
2022-12-31 23:00:00+02:00,16,120.999
2023-01-01 00:00:00+02:00,16,191.076
2023-01-01 01:00:00+02:00,16,268.049
2023-01-01 02:00:00+02:00,16,298.405
2023-01-01 03:00:00+02:00,16,302.116
2023-01-01 04:00:00+02:00,16,302.335
2023-01-01 05:00:00+02:00,16,302.330
2023-01-01 06:00:00+02:00,16,305.802
2023-01-01 07:00:00+02:00,16,344.120
2023-01-01 08:00:00+02:00,16,380.927
2023-01-01 09:00:00+02:00,16,404.455
2023-01-01 10:00:00+02:00,16,409.132
2023-01-01 11:00:00+02:00,16,409.170
2023-01-01 12:00:00+02:00,16,408.137
2023-01-01 13:00:00+02:00,16,406.228
2023-01-01 14:00:00+02:00,16,404.051
2023-01-01 15:00:00+02:00,16,401.798
2023-01-01 16:00:00+02:00,16,396.994
2023-01-01 17:00:00+02:00,16,388.122
2023-01-01 18:00:00+02:00,16,375.772
2023-01-01 19:00:00+02:00,16,360.376
2023-01-01 20:00:00+02:00,16,344.150
2023-01-01 21:00:00+02:00,16,330.553
2023-01-01 22:00:00+02:00,16,317.633
2023-01-01 23:00:00+02:00,16,306.111
2023-01-02 00:00:00+02:00,16,296.999
2023-01-02 01:00:00+02:00,16,289.985
2023-01-02 02:00:00+02:00,16,283.379
2023-01-02 03:00:00+02:00,16,277.577
2023-01-02 04:00:00+02:00,16,272.946
2023-01-02 05:00:00+02:00,16,269.131
2023-01-02 06:00:00+02:00,16,265.827
2023-01-02 07:00:00+02:00,16,262.975
2023-01-02 08:00:00+02:00,16,259.752
2023-01-02 09:00:00+02:00,16,253.726
2023-01-02 10:00:00+02:00,16,246.240
2023-01-02 11:00:00+02:00,16,238.396
2023-01-02 12:00:00+02:00,16,232.119
2023-01-02 13:00:00+02:00,16,227.410
2023-01-02 14:00:00+02:00,16,223.418
2023-01-02 15:00:00+02:00,16,220.507
2023-01-02 16:00:00+02:00,16,218.254
2023-01-02 17:00:00+02:00,16,218.159
2023-01-02 18:00:00+02:00,16,220.469
2023-01-02 19:00:00+02:00,16,222.519
2023-01-02 20:00:00+02:00,16,228.107
2023-01-02 21:00:00+02:00,16,237.882
2023-01-02 22:00:00+02:00,16,245.292
2023-01-02 23:00:00+02:00,16,251.266
2023-01-03 00:00:00+02:00,16,251.414
2023-01-03 01:00:00+02:00,16,248.980
2023-01-03 02:00:00+02:00,16,243.963
2023-01-03 03:00:00+02:00,16,235.090
2023-01-03 04:00:00+02:00,16,224.576
2023-01-03 05:00:00+02:00,16,214.489
2023-01-03 06:00:00+02:00,16,203.791
2023-01-03 07:00:00+02:00,16,192.966
2023-01-03 08:00:00+02:00,16,182.392
2023-01-03 09:00:00+02:00,16,172.288
2023-01-03 10:00:00+02:00,16,164.210
2023-01-03 11:00:00+02:00,16,158.303
2023-01-03 12:00:00+02:00,16,155.861
2023-01-03 13:00:00+02:00,16,154.776
2023-01-03 14:00:00+02:00,16,155.740
2023-01-03 15:00:00+02:00,16,161.389
2023-01-03 16:00:00+02:00,16,168.501
2023-01-03 17:00:00+02:00,16,175.299
2023-01-03 18:00:00+02:00,16,178.014
2023-01-03 19:00:00+02:00,16,184.530
2023-01-03 20:00:00+02:00,16,223.618
2023-01-03 21:00:00+02:00,16,300.418
2023-01-03 22:00:00+02:00,16,324.555
2023-01-03 23:00:00+02:00,16,330.753
2023-01-04 00:00:00+02:00,16,317.490
2023-01-04 01:00:00+02:00,16,301.403
2023-01-04 02:00:00+02:00,16,276.786
2023-01-04 03:00:00+02:00,16,246.327
2023-01-04 04:00:00+02:00,16,226.170
2023-01-04 05:00:00+02:00,16,207.503
2023-01-04 06:00:00+02:00,16,194.816
2023-01-04 07:00:00+02:00,16,183.500
2023-01-04 08:00:00+02:00,16,176.754
2023-01-04 09:00:00+02:00,16,172.368
2023-01-04 10:00:00+02:00,16,170.033
2023-01-04 11:00:00+02:00,16,168.914
2023-01-04 12:00:00+02:00,16,168.873
2023-01-04 13:00:00+02:00,16,167.954
2023-01-04 14:00:00+02:00,16,170.105
2023-01-04 15:00:00+02:00,16,171.106
2023-01-04 16:00:00+02:00,16,160.971
2023-01-04 17:00:00+02:00,16,153.967
2023-01-04 18:00:00+02:00,16,151.667
2023-01-04 19:00:00+02:00,16,151.156
2023-01-04 20:00:00+02:00,16,150.604
2023-01-04 21:00:00+02:00,16,148.746
2023-01-04 22:00:00+02:00,16,143.356
2023-01-04 23:00:00+02:00,16,137.034
2023-01-05 00:00:00+02:00,16,124.501
2023-01-05 01:00:00+02:00,16,111.889
2023-01-05 02:00:00+02:00,16,100.246
2023-01-05 03:00:00+02:00,16,91.274
2023-01-05 04:00:00+02:00,16,83.923
2023-01-05 05:00:00+02:00,16,77.862
2023-01-05 06:00:00+02:00,16,75.807
2023-01-05 07:00:00+02:00,16,71.537
2023-01-05 08:00:00+02:00,16,68.305
2023-01-05 09:00:00+02:00,16,66.077
2023-01-05 10:00:00+02:00,16,63.507
2023-01-05 11:00:00+02:00,16,60.424
2023-01-05 12:00:00+02:00,16,57.888
2023-01-05 13:00:00+02:00,16,55.911
2023-01-05 14:00:00+02:00,16,54.080
2023-01-05 15:00:00+02:00,16,52.754
2023-01-05 16:00:00+02:00,16,51.906
2023-01-05 17:00:00+02:00,16,51.399
2023-01-05 18:00:00+02:00,16,51.028
2023-01-05 19:00:00+02:00,16,50.184
2023-01-05 20:00:00+02:00,16,49.274
2023-01-05 21:00:00+02:00,16,48.589
2023-01-05 22:00:00+02:00,16,47.993
2023-01-05 23:00:00+02:00,16,48.230
2023-01-06 00:00:00+02:00,16,52.024
2023-01-06 01:00:00+02:00,16,97.968
2023-01-06 02:00:00+02:00,16,216.372
2023-01-06 03:00:00+02:00,16,358.649
2023-01-06 04:00:00+02:00,16,483.072
2023-01-06 05:00:00+02:00,16,578.601
2023-01-06 06:00:00+02:00,16,642.848
2023-01-06 07:00:00+02:00,16,676.756
2023-01-06 08:00:00+02:00,16,685.451
2023-01-06 09:00:00+02:00,16,676.436
2023-01-06 10:00:00+02:00,16,656.873
2023-01-06 11:00:00+02:00,16,631.768
2023-01-06 12:00:00+02:00,16,604.335
2023-01-06 13:00:00+02:00,16,577.621
2023-01-06 14:00:00+02:00,16,555.454
2023-01-06 15:00:00+02:00,16,540.746
2023-01-06 16:00:00+02:00,16,530.631
2023-01-06 17:00:00+02:00,16,522.063
2023-01-06 18:00:00+02:00,16,515.992
2023-01-06 19:00:00+02:00,16,510.683
2023-01-06 20:00:00+02:00,16,508.408
2023-01-06 21:00:00+02:00,16,503.373
2023-01-06 22:00:00+02:00,16,495.889
2023-01-06 23:00:00+02:00,16,487.382
2023-01-07 00:00:00+02:00,16,481.835
2023-01-07 01:00:00+02:00,16,477.998
2023-01-07 02:00:00+02:00,16,475.073
2023-01-07 03:00:00+02:00,16,468.513
2023-01-07 04:00:00+02:00,16,465.694
2023-01-07 05:00:00+02:00,16,468.945
2023-01-07 06:00:00+02:00,16,474.537
2023-01-07 07:00:00+02:00,16,474.948
2023-01-07 08:00:00+02:00,16,479.109
2023-01-07 09:00:00+02:00,16,487.378
2023-01-07 10:00:00+02:00,16,492.863
2023-01-07 11:00:00+02:00,16,496.630
2023-01-07 12:00:00+02:00,16,494.330
2023-01-07 13:00:00+02:00,16,486.300
2023-01-07 14:00:00+02:00,16,475.258
2023-01-07 15:00:00+02:00,16,461.557
2023-01-07 16:00:00+02:00,16,444.855
2023-01-07 17:00:00+02:00,16,431.452
2023-01-07 18:00:00+02:00,16,419.853
2023-01-07 19:00:00+02:00,16,407.469
2023-01-07 20:00:00+02:00,16,397.453
2023-01-07 21:00:00+02:00,16,386.643
2023-01-07 22:00:00+02:00,16,378.230
2023-01-07 23:00:00+02:00,16,370.073
2023-01-08 00:00:00+02:00,16,363.633
2023-01-08 01:00:00+02:00,16,355.000
2023-01-08 02:00:00+02:00,16,347.230
2023-01-08 03:00:00+02:00,16,339.900
2023-01-08 04:00:00+02:00,16,332.496
2023-01-08 05:00:00+02:00,16,325.405
2023-01-08 06:00:00+02:00,16,318.751
2023-01-08 07:00:00+02:00,16,311.878
2023-01-08 08:00:00+02:00,16,304.600
2023-01-08 09:00:00+02:00,16,296.696
2023-01-08 10:00:00+02:00,16,287.031
2023-01-08 11:00:00+02:00,16,277.913
2023-01-08 12:00:00+02:00,16,275.869
2023-01-08 13:00:00+02:00,16,269.945
2023-01-08 14:00:00+02:00,16,263.616
2023-01-08 15:00:00+02:00,16,257.118
2023-01-08 16:00:00+02:00,16,263.129
2023-01-08 17:00:00+02:00,16,275.577
2023-01-08 18:00:00+02:00,16,298.200
2023-01-08 19:00:00+02:00,16,336.860
2023-01-08 20:00:00+02:00,16,403.652
2023-01-08 21:00:00+02:00,16,470.508
2023-01-08 22:00:00+02:00,16,526.262
2023-01-08 23:00:00+02:00,16,527.105
2023-01-09 00:00:00+02:00,16,504.999
2023-01-09 01:00:00+02:00,16,484.014
2023-01-09 02:00:00+02:00,16,471.872
2023-01-09 03:00:00+02:00,16,469.643
2023-01-09 04:00:00+02:00,16,475.851
2023-01-09 05:00:00+02:00,16,484.326
2023-01-09 06:00:00+02:00,16,491.641
2023-01-09 07:00:00+02:00,16,500.968
2023-01-09 08:00:00+02:00,16,503.517
2023-01-09 09:00:00+02:00,16,499.147
2023-01-09 10:00:00+02:00,16,490.307
2023-01-09 11:00:00+02:00,16,478.145
2023-01-09 12:00:00+02:00,16,464.220
2023-01-09 13:00:00+02:00,16,446.399
2023-01-09 14:00:00+02:00,16,425.888
2023-01-09 15:00:00+02:00,16,406.942
2023-01-09 16:00:00+02:00,16,387.924
2023-01-09 17:00:00+02:00,16,359.509
2023-01-09 18:00:00+02:00,16,326.895
2023-01-09 19:00:00+02:00,16,293.370
2023-01-09 20:00:00+02:00,16,263.363
2023-01-09 21:00:00+02:00,16,238.909
2023-01-09 22:00:00+02:00,16,220.900
2023-01-09 23:00:00+02:00,16,201.488
2023-01-10 00:00:00+02:00,16,182.912
2023-01-10 01:00:00+02:00,16,163.373
2023-01-10 02:00:00+02:00,16,149.088
2023-01-10 03:00:00+02:00,16,140.151
2023-01-10 04:00:00+02:00,16,135.720
2023-01-10 05:00:00+02:00,16,135.174
2023-01-10 06:00:00+02:00,16,138.557
2023-01-10 07:00:00+02:00,16,146.281
2023-01-10 08:00:00+02:00,16,154.540
2023-01-10 09:00:00+02:00,16,157.714
2023-01-10 10:00:00+02:00,16,155.746
2023-01-10 11:00:00+02:00,16,153.554
2023-01-10 12:00:00+02:00,16,152.676
2023-01-10 13:00:00+02:00,16,154.174
2023-01-10 14:00:00+02:00,16,158.940
2023-01-10 15:00:00+02:00,16,165.990
2023-01-10 16:00:00+02:00,16,167.484
2023-01-10 17:00:00+02:00,16,162.846
2023-01-10 18:00:00+02:00,16,156.823
2023-01-10 19:00:00+02:00,16,150.890
2023-01-10 20:00:00+02:00,16,147.116
2023-01-10 21:00:00+02:00,16,144.301
2023-01-10 22:00:00+02:00,16,142.727
2023-01-10 23:00:00+02:00,16,142.840
2023-01-11 00:00:00+02:00,16,143.070
2023-01-11 01:00:00+02:00,16,143.503
2023-01-11 02:00:00+02:00,16,142.928
2023-01-11 03:00:00+02:00,16,141.343
2023-01-11 04:00:00+02:00,16,141.225
2023-01-11 05:00:00+02:00,16,143.307
2023-01-11 06:00:00+02:00,16,146.911
2023-01-11 07:00:00+02:00,16,150.214
2023-01-11 08:00:00+02:00,16,153.476
2023-01-11 09:00:00+02:00,16,162.887
2023-01-11 10:00:00+02:00,16,183.382
2023-01-11 11:00:00+02:00,16,193.529
2023-01-11 12:00:00+02:00,16,193.820
2023-01-11 13:00:00+02:00,16,191.756
2023-01-11 14:00:00+02:00,16,187.755
2023-01-11 15:00:00+02:00,16,183.877
2023-01-11 16:00:00+02:00,16,180.880
2023-01-11 17:00:00+02:00,16,178.677
2023-01-11 18:00:00+02:00,16,171.884
2023-01-11 19:00:00+02:00,16,161.049
2023-01-11 20:00:00+02:00,16,150.774
2023-01-11 21:00:00+02:00,16,143.521
2023-01-11 22:00:00+02:00,16,138.599
2023-01-11 23:00:00+02:00,16,134.772
2023-01-12 00:00:00+02:00,16,131.502
2023-01-12 01:00:00+02:00,16,129.484
2023-01-12 02:00:00+02:00,16,129.313
2023-01-12 03:00:00+02:00,16,132.571
2023-01-12 04:00:00+02:00,16,135.699
2023-01-12 05:00:00+02:00,16,136.796
2023-01-12 06:00:00+02:00,16,138.916
2023-01-12 07:00:00+02:00,16,140.565
2023-01-12 08:00:00+02:00,16,140.799
2023-01-12 09:00:00+02:00,16,140.875
2023-01-12 10:00:00+02:00,16,141.007
2023-01-12 11:00:00+02:00,16,143.195
2023-01-12 12:00:00+02:00,16,148.100
2023-01-12 13:00:00+02:00,16,154.305
2023-01-12 14:00:00+02:00,16,164.695
2023-01-12 15:00:00+02:00,16,169.659
2023-01-12 16:00:00+02:00,16,163.916
2023-01-12 17:00:00+02:00,16,152.499
2023-01-12 18:00:00+02:00,16,141.882
2023-01-12 19:00:00+02:00,16,133.879
2023-01-12 20:00:00+02:00,16,129.506
2023-01-12 21:00:00+02:00,16,127.033
2023-01-12 22:00:00+02:00,16,126.189
2023-01-12 23:00:00+02:00,16,126.447
2023-01-13 00:00:00+02:00,16,127.449
2023-01-13 01:00:00+02:00,16,127.627
2023-01-13 02:00:00+02:00,16,127.447
2023-01-13 03:00:00+02:00,16,128.204
2023-01-13 04:00:00+02:00,16,126.160
2023-01-13 05:00:00+02:00,16,123.578
2023-01-13 06:00:00+02:00,16,123.459
2023-01-13 07:00:00+02:00,16,127.087
2023-01-13 08:00:00+02:00,16,131.427
2023-01-13 09:00:00+02:00,16,136.514
2023-01-13 10:00:00+02:00,16,138.055
2023-01-13 11:00:00+02:00,16,139.104
2023-01-13 12:00:00+02:00,16,141.891
2023-01-13 13:00:00+02:00,16,149.143
2023-01-13 14:00:00+02:00,16,159.839
2023-01-13 15:00:00+02:00,16,165.907
2023-01-13 16:00:00+02:00,16,164.138
2023-01-13 17:00:00+02:00,16,158.470
2023-01-13 18:00:00+02:00,16,153.036
2023-01-13 19:00:00+02:00,16,148.853
2023-01-13 20:00:00+02:00,16,146.361
2023-01-13 21:00:00+02:00,16,145.899
2023-01-13 22:00:00+02:00,16,145.572
2023-01-13 23:00:00+02:00,16,145.616
2023-01-14 00:00:00+02:00,16,146.194
2023-01-14 01:00:00+02:00,16,144.992
2023-01-14 02:00:00+02:00,16,139.578
2023-01-14 03:00:00+02:00,16,134.568
2023-01-14 04:00:00+02:00,16,130.494
2023-01-14 05:00:00+02:00,16,126.780
2023-01-14 06:00:00+02:00,16,123.280
2023-01-14 07:00:00+02:00,16,120.370
2023-01-14 08:00:00+02:00,16,117.664
2023-01-14 09:00:00+02:00,16,114.882
2023-01-14 10:00:00+02:00,16,116.113
2023-01-14 11:00:00+02:00,16,116.482
2023-01-14 12:00:00+02:00,16,112.474
2023-01-14 13:00:00+02:00,16,109.631
2023-01-14 14:00:00+02:00,16,108.665
2023-01-14 15:00:00+02:00,16,106.391
2023-01-14 16:00:00+02:00,16,103.806
2023-01-14 17:00:00+02:00,16,102.858
2023-01-14 18:00:00+02:00,16,98.436
2023-01-14 19:00:00+02:00,16,93.783
2023-01-14 20:00:00+02:00,16,90.559
2023-01-14 21:00:00+02:00,16,87.620
2023-01-14 22:00:00+02:00,16,83.917
2023-01-14 23:00:00+02:00,16,80.350
2023-01-15 00:00:00+02:00,16,75.680
2023-01-15 01:00:00+02:00,16,71.080
2023-01-15 02:00:00+02:00,16,69.057
2023-01-15 03:00:00+02:00,16,65.733
2023-01-15 04:00:00+02:00,16,63.427
2023-01-15 05:00:00+02:00,16,59.045
2023-01-15 06:00:00+02:00,16,67.531
2023-01-15 07:00:00+02:00,16,107.137
2023-01-15 08:00:00+02:00,16,176.905
2023-01-15 09:00:00+02:00,16,217.319
2023-01-15 10:00:00+02:00,16,265.104
2023-01-15 11:00:00+02:00,16,318.494
2023-01-15 12:00:00+02:00,16,371.568
2023-01-15 13:00:00+02:00,16,393.251
2023-01-15 14:00:00+02:00,16,393.448
2023-01-15 15:00:00+02:00,16,385.682
2023-01-15 16:00:00+02:00,16,344.183
2023-01-15 17:00:00+02:00,16,289.899
2023-01-15 18:00:00+02:00,16,235.135
2023-01-15 19:00:00+02:00,16,201.170
2023-01-15 20:00:00+02:00,16,171.896
2023-01-15 21:00:00+02:00,16,143.757
2023-01-15 22:00:00+02:00,16,128.069
2023-01-15 23:00:00+02:00,16,116.998
2023-01-16 00:00:00+02:00,16,109.839
2023-01-16 01:00:00+02:00,16,105.849
2023-01-16 02:00:00+02:00,16,96.490
2023-01-16 03:00:00+02:00,16,84.065
2023-01-16 04:00:00+02:00,16,78.813
2023-01-16 05:00:00+02:00,16,78.976
2023-01-16 06:00:00+02:00,16,98.406
2023-01-16 07:00:00+02:00,16,156.134
2023-01-16 08:00:00+02:00,16,217.101
2023-01-16 09:00:00+02:00,16,229.708
2023-01-16 10:00:00+02:00,16,239.634
2023-01-16 11:00:00+02:00,16,252.275
2023-01-16 12:00:00+02:00,16,299.881
2023-01-16 13:00:00+02:00,16,351.434
2023-01-16 14:00:00+02:00,16,394.674
2023-01-16 15:00:00+02:00,16,413.017
2023-01-16 16:00:00+02:00,16,408.363
2023-01-16 17:00:00+02:00,16,373.329
2023-01-16 18:00:00+02:00,16,323.900
2023-01-16 19:00:00+02:00,16,272.235
2023-01-16 20:00:00+02:00,16,230.525
2023-01-16 21:00:00+02:00,16,194.483
2023-01-16 22:00:00+02:00,16,168.255
2023-01-16 23:00:00+02:00,16,152.395
2023-01-17 00:00:00+02:00,16,143.387
2023-01-17 01:00:00+02:00,16,139.912
2023-01-17 02:00:00+02:00,16,139.664
2023-01-17 03:00:00+02:00,16,142.316
2023-01-17 04:00:00+02:00,16,146.866
2023-01-17 05:00:00+02:00,16,148.531
2023-01-17 06:00:00+02:00,16,151.928
2023-01-17 07:00:00+02:00,16,157.949
2023-01-17 08:00:00+02:00,16,164.701
2023-01-17 09:00:00+02:00,16,167.200
2023-01-17 10:00:00+02:00,16,167.169
2023-01-17 11:00:00+02:00,16,165.133
2023-01-17 12:00:00+02:00,16,163.043
2023-01-17 13:00:00+02:00,16,162.402
2023-01-17 14:00:00+02:00,16,163.581
2023-01-17 15:00:00+02:00,16,160.678
2023-01-17 16:00:00+02:00,16,153.331
2023-01-17 17:00:00+02:00,16,146.063
2023-01-17 18:00:00+02:00,16,139.591
2023-01-17 19:00:00+02:00,16,135.806
2023-01-17 20:00:00+02:00,16,133.583
2023-01-17 21:00:00+02:00,16,132.984
2023-01-17 22:00:00+02:00,16,133.188
2023-01-17 23:00:00+02:00,16,131.973
2023-01-18 00:00:00+02:00,16,129.658
2023-01-18 01:00:00+02:00,16,127.725
2023-01-18 02:00:00+02:00,16,127.083
2023-01-18 03:00:00+02:00,16,128.583
2023-01-18 04:00:00+02:00,16,129.788
2023-01-18 05:00:00+02:00,16,130.461
2023-01-18 06:00:00+02:00,16,133.182
2023-01-18 07:00:00+02:00,16,140.522
2023-01-18 08:00:00+02:00,16,147.952
2023-01-18 09:00:00+02:00,16,150.722
2023-01-18 10:00:00+02:00,16,152.549
2023-01-18 11:00:00+02:00,16,153.458
2023-01-18 12:00:00+02:00,16,153.908
2023-01-18 13:00:00+02:00,16,153.722
2023-01-18 14:00:00+02:00,16,153.151
2023-01-18 15:00:00+02:00,16,153.032
2023-01-18 16:00:00+02:00,16,153.508
2023-01-18 17:00:00+02:00,16,153.593
2023-01-18 18:00:00+02:00,16,152.669
2023-01-18 19:00:00+02:00,16,151.397
2023-01-18 20:00:00+02:00,16,149.897
2023-01-18 21:00:00+02:00,16,148.442
2023-01-18 22:00:00+02:00,16,146.851
2023-01-18 23:00:00+02:00,16,145.603
2023-01-19 00:00:00+02:00,16,145.135
2023-01-19 01:00:00+02:00,16,146.177
2023-01-19 02:00:00+02:00,16,144.396
2023-01-19 03:00:00+02:00,16,138.758
2023-01-19 04:00:00+02:00,16,135.120
2023-01-19 05:00:00+02:00,16,132.299
2023-01-19 06:00:00+02:00,16,129.272
2023-01-19 07:00:00+02:00,16,131.499
2023-01-19 08:00:00+02:00,16,148.287
2023-01-19 09:00:00+02:00,16,171.305
2023-01-19 10:00:00+02:00,16,217.911
2023-01-19 11:00:00+02:00,16,248.352
2023-01-19 12:00:00+02:00,16,250.317
2023-01-19 13:00:00+02:00,16,233.711
2023-01-19 14:00:00+02:00,16,215.684
2023-01-19 15:00:00+02:00,16,200.024
2023-01-19 16:00:00+02:00,16,190.050
2023-01-19 17:00:00+02:00,16,189.226
2023-01-19 18:00:00+02:00,16,186.198
2023-01-19 19:00:00+02:00,16,183.915
2023-01-19 20:00:00+02:00,16,181.121
2023-01-19 21:00:00+02:00,16,180.043
2023-01-19 22:00:00+02:00,16,178.182
2023-01-19 23:00:00+02:00,16,175.691
2023-01-20 00:00:00+02:00,16,174.654
2023-01-20 01:00:00+02:00,16,173.477
2023-01-20 02:00:00+02:00,16,169.825
2023-01-20 03:00:00+02:00,16,166.162
2023-01-20 04:00:00+02:00,16,161.437
2023-01-20 05:00:00+02:00,16,156.372
2023-01-20 06:00:00+02:00,16,149.119
2023-01-20 06:00:00+02:00,16,141.231
2023-01-20 07:00:00+02:00,16,138.776
2023-01-20 08:00:00+02:00,16,143.940
2023-01-20 09:00:00+02:00,16,137.183
2023-01-20 10:00:00+02:00,16,125.846
2023-01-20 11:00:00+02:00,16,115.400
2023-01-20 12:00:00+02:00,16,108.555
2023-01-20 13:00:00+02:00,16,105.696
2023-01-20 14:00:00+02:00,16,88.864
2023-01-20 15:00:00+02:00,16,52.511
2023-01-20 16:00:00+02:00,16,33.633
2023-01-20 17:00:00+02:00,16,32.289
2023-01-20 18:00:00+02:00,16,35.966
2023-01-20 19:00:00+02:00,16,39.153
2023-01-20 20:00:00+02:00,16,40.050
2023-01-20 21:00:00+02:00,16,40.834
2023-01-20 22:00:00+02:00,16,90.628
2023-01-20 23:00:00+02:00,16,234.105
2023-01-21 00:00:00+02:00,16,607.446
2023-01-21 01:00:00+02:00,16,922.442
2023-01-21 02:00:00+02:00,16,1337.063
2023-01-21 03:00:00+02:00,16,2426.584
2023-01-21 04:00:00+02:00,16,2976.394
2023-01-21 05:00:00+02:00,16,2920.412
2023-01-21 06:00:00+02:00,16,2784.686
2023-01-21 07:00:00+02:00,16,2740.937
2023-01-21 08:00:00+02:00,16,2800.996
2023-01-21 09:00:00+02:00,16,2591.521
2023-01-21 10:00:00+02:00,16,2330.320
2023-01-21 11:00:00+02:00,16,1841.694
2023-01-21 12:00:00+02:00,16,1302.106
2023-01-21 13:00:00+02:00,16,743.152
2023-01-21 14:00:00+02:00,16,348.212
2023-01-21 15:00:00+02:00,16,132.321
2023-01-21 16:00:00+02:00,16,55.809
2023-01-21 17:00:00+02:00,16,37.594
2023-01-21 18:00:00+02:00,16,37.566
2023-01-21 19:00:00+02:00,16,39.777
2023-01-21 20:00:00+02:00,16,40.473
2023-01-21 21:00:00+02:00,16,41.130
2023-01-21 22:00:00+02:00,16,91.150
2023-01-21 23:00:00+02:00,16,235.782
2023-01-22 00:00:00+02:00,16,613.885
2023-01-22 01:00:00+02:00,16,933.273
2023-01-22 02:00:00+02:00,16,1354.457
2023-01-22 03:00:00+02:00,16,2469.567
2023-01-22 04:00:00+02:00,16,3039.049
2023-01-22 05:00:00+02:00,16,2981.985
2022-12-30 06:00:00+02:00,17,97.940
2022-12-30 07:00:00+02:00,17,76.540
2022-12-30 08:00:00+02:00,17,69.222
2022-12-30 09:00:00+02:00,17,68.006
2022-12-30 10:00:00+02:00,17,64.346
2022-12-30 11:00:00+02:00,17,82.406
2022-12-30 12:00:00+02:00,17,72.627
2022-12-30 13:00:00+02:00,17,70.362
2022-12-30 14:00:00+02:00,17,68.475
2022-12-30 15:00:00+02:00,17,69.769
2022-12-30 16:00:00+02:00,17,70.485
2022-12-30 17:00:00+02:00,17,70.757
2022-12-30 18:00:00+02:00,17,70.382
2022-12-30 19:00:00+02:00,17,75.716
2022-12-30 20:00:00+02:00,17,79.199
2022-12-30 21:00:00+02:00,17,78.287
2022-12-30 22:00:00+02:00,17,79.978
2022-12-30 23:00:00+02:00,17,81.926
2022-12-31 00:00:00+02:00,17,86.931
2022-12-31 01:00:00+02:00,17,91.475
2022-12-31 02:00:00+02:00,17,94.728
2022-12-31 03:00:00+02:00,17,93.545
2022-12-31 04:00:00+02:00,17,92.923
2022-12-31 05:00:00+02:00,17,94.147
2022-12-31 06:00:00+02:00,17,89.509
2022-12-31 07:00:00+02:00,17,84.576
2022-12-31 08:00:00+02:00,17,81.942
2022-12-31 09:00:00+02:00,17,71.970
2022-12-31 10:00:00+02:00,17,60.182
2022-12-31 11:00:00+02:00,17,56.026
2022-12-31 12:00:00+02:00,17,53.368
2022-12-31 13:00:00+02:00,17,52.812
2022-12-31 14:00:00+02:00,17,58.079
2022-12-31 15:00:00+02:00,17,62.958
2022-12-31 16:00:00+02:00,17,68.281
2022-12-31 17:00:00+02:00,17,71.988
2022-12-31 18:00:00+02:00,17,77.423
2022-12-31 19:00:00+02:00,17,87.563
2022-12-31 20:00:00+02:00,17,99.641
2022-12-31 21:00:00+02:00,17,113.980
2022-12-31 22:00:00+02:00,17,139.975
2022-12-31 23:00:00+02:00,17,208.110
2023-01-01 00:00:00+02:00,17,291.972
2023-01-01 01:00:00+02:00,17,358.140
2023-01-01 02:00:00+02:00,17,377.451
2023-01-01 03:00:00+02:00,17,380.345
2023-01-01 04:00:00+02:00,17,381.179
2023-01-01 05:00:00+02:00,17,381.413
2023-01-01 06:00:00+02:00,17,381.799
2023-01-01 07:00:00+02:00,17,398.401
2023-01-01 08:00:00+02:00,17,433.094
2023-01-01 09:00:00+02:00,17,449.687
2023-01-01 10:00:00+02:00,17,450.056
2023-01-01 11:00:00+02:00,17,446.572
2023-01-01 12:00:00+02:00,17,440.929
2023-01-01 13:00:00+02:00,17,433.742
2023-01-01 14:00:00+02:00,17,424.931
2023-01-01 15:00:00+02:00,17,413.238
2023-01-01 16:00:00+02:00,17,399.238
2023-01-01 17:00:00+02:00,17,384.457
2023-01-01 18:00:00+02:00,17,368.039
2023-01-01 19:00:00+02:00,17,350.024
2023-01-01 20:00:00+02:00,17,333.362
2023-01-01 21:00:00+02:00,17,321.446
2023-01-01 22:00:00+02:00,17,310.784
2023-01-01 23:00:00+02:00,17,302.527
2023-01-02 00:00:00+02:00,17,295.353
2023-01-02 01:00:00+02:00,17,289.136
2023-01-02 02:00:00+02:00,17,282.925
2023-01-02 03:00:00+02:00,17,278.218
2023-01-02 04:00:00+02:00,17,274.780
2023-01-02 05:00:00+02:00,17,271.731
2023-01-02 06:00:00+02:00,17,268.875
2023-01-02 07:00:00+02:00,17,265.837
2023-01-02 08:00:00+02:00,17,260.896
2023-01-02 09:00:00+02:00,17,251.203
2023-01-02 10:00:00+02:00,17,242.585
2023-01-02 11:00:00+02:00,17,234.648
2023-01-02 12:00:00+02:00,17,230.539
2023-01-02 13:00:00+02:00,17,229.307
2023-01-02 14:00:00+02:00,17,229.175
2023-01-02 15:00:00+02:00,17,228.552
2023-01-02 16:00:00+02:00,17,228.913
2023-01-02 17:00:00+02:00,17,230.980
2023-01-02 18:00:00+02:00,17,236.793
2023-01-02 19:00:00+02:00,17,242.719
2023-01-02 20:00:00+02:00,17,249.838
2023-01-02 21:00:00+02:00,17,258.282
2023-01-02 22:00:00+02:00,17,262.726
2023-01-02 23:00:00+02:00,17,262.003
2023-01-03 00:00:00+02:00,17,257.825
2023-01-03 01:00:00+02:00,17,251.089
2023-01-03 02:00:00+02:00,17,242.653
2023-01-03 03:00:00+02:00,17,230.014
2023-01-03 04:00:00+02:00,17,217.502
2023-01-03 05:00:00+02:00,17,207.303
2023-01-03 06:00:00+02:00,17,197.561
2023-01-03 07:00:00+02:00,17,188.322
2023-01-03 08:00:00+02:00,17,176.865
2023-01-03 09:00:00+02:00,17,166.343
2023-01-03 10:00:00+02:00,17,160.161
2023-01-03 11:00:00+02:00,17,157.499
2023-01-03 12:00:00+02:00,17,158.263
2023-01-03 13:00:00+02:00,17,160.462
2023-01-03 14:00:00+02:00,17,163.675
2023-01-03 15:00:00+02:00,17,172.099
2023-01-03 16:00:00+02:00,17,179.790
2023-01-03 17:00:00+02:00,17,183.919
2023-01-03 18:00:00+02:00,17,185.409
2023-01-03 19:00:00+02:00,17,215.774
2023-01-03 20:00:00+02:00,17,275.815
2023-01-03 21:00:00+02:00,17,355.346
2023-01-03 22:00:00+02:00,17,356.919
2023-01-03 23:00:00+02:00,17,328.127
2023-01-04 00:00:00+02:00,17,300.951
2023-01-04 01:00:00+02:00,17,280.061
2023-01-04 02:00:00+02:00,17,253.483
2023-01-04 03:00:00+02:00,17,227.658
2023-01-04 04:00:00+02:00,17,210.911
2023-01-04 05:00:00+02:00,17,194.719
2023-01-04 06:00:00+02:00,17,185.514
2023-01-04 07:00:00+02:00,17,177.856
2023-01-04 08:00:00+02:00,17,174.715
2023-01-04 09:00:00+02:00,17,172.755
2023-01-04 10:00:00+02:00,17,172.625
2023-01-04 11:00:00+02:00,17,173.377
2023-01-04 12:00:00+02:00,17,175.151
2023-01-04 13:00:00+02:00,17,177.727
2023-01-04 14:00:00+02:00,17,180.808
2023-01-04 15:00:00+02:00,17,184.983
2023-01-04 16:00:00+02:00,17,175.498
2023-01-04 17:00:00+02:00,17,163.155
2023-01-04 18:00:00+02:00,17,157.353
2023-01-04 19:00:00+02:00,17,155.544
2023-01-04 20:00:00+02:00,17,154.981
2023-01-04 21:00:00+02:00,17,153.812
2023-01-04 22:00:00+02:00,17,150.450
2023-01-04 23:00:00+02:00,17,147.393
2023-01-05 00:00:00+02:00,17,136.546
2023-01-05 01:00:00+02:00,17,126.157
2023-01-05 02:00:00+02:00,17,115.528
2023-01-05 03:00:00+02:00,17,107.347
2023-01-05 04:00:00+02:00,17,100.134
2023-01-05 05:00:00+02:00,17,93.760
2023-01-05 06:00:00+02:00,17,96.675
2023-01-05 07:00:00+02:00,17,93.743
2023-01-05 08:00:00+02:00,17,89.027
2023-01-05 09:00:00+02:00,17,109.065
2023-01-05 10:00:00+02:00,17,110.305
2023-01-05 11:00:00+02:00,17,100.873
2023-01-05 12:00:00+02:00,17,89.401
2023-01-05 13:00:00+02:00,17,81.179
2023-01-05 14:00:00+02:00,17,72.933
2023-01-05 15:00:00+02:00,17,71.723
2023-01-05 16:00:00+02:00,17,103.154
2023-01-05 17:00:00+02:00,17,293.416
2023-01-05 18:00:00+02:00,17,474.611
2023-01-05 19:00:00+02:00,17,716.581
2023-01-05 20:00:00+02:00,17,915.827
2023-01-05 21:00:00+02:00,17,918.634
2023-01-05 22:00:00+02:00,17,859.092
2023-01-05 23:00:00+02:00,17,612.828
2023-01-06 00:00:00+02:00,17,387.022
2023-01-06 01:00:00+02:00,17,223.046
2023-01-06 02:00:00+02:00,17,254.919
2023-01-06 03:00:00+02:00,17,416.349
2023-01-06 04:00:00+02:00,17,548.944
2023-01-06 05:00:00+02:00,17,638.586
2023-01-06 06:00:00+02:00,17,704.538
2023-01-06 07:00:00+02:00,17,747.798
2023-01-06 08:00:00+02:00,17,764.211
2023-01-06 09:00:00+02:00,17,750.889
2023-01-06 10:00:00+02:00,17,728.579
2023-01-06 11:00:00+02:00,17,707.345
2023-01-06 12:00:00+02:00,17,700.260
2023-01-06 13:00:00+02:00,17,689.781
2023-01-06 14:00:00+02:00,17,661.928
2023-01-06 15:00:00+02:00,17,636.579
2023-01-06 16:00:00+02:00,17,653.567
2023-01-06 17:00:00+02:00,17,652.097
2023-01-06 18:00:00+02:00,17,638.544
2023-01-06 19:00:00+02:00,17,636.366
2023-01-06 20:00:00+02:00,17,613.259
2023-01-06 21:00:00+02:00,17,630.423
2023-01-06 22:00:00+02:00,17,659.851
2023-01-06 23:00:00+02:00,17,686.702
2023-01-07 00:00:00+02:00,17,651.790
2023-01-07 01:00:00+02:00,17,623.638
2023-01-07 02:00:00+02:00,17,605.226
2023-01-07 03:00:00+02:00,17,614.640
2023-01-07 04:00:00+02:00,17,579.174
2023-01-07 05:00:00+02:00,17,532.795
2023-01-07 06:00:00+02:00,17,502.690
2023-01-07 07:00:00+02:00,17,488.606
2023-01-07 08:00:00+02:00,17,480.660
2023-01-07 09:00:00+02:00,17,480.757
2023-01-07 10:00:00+02:00,17,484.657
2023-01-07 11:00:00+02:00,17,489.814
2023-01-07 12:00:00+02:00,17,491.732
2023-01-07 13:00:00+02:00,17,488.656
2023-01-07 14:00:00+02:00,17,481.836
2023-01-07 15:00:00+02:00,17,471.825
2023-01-07 16:00:00+02:00,17,458.506
2023-01-07 17:00:00+02:00,17,449.003
2023-01-07 18:00:00+02:00,17,440.793
2023-01-07 19:00:00+02:00,17,429.448
2023-01-07 20:00:00+02:00,17,422.768
2023-01-07 21:00:00+02:00,17,412.569
2023-01-07 22:00:00+02:00,17,408.805
2023-01-07 23:00:00+02:00,17,404.851
2023-01-08 00:00:00+02:00,17,403.436
2023-01-08 01:00:00+02:00,17,393.192
2023-01-08 02:00:00+02:00,17,387.577
2023-01-08 03:00:00+02:00,17,383.726
2023-01-08 04:00:00+02:00,17,376.529
2023-01-08 05:00:00+02:00,17,370.842
2023-01-08 06:00:00+02:00,17,369.155
2023-01-08 07:00:00+02:00,17,360.180
2023-01-08 08:00:00+02:00,17,344.176
2023-01-08 09:00:00+02:00,17,330.317
2023-01-08 10:00:00+02:00,17,314.983
2023-01-08 11:00:00+02:00,17,306.136
2023-01-08 12:00:00+02:00,17,307.708
2023-01-08 13:00:00+02:00,17,308.415
2023-01-08 14:00:00+02:00,17,308.573
2023-01-08 15:00:00+02:00,17,308.161
2023-01-08 16:00:00+02:00,17,308.488
2023-01-08 17:00:00+02:00,17,324.227
2023-01-08 18:00:00+02:00,17,365.372
2023-01-08 19:00:00+02:00,17,424.048
2023-01-08 20:00:00+02:00,17,495.480
2023-01-08 21:00:00+02:00,17,541.384
2023-01-08 22:00:00+02:00,17,551.355
2023-01-08 23:00:00+02:00,17,522.443
2023-01-09 00:00:00+02:00,17,494.338
2023-01-09 01:00:00+02:00,17,478.127
2023-01-09 02:00:00+02:00,17,474.054
2023-01-09 03:00:00+02:00,17,479.610
2023-01-09 04:00:00+02:00,17,490.773
2023-01-09 05:00:00+02:00,17,500.909
2023-01-09 06:00:00+02:00,17,508.232
2023-01-09 07:00:00+02:00,17,514.717
2023-01-09 08:00:00+02:00,17,512.395
2023-01-09 09:00:00+02:00,17,503.207
2023-01-09 10:00:00+02:00,17,489.519
2023-01-09 11:00:00+02:00,17,473.844
2023-01-09 12:00:00+02:00,17,457.232
2023-01-09 13:00:00+02:00,17,435.431
2023-01-09 14:00:00+02:00,17,411.448
2023-01-09 15:00:00+02:00,17,390.744
2023-01-09 16:00:00+02:00,17,370.474
2023-01-09 17:00:00+02:00,17,339.543
2023-01-09 18:00:00+02:00,17,304.607
2023-01-09 19:00:00+02:00,17,269.402
2023-01-09 20:00:00+02:00,17,240.552
2023-01-09 21:00:00+02:00,17,219.415
2023-01-09 22:00:00+02:00,17,205.650
2023-01-09 23:00:00+02:00,17,190.759
2023-01-10 00:00:00+02:00,17,173.208
2023-01-10 01:00:00+02:00,17,152.453
2023-01-10 02:00:00+02:00,17,140.387
2023-01-10 03:00:00+02:00,17,135.682
2023-01-10 04:00:00+02:00,17,136.119
2023-01-10 05:00:00+02:00,17,140.338
2023-01-10 06:00:00+02:00,17,147.558
2023-01-10 07:00:00+02:00,17,156.621
2023-01-10 08:00:00+02:00,17,161.944
2023-01-10 09:00:00+02:00,17,159.771
2023-01-10 10:00:00+02:00,17,156.404
2023-01-10 11:00:00+02:00,17,155.404
2023-01-10 12:00:00+02:00,17,157.382
2023-01-10 13:00:00+02:00,17,161.573
2023-01-10 14:00:00+02:00,17,167.917
2023-01-10 15:00:00+02:00,17,172.349
2023-01-10 16:00:00+02:00,17,168.403
2023-01-10 17:00:00+02:00,17,160.466
2023-01-10 18:00:00+02:00,17,154.352
2023-01-10 19:00:00+02:00,17,149.279
2023-01-10 20:00:00+02:00,17,146.952
2023-01-10 21:00:00+02:00,17,145.086
2023-01-10 22:00:00+02:00,17,145.291
2023-01-10 23:00:00+02:00,17,145.974
2023-01-11 00:00:00+02:00,17,146.679
2023-01-11 01:00:00+02:00,17,146.053
2023-01-11 02:00:00+02:00,17,145.682
2023-01-11 03:00:00+02:00,17,147.617
2023-01-11 04:00:00+02:00,17,148.792
2023-01-11 05:00:00+02:00,17,152.991
2023-01-11 06:00:00+02:00,17,161.078
2023-01-11 07:00:00+02:00,17,168.511
2023-01-11 08:00:00+02:00,17,175.075
2023-01-11 09:00:00+02:00,17,185.034
2023-01-11 10:00:00+02:00,17,201.707
2023-01-11 11:00:00+02:00,17,203.104
2023-01-11 12:00:00+02:00,17,199.279
2023-01-11 13:00:00+02:00,17,192.550
2023-01-11 14:00:00+02:00,17,187.363
2023-01-11 15:00:00+02:00,17,184.372
2023-01-11 16:00:00+02:00,17,182.404
2023-01-11 17:00:00+02:00,17,178.827
2023-01-11 18:00:00+02:00,17,167.588
2023-01-11 19:00:00+02:00,17,155.480
2023-01-11 20:00:00+02:00,17,146.863
2023-01-11 21:00:00+02:00,17,141.535
2023-01-11 22:00:00+02:00,17,137.726
2023-01-11 23:00:00+02:00,17,134.313
2023-01-12 00:00:00+02:00,17,131.359
2023-01-12 01:00:00+02:00,17,130.763
2023-01-12 02:00:00+02:00,17,132.741
2023-01-12 03:00:00+02:00,17,137.288
2023-01-12 04:00:00+02:00,17,139.398
2023-01-12 05:00:00+02:00,17,140.209
2023-01-12 06:00:00+02:00,17,142.244
2023-01-12 07:00:00+02:00,17,143.153
2023-01-12 08:00:00+02:00,17,143.371
2023-01-12 09:00:00+02:00,17,144.895
2023-01-12 10:00:00+02:00,17,147.788
2023-01-12 11:00:00+02:00,17,152.271
2023-01-12 12:00:00+02:00,17,159.839
2023-01-12 13:00:00+02:00,17,167.488
2023-01-12 14:00:00+02:00,17,174.474
2023-01-12 15:00:00+02:00,17,172.294
2023-01-12 16:00:00+02:00,17,159.177
2023-01-12 17:00:00+02:00,17,145.727
2023-01-12 18:00:00+02:00,17,136.582
2023-01-12 19:00:00+02:00,17,131.147
2023-01-12 20:00:00+02:00,17,128.897
2023-01-12 21:00:00+02:00,17,128.013
2023-01-12 22:00:00+02:00,17,128.489
2023-01-12 23:00:00+02:00,17,129.516
2023-01-13 00:00:00+02:00,17,130.130
2023-01-13 01:00:00+02:00,17,129.715
2023-01-13 02:00:00+02:00,17,129.772
2023-01-13 03:00:00+02:00,17,129.637
2023-01-13 04:00:00+02:00,17,125.592
2023-01-13 05:00:00+02:00,17,124.235
2023-01-13 06:00:00+02:00,17,126.830
2023-01-13 07:00:00+02:00,17,132.486
2023-01-13 08:00:00+02:00,17,137.286
2023-01-13 09:00:00+02:00,17,141.453
2023-01-13 10:00:00+02:00,17,143.855
2023-01-13 11:00:00+02:00,17,146.756
2023-01-13 12:00:00+02:00,17,151.877
2023-01-13 13:00:00+02:00,17,161.748
2023-01-13 14:00:00+02:00,17,170.434
2023-01-13 15:00:00+02:00,17,169.522
2023-01-13 16:00:00+02:00,17,163.862
2023-01-13 17:00:00+02:00,17,156.172
2023-01-13 18:00:00+02:00,17,151.166
2023-01-13 19:00:00+02:00,17,148.483
2023-01-13 20:00:00+02:00,17,148.083
2023-01-13 21:00:00+02:00,17,148.876
2023-01-13 22:00:00+02:00,17,149.612
2023-01-13 23:00:00+02:00,17,150.225
2023-01-14 00:00:00+02:00,17,152.374
2023-01-14 01:00:00+02:00,17,155.628
2023-01-14 02:00:00+02:00,17,153.140
2023-01-14 03:00:00+02:00,17,148.547
2023-01-14 04:00:00+02:00,17,145.442
2023-01-14 05:00:00+02:00,17,142.226
2023-01-14 06:00:00+02:00,17,138.658
2023-01-14 07:00:00+02:00,17,138.581
2023-01-14 08:00:00+02:00,17,139.673
2023-01-14 09:00:00+02:00,17,138.721
2023-01-14 10:00:00+02:00,17,141.665
2023-01-14 11:00:00+02:00,17,144.965
2023-01-14 12:00:00+02:00,17,143.686
2023-01-14 13:00:00+02:00,17,146.370
2023-01-14 14:00:00+02:00,17,149.660
2023-01-14 15:00:00+02:00,17,153.260
2023-01-14 16:00:00+02:00,17,156.027
2023-01-14 17:00:00+02:00,17,158.978
2023-01-14 18:00:00+02:00,17,149.001
2023-01-14 19:00:00+02:00,17,135.005
2023-01-14 20:00:00+02:00,17,129.961
2023-01-14 21:00:00+02:00,17,126.909
2023-01-14 22:00:00+02:00,17,120.589
2023-01-14 23:00:00+02:00,17,117.379
2023-01-15 00:00:00+02:00,17,111.697
2023-01-15 01:00:00+02:00,17,108.242
2023-01-15 02:00:00+02:00,17,112.035
2023-01-15 03:00:00+02:00,17,111.950
2023-01-15 04:00:00+02:00,17,113.158
2023-01-15 05:00:00+02:00,17,105.892
2023-01-15 06:00:00+02:00,17,111.031
2023-01-15 07:00:00+02:00,17,167.859
2023-01-15 08:00:00+02:00,17,279.840
2023-01-15 09:00:00+02:00,17,331.200
2023-01-15 10:00:00+02:00,17,376.585
2023-01-15 11:00:00+02:00,17,412.277
2023-01-15 12:00:00+02:00,17,429.110
2023-01-15 13:00:00+02:00,17,418.435
2023-01-15 14:00:00+02:00,17,395.927
2023-01-15 15:00:00+02:00,17,387.786
2023-01-15 16:00:00+02:00,17,377.198
2023-01-15 17:00:00+02:00,17,342.338
2023-01-15 18:00:00+02:00,17,292.666
2023-01-15 19:00:00+02:00,17,257.355
2023-01-15 20:00:00+02:00,17,224.548
2023-01-15 21:00:00+02:00,17,191.518
2023-01-15 22:00:00+02:00,17,174.236
2023-01-15 23:00:00+02:00,17,162.254
2023-01-16 00:00:00+02:00,17,156.052
2023-01-16 01:00:00+02:00,17,155.034
2023-01-16 02:00:00+02:00,17,147.533
2023-01-16 03:00:00+02:00,17,124.864
2023-01-16 04:00:00+02:00,17,120.294
2023-01-16 05:00:00+02:00,17,125.584
2023-01-16 06:00:00+02:00,17,141.434
2023-01-16 07:00:00+02:00,17,226.572
2023-01-16 08:00:00+02:00,17,304.802
2023-01-16 09:00:00+02:00,17,322.838
2023-01-16 10:00:00+02:00,17,336.278
2023-01-16 11:00:00+02:00,17,349.532
2023-01-16 12:00:00+02:00,17,384.959
2023-01-16 13:00:00+02:00,17,420.776
2023-01-16 14:00:00+02:00,17,438.292
2023-01-16 15:00:00+02:00,17,429.364
2023-01-16 16:00:00+02:00,17,401.711
2023-01-16 17:00:00+02:00,17,347.865
2023-01-16 18:00:00+02:00,17,292.850
2023-01-16 19:00:00+02:00,17,243.580
2023-01-16 20:00:00+02:00,17,207.964
2023-01-16 21:00:00+02:00,17,178.889
2023-01-16 22:00:00+02:00,17,157.797
2023-01-16 23:00:00+02:00,17,146.151
2023-01-17 00:00:00+02:00,17,141.250
2023-01-17 01:00:00+02:00,17,140.958
2023-01-17 02:00:00+02:00,17,143.328
2023-01-17 03:00:00+02:00,17,147.924
2023-01-17 04:00:00+02:00,17,152.982
2023-01-17 05:00:00+02:00,17,156.149
2023-01-17 06:00:00+02:00,17,160.132
2023-01-17 07:00:00+02:00,17,167.131
2023-01-17 08:00:00+02:00,17,172.014
2023-01-17 09:00:00+02:00,17,171.763
2023-01-17 10:00:00+02:00,17,168.842
2023-01-17 11:00:00+02:00,17,166.349
2023-01-17 12:00:00+02:00,17,165.330
2023-01-17 13:00:00+02:00,17,165.798
2023-01-17 14:00:00+02:00,17,165.925
2023-01-17 15:00:00+02:00,17,158.952
2023-01-17 16:00:00+02:00,17,149.467
2023-01-17 17:00:00+02:00,17,142.876
2023-01-17 18:00:00+02:00,17,137.898
2023-01-17 19:00:00+02:00,17,135.609
2023-01-17 20:00:00+02:00,17,134.952
2023-01-17 21:00:00+02:00,17,135.423
2023-01-17 22:00:00+02:00,17,135.118
2023-01-17 23:00:00+02:00,17,132.632
2023-01-18 00:00:00+02:00,17,129.911
2023-01-18 01:00:00+02:00,17,128.902
2023-01-18 02:00:00+02:00,17,129.744
2023-01-18 03:00:00+02:00,17,132.109
2023-01-18 04:00:00+02:00,17,133.745
2023-01-18 05:00:00+02:00,17,136.155
2023-01-18 06:00:00+02:00,17,140.954
2023-01-18 07:00:00+02:00,17,150.097
2023-01-18 08:00:00+02:00,17,155.360
2023-01-18 09:00:00+02:00,17,156.100
2023-01-18 10:00:00+02:00,17,156.220
2023-01-18 11:00:00+02:00,17,156.816
2023-01-18 12:00:00+02:00,17,156.683
2023-01-18 13:00:00+02:00,17,156.023
2023-01-18 14:00:00+02:00,17,155.701
2023-01-18 15:00:00+02:00,17,156.152
2023-01-18 16:00:00+02:00,17,156.706
2023-01-18 17:00:00+02:00,17,156.070
2023-01-18 18:00:00+02:00,17,154.736
2023-01-18 19:00:00+02:00,17,152.977
2023-01-18 20:00:00+02:00,17,151.673
2023-01-18 21:00:00+02:00,17,149.831
2023-01-18 22:00:00+02:00,17,148.725
2023-01-18 23:00:00+02:00,17,148.214
2023-01-19 00:00:00+02:00,17,149.257
2023-01-19 01:00:00+02:00,17,151.725
2023-01-19 02:00:00+02:00,17,155.130
2023-01-19 03:00:00+02:00,17,151.145
2023-01-19 04:00:00+02:00,17,151.369
2023-01-19 05:00:00+02:00,17,154.761
2023-01-19 06:00:00+02:00,17,155.438
2023-01-19 07:00:00+02:00,17,156.720
2023-01-19 08:00:00+02:00,17,174.351
2023-01-19 09:00:00+02:00,17,214.466
2023-01-19 10:00:00+02:00,17,260.294
2023-01-19 11:00:00+02:00,17,266.823
2023-01-19 12:00:00+02:00,17,246.506
2023-01-19 13:00:00+02:00,17,218.629
2023-01-19 14:00:00+02:00,17,199.830
2023-01-19 15:00:00+02:00,17,187.096
2023-01-19 16:00:00+02:00,17,181.708
2023-01-19 17:00:00+02:00,17,186.202
2023-01-19 18:00:00+02:00,17,189.379
2023-01-19 19:00:00+02:00,17,191.657
2023-01-19 20:00:00+02:00,17,193.581
2023-01-19 21:00:00+02:00,17,192.157
2023-01-19 22:00:00+02:00,17,190.481
2023-01-19 23:00:00+02:00,17,187.944
2023-01-20 00:00:00+02:00,17,188.445
2023-01-20 01:00:00+02:00,17,189.713
2023-01-20 02:00:00+02:00,17,192.286
2023-01-20 03:00:00+02:00,17,193.781
2023-01-20 04:00:00+02:00,17,184.695
2023-01-20 05:00:00+02:00,17,175.849
2023-01-20 06:00:00+02:00,17,164.067
2023-01-20 06:00:00+02:00,17,155.968
2023-01-20 07:00:00+02:00,17,197.304
2023-01-20 08:00:00+02:00,17,233.795
2023-01-20 09:00:00+02:00,17,237.999
2023-01-20 10:00:00+02:00,17,202.474
2023-01-20 11:00:00+02:00,17,185.648
2023-01-20 12:00:00+02:00,17,169.714
2023-01-20 13:00:00+02:00,17,149.150
2023-01-20 14:00:00+02:00,17,127.537
2023-01-20 15:00:00+02:00,17,106.581
2023-01-20 16:00:00+02:00,17,88.932
2023-01-20 17:00:00+02:00,17,84.785
2023-01-20 18:00:00+02:00,17,99.458
2023-01-20 19:00:00+02:00,17,134.136
2023-01-20 20:00:00+02:00,17,218.129
2023-01-20 21:00:00+02:00,17,280.999
2023-01-20 22:00:00+02:00,17,397.672
2023-01-20 23:00:00+02:00,17,552.070
2023-01-21 00:00:00+02:00,17,1325.190
2023-01-21 01:00:00+02:00,17,1932.120
2023-01-21 02:00:00+02:00,17,2542.947
2023-01-21 03:00:00+02:00,17,3707.503
2023-01-21 04:00:00+02:00,17,4190.604
2023-01-21 05:00:00+02:00,17,4104.716
2023-01-21 06:00:00+02:00,17,3894.914
2023-01-21 07:00:00+02:00,17,3840.044
2023-01-21 08:00:00+02:00,17,3875.227
2023-01-21 09:00:00+02:00,17,3473.257
2023-01-21 10:00:00+02:00,17,3081.746
2023-01-21 11:00:00+02:00,17,2510.231
2023-01-21 12:00:00+02:00,17,1933.459
2023-01-21 13:00:00+02:00,17,1236.702
2023-01-21 14:00:00+02:00,17,627.583
2023-01-21 15:00:00+02:00,17,277.063
2023-01-21 16:00:00+02:00,17,144.229
2023-01-21 17:00:00+02:00,17,101.011
2023-01-21 18:00:00+02:00,17,105.353
2023-01-21 19:00:00+02:00,17,136.786
2023-01-21 20:00:00+02:00,17,220.024
2023-01-21 21:00:00+02:00,17,282.368
2023-01-21 22:00:00+02:00,17,399.666
2023-01-21 23:00:00+02:00,17,557.143
2023-01-22 00:00:00+02:00,17,1341.318
2023-01-22 01:00:00+02:00,17,1957.526
2023-01-22 02:00:00+02:00,17,2580.829
2023-01-22 03:00:00+02:00,17,3788.663
2023-01-22 04:00:00+02:00,17,4301.199
2023-01-22 05:00:00+02:00,17,4211.926
2022-12-30 06:00:00+02:00,18,102.844
2022-12-30 07:00:00+02:00,18,93.447
2022-12-30 08:00:00+02:00,18,81.875
2022-12-30 09:00:00+02:00,18,75.836
2022-12-30 10:00:00+02:00,18,69.349
2022-12-30 11:00:00+02:00,18,71.530
2022-12-30 12:00:00+02:00,18,72.926
2022-12-30 13:00:00+02:00,18,70.997
2022-12-30 14:00:00+02:00,18,68.907
2022-12-30 15:00:00+02:00,18,67.938
2022-12-30 16:00:00+02:00,18,67.710
2022-12-30 17:00:00+02:00,18,67.699
2022-12-30 18:00:00+02:00,18,67.678
2022-12-30 19:00:00+02:00,18,66.236
2022-12-30 20:00:00+02:00,18,65.934
2022-12-30 21:00:00+02:00,18,67.682
2022-12-30 22:00:00+02:00,18,67.918
2022-12-30 23:00:00+02:00,18,68.047
2022-12-31 00:00:00+02:00,18,66.548
2022-12-31 01:00:00+02:00,18,65.589
2022-12-31 02:00:00+02:00,18,65.425
2022-12-31 03:00:00+02:00,18,67.794
2022-12-31 04:00:00+02:00,18,69.419
2022-12-31 05:00:00+02:00,18,69.919
2022-12-31 06:00:00+02:00,18,72.652
2022-12-31 07:00:00+02:00,18,74.258
2022-12-31 08:00:00+02:00,18,74.441
2022-12-31 09:00:00+02:00,18,73.829
2022-12-31 10:00:00+02:00,18,68.232
2022-12-31 11:00:00+02:00,18,63.004
2022-12-31 12:00:00+02:00,18,58.891
2022-12-31 13:00:00+02:00,18,56.250
2022-12-31 14:00:00+02:00,18,55.085
2022-12-31 15:00:00+02:00,18,54.135
2022-12-31 16:00:00+02:00,18,53.787
2022-12-31 17:00:00+02:00,18,63.837
2022-12-31 18:00:00+02:00,18,85.206
2022-12-31 19:00:00+02:00,18,121.220
2022-12-31 20:00:00+02:00,18,149.310
2022-12-31 21:00:00+02:00,18,178.097
2022-12-31 22:00:00+02:00,18,228.330
2022-12-31 23:00:00+02:00,18,324.849
2023-01-01 00:00:00+02:00,18,393.899
2023-01-01 01:00:00+02:00,18,419.682
2023-01-01 02:00:00+02:00,18,416.314
2023-01-01 03:00:00+02:00,18,408.976
2023-01-01 04:00:00+02:00,18,401.629
2023-01-01 05:00:00+02:00,18,394.815
2023-01-01 06:00:00+02:00,18,390.928
2023-01-01 07:00:00+02:00,18,439.412
2023-01-01 08:00:00+02:00,18,474.479
2023-01-01 09:00:00+02:00,18,466.413
2023-01-01 10:00:00+02:00,18,450.652
2023-01-01 11:00:00+02:00,18,436.071
2023-01-01 12:00:00+02:00,18,422.558
2023-01-01 13:00:00+02:00,18,410.421
2023-01-01 14:00:00+02:00,18,399.462
2023-01-01 15:00:00+02:00,18,389.199
2023-01-01 16:00:00+02:00,18,377.858
2023-01-01 17:00:00+02:00,18,363.278
2023-01-01 18:00:00+02:00,18,346.115
2023-01-01 19:00:00+02:00,18,328.757
2023-01-01 20:00:00+02:00,18,313.842
2023-01-01 21:00:00+02:00,18,303.824
2023-01-01 22:00:00+02:00,18,298.171
2023-01-01 23:00:00+02:00,18,294.610
2023-01-02 00:00:00+02:00,18,287.755
2023-01-02 01:00:00+02:00,18,279.644
2023-01-02 02:00:00+02:00,18,274.986
2023-01-02 03:00:00+02:00,18,272.153
2023-01-02 04:00:00+02:00,18,269.041
2023-01-02 05:00:00+02:00,18,266.028
2023-01-02 06:00:00+02:00,18,263.297
2023-01-02 07:00:00+02:00,18,260.466
2023-01-02 08:00:00+02:00,18,252.577
2023-01-02 09:00:00+02:00,18,238.193
2023-01-02 10:00:00+02:00,18,227.592
2023-01-02 11:00:00+02:00,18,221.942
2023-01-02 12:00:00+02:00,18,219.335
2023-01-02 13:00:00+02:00,18,217.708
2023-01-02 14:00:00+02:00,18,216.583
2023-01-02 15:00:00+02:00,18,218.981
2023-01-02 16:00:00+02:00,18,223.568
2023-01-02 17:00:00+02:00,18,234.562
2023-01-02 18:00:00+02:00,18,247.235
2023-01-02 19:00:00+02:00,18,253.147
2023-01-02 20:00:00+02:00,18,260.384
2023-01-02 21:00:00+02:00,18,266.202
2023-01-02 22:00:00+02:00,18,263.394
2023-01-02 23:00:00+02:00,18,255.278
2023-01-03 00:00:00+02:00,18,245.860
2023-01-03 01:00:00+02:00,18,237.738
2023-01-03 02:00:00+02:00,18,229.515
2023-01-03 03:00:00+02:00,18,215.232
2023-01-03 04:00:00+02:00,18,200.156
2023-01-03 05:00:00+02:00,18,190.642
2023-01-03 06:00:00+02:00,18,185.294
2023-01-03 07:00:00+02:00,18,178.203
2023-01-03 08:00:00+02:00,18,164.333
2023-01-03 09:00:00+02:00,18,153.829
2023-01-03 10:00:00+02:00,18,150.853
2023-01-03 11:00:00+02:00,18,153.184
2023-01-03 12:00:00+02:00,18,155.719
2023-01-03 13:00:00+02:00,18,157.464
2023-01-03 14:00:00+02:00,18,165.204
2023-01-03 15:00:00+02:00,18,178.390
2023-01-03 16:00:00+02:00,18,182.463
2023-01-03 17:00:00+02:00,18,182.987
2023-01-03 18:00:00+02:00,18,182.533
2023-01-03 19:00:00+02:00,18,197.749
2023-01-03 20:00:00+02:00,18,349.330
2023-01-03 21:00:00+02:00,18,380.353
2023-01-03 22:00:00+02:00,18,340.347
2023-01-03 23:00:00+02:00,18,286.430
2023-01-04 00:00:00+02:00,18,255.355
2023-01-04 01:00:00+02:00,18,237.502
2023-01-04 02:00:00+02:00,18,223.357
2023-01-04 03:00:00+02:00,18,205.911
2023-01-04 04:00:00+02:00,18,189.390
2023-01-04 05:00:00+02:00,18,177.016
2023-01-04 06:00:00+02:00,18,170.647
2023-01-04 07:00:00+02:00,18,168.689
2023-01-04 08:00:00+02:00,18,167.219
2023-01-04 09:00:00+02:00,18,167.727
2023-01-04 10:00:00+02:00,18,168.127
2023-01-04 11:00:00+02:00,18,169.844
2023-01-04 12:00:00+02:00,18,173.459
2023-01-04 13:00:00+02:00,18,174.580
2023-01-04 14:00:00+02:00,18,182.887
2023-01-04 15:00:00+02:00,18,187.873
2023-01-04 16:00:00+02:00,18,180.608
2023-01-04 17:00:00+02:00,18,169.042
2023-01-04 18:00:00+02:00,18,160.167
2023-01-04 19:00:00+02:00,18,155.526
2023-01-04 20:00:00+02:00,18,153.276
2023-01-04 21:00:00+02:00,18,152.007
2023-01-04 22:00:00+02:00,18,150.158
2023-01-04 23:00:00+02:00,18,147.337
2023-01-05 00:00:00+02:00,18,141.069
2023-01-05 01:00:00+02:00,18,132.534
2023-01-05 02:00:00+02:00,18,123.105
2023-01-05 03:00:00+02:00,18,114.823
2023-01-05 04:00:00+02:00,18,107.323
2023-01-05 05:00:00+02:00,18,100.478
2023-01-05 06:00:00+02:00,18,97.972
2023-01-05 07:00:00+02:00,18,95.164
2023-01-05 08:00:00+02:00,18,92.160
2023-01-05 09:00:00+02:00,18,91.957
2023-01-05 10:00:00+02:00,18,95.702
2023-01-05 11:00:00+02:00,18,98.308
2023-01-05 12:00:00+02:00,18,94.976
2023-01-05 13:00:00+02:00,18,89.676
2023-01-05 14:00:00+02:00,18,82.307
2023-01-05 15:00:00+02:00,18,76.354
2023-01-05 16:00:00+02:00,18,81.184
2023-01-05 17:00:00+02:00,18,134.519
2023-01-05 18:00:00+02:00,18,223.625
2023-01-05 19:00:00+02:00,18,265.459
2023-01-05 20:00:00+02:00,18,308.926
2023-01-05 21:00:00+02:00,18,430.397
2023-01-05 22:00:00+02:00,18,534.265
2023-01-05 23:00:00+02:00,18,603.318
2023-01-06 00:00:00+02:00,18,520.978
2023-01-06 01:00:00+02:00,18,324.817
2023-01-06 02:00:00+02:00,18,253.195
2023-01-06 03:00:00+02:00,18,326.244
2023-01-06 04:00:00+02:00,18,449.914
2023-01-06 05:00:00+02:00,18,558.216
2023-01-06 06:00:00+02:00,18,641.404
2023-01-06 07:00:00+02:00,18,701.254
2023-01-06 08:00:00+02:00,18,735.863
2023-01-06 09:00:00+02:00,18,742.180
2023-01-06 10:00:00+02:00,18,729.950
2023-01-06 11:00:00+02:00,18,711.416
2023-01-06 12:00:00+02:00,18,698.820
2023-01-06 13:00:00+02:00,18,688.555
2023-01-06 14:00:00+02:00,18,668.601
2023-01-06 15:00:00+02:00,18,643.765
2023-01-06 16:00:00+02:00,18,636.834
2023-01-06 17:00:00+02:00,18,636.589
2023-01-06 18:00:00+02:00,18,632.752
2023-01-06 19:00:00+02:00,18,626.771
2023-01-06 20:00:00+02:00,18,615.009
2023-01-06 21:00:00+02:00,18,609.700
2023-01-06 22:00:00+02:00,18,610.970
2023-01-06 23:00:00+02:00,18,613.898
2023-01-07 00:00:00+02:00,18,625.464
2023-01-07 01:00:00+02:00,18,619.676
2023-01-07 02:00:00+02:00,18,606.966
2023-01-07 03:00:00+02:00,18,596.713
2023-01-07 04:00:00+02:00,18,585.939
2023-01-07 05:00:00+02:00,18,557.711
2023-01-07 06:00:00+02:00,18,526.133
2023-01-07 07:00:00+02:00,18,505.046
2023-01-07 08:00:00+02:00,18,486.946
2023-01-07 09:00:00+02:00,18,476.296
2023-01-07 10:00:00+02:00,18,473.333
2023-01-07 11:00:00+02:00,18,476.143
2023-01-07 12:00:00+02:00,18,479.320
2023-01-07 13:00:00+02:00,18,478.610
2023-01-07 14:00:00+02:00,18,475.315
2023-01-07 15:00:00+02:00,18,469.159
2023-01-07 16:00:00+02:00,18,459.954
2023-01-07 17:00:00+02:00,18,450.017
2023-01-07 18:00:00+02:00,18,440.647
2023-01-07 19:00:00+02:00,18,431.215
2023-01-07 20:00:00+02:00,18,422.226
2023-01-07 21:00:00+02:00,18,413.458
2023-01-07 22:00:00+02:00,18,405.049
2023-01-07 23:00:00+02:00,18,397.127
2023-01-08 00:00:00+02:00,18,388.934
2023-01-08 01:00:00+02:00,18,383.517
2023-01-08 02:00:00+02:00,18,376.735
2023-01-08 03:00:00+02:00,18,369.775
2023-01-08 04:00:00+02:00,18,363.954
2023-01-08 05:00:00+02:00,18,357.795
2023-01-08 06:00:00+02:00,18,350.751
2023-01-08 07:00:00+02:00,18,346.119
2023-01-08 08:00:00+02:00,18,341.591
2023-01-08 09:00:00+02:00,18,334.174
2023-01-08 10:00:00+02:00,18,323.952
2023-01-08 11:00:00+02:00,18,314.529
2023-01-08 12:00:00+02:00,18,312.448
2023-01-08 13:00:00+02:00,18,306.970
2023-01-08 14:00:00+02:00,18,300.696
2023-01-08 15:00:00+02:00,18,294.723
2023-01-08 16:00:00+02:00,18,321.070
2023-01-08 17:00:00+02:00,18,384.969
2023-01-08 18:00:00+02:00,18,463.127
2023-01-08 19:00:00+02:00,18,528.052
2023-01-08 20:00:00+02:00,18,572.638
2023-01-08 21:00:00+02:00,18,575.775
2023-01-08 22:00:00+02:00,18,542.936
2023-01-08 23:00:00+02:00,18,500.716
2023-01-09 00:00:00+02:00,18,477.947
2023-01-09 01:00:00+02:00,18,472.239
2023-01-09 02:00:00+02:00,18,477.377
2023-01-09 03:00:00+02:00,18,489.674
2023-01-09 04:00:00+02:00,18,503.170
2023-01-09 05:00:00+02:00,18,512.488
2023-01-09 06:00:00+02:00,18,518.033
2023-01-09 07:00:00+02:00,18,519.995
2023-01-09 08:00:00+02:00,18,509.506
2023-01-09 09:00:00+02:00,18,493.970
2023-01-09 10:00:00+02:00,18,475.845
2023-01-09 11:00:00+02:00,18,456.096
2023-01-09 12:00:00+02:00,18,436.319
2023-01-09 13:00:00+02:00,18,412.117
2023-01-09 14:00:00+02:00,18,384.254
2023-01-09 15:00:00+02:00,18,360.496
2023-01-09 16:00:00+02:00,18,339.731
2023-01-09 17:00:00+02:00,18,310.777
2023-01-09 18:00:00+02:00,18,273.003
2023-01-09 19:00:00+02:00,18,237.453
2023-01-09 20:00:00+02:00,18,211.785
2023-01-09 21:00:00+02:00,18,195.234
2023-01-09 22:00:00+02:00,18,185.820
2023-01-09 23:00:00+02:00,18,176.800
2023-01-10 00:00:00+02:00,18,157.275
2023-01-10 01:00:00+02:00,18,136.297
2023-01-10 02:00:00+02:00,18,127.700
2023-01-10 03:00:00+02:00,18,128.199
2023-01-10 04:00:00+02:00,18,133.518
2023-01-10 05:00:00+02:00,18,142.556
2023-01-10 06:00:00+02:00,18,152.276
2023-01-10 07:00:00+02:00,18,160.510
2023-01-10 08:00:00+02:00,18,160.154
2023-01-10 09:00:00+02:00,18,153.399
2023-01-10 10:00:00+02:00,18,149.692
2023-01-10 11:00:00+02:00,18,151.720
2023-01-10 12:00:00+02:00,18,155.953
2023-01-10 13:00:00+02:00,18,163.605
2023-01-10 14:00:00+02:00,18,170.496
2023-01-10 15:00:00+02:00,18,169.949
2023-01-10 16:00:00+02:00,18,160.114
2023-01-10 17:00:00+02:00,18,150.664
2023-01-10 18:00:00+02:00,18,145.547
2023-01-10 19:00:00+02:00,18,142.648
2023-01-10 20:00:00+02:00,18,139.823
2023-01-10 21:00:00+02:00,18,140.083
2023-01-10 22:00:00+02:00,18,140.704
2023-01-10 23:00:00+02:00,18,143.244
2023-01-11 00:00:00+02:00,18,142.181
2023-01-11 01:00:00+02:00,18,141.699
2023-01-11 02:00:00+02:00,18,140.258
2023-01-11 03:00:00+02:00,18,139.288
2023-01-11 04:00:00+02:00,18,143.776
2023-01-11 05:00:00+02:00,18,158.267
2023-01-11 06:00:00+02:00,18,170.951
2023-01-11 07:00:00+02:00,18,178.247
2023-01-11 08:00:00+02:00,18,184.276
2023-01-11 09:00:00+02:00,18,198.039
2023-01-11 10:00:00+02:00,18,207.949
2023-01-11 11:00:00+02:00,18,194.795
2023-01-11 12:00:00+02:00,18,185.155
2023-01-11 13:00:00+02:00,18,179.921
2023-01-11 14:00:00+02:00,18,177.709
2023-01-11 15:00:00+02:00,18,176.713
2023-01-11 16:00:00+02:00,18,177.606
2023-01-11 17:00:00+02:00,18,171.564
2023-01-11 18:00:00+02:00,18,155.729
2023-01-11 19:00:00+02:00,18,144.912
2023-01-11 20:00:00+02:00,18,139.273
2023-01-11 21:00:00+02:00,18,135.487
2023-01-11 22:00:00+02:00,18,132.343
2023-01-11 23:00:00+02:00,18,129.193
2023-01-12 00:00:00+02:00,18,126.751
2023-01-12 01:00:00+02:00,18,127.536
2023-01-12 02:00:00+02:00,18,131.609
2023-01-12 03:00:00+02:00,18,137.163
2023-01-12 04:00:00+02:00,18,136.691
2023-01-12 05:00:00+02:00,18,137.409
2023-01-12 06:00:00+02:00,18,140.916
2023-01-12 07:00:00+02:00,18,140.210
2023-01-12 08:00:00+02:00,18,140.305
2023-01-12 09:00:00+02:00,18,142.748
2023-01-12 10:00:00+02:00,18,146.339
2023-01-12 11:00:00+02:00,18,155.213
2023-01-12 12:00:00+02:00,18,165.793
2023-01-12 13:00:00+02:00,18,171.994
2023-01-12 14:00:00+02:00,18,174.455
2023-01-12 15:00:00+02:00,18,163.889
2023-01-12 16:00:00+02:00,18,146.207
2023-01-12 17:00:00+02:00,18,133.087
2023-01-12 18:00:00+02:00,18,127.016
2023-01-12 19:00:00+02:00,18,124.443
2023-01-12 20:00:00+02:00,18,122.957
2023-01-12 21:00:00+02:00,18,123.801
2023-01-12 22:00:00+02:00,18,124.954
2023-01-12 23:00:00+02:00,18,126.380
2023-01-13 00:00:00+02:00,18,126.553
2023-01-13 01:00:00+02:00,18,125.358
2023-01-13 02:00:00+02:00,18,126.558
2023-01-13 03:00:00+02:00,18,125.745
2023-01-13 04:00:00+02:00,18,120.019
2023-01-13 05:00:00+02:00,18,120.083
2023-01-13 06:00:00+02:00,18,127.273
2023-01-13 07:00:00+02:00,18,133.432
2023-01-13 08:00:00+02:00,18,137.415
2023-01-13 09:00:00+02:00,18,140.593
2023-01-13 10:00:00+02:00,18,141.382
2023-01-13 11:00:00+02:00,18,145.836
2023-01-13 12:00:00+02:00,18,156.096
2023-01-13 13:00:00+02:00,18,168.885
2023-01-13 14:00:00+02:00,18,171.054
2023-01-13 15:00:00+02:00,18,162.616
2023-01-13 16:00:00+02:00,18,154.613
2023-01-13 17:00:00+02:00,18,147.977
2023-01-13 18:00:00+02:00,18,142.804
2023-01-13 19:00:00+02:00,18,142.025
2023-01-13 20:00:00+02:00,18,144.203
2023-01-13 21:00:00+02:00,18,145.620
2023-01-13 22:00:00+02:00,18,144.346
2023-01-13 23:00:00+02:00,18,146.248
2023-01-14 00:00:00+02:00,18,150.980
2023-01-14 01:00:00+02:00,18,151.161
2023-01-14 02:00:00+02:00,18,149.940
2023-01-14 03:00:00+02:00,18,147.898
2023-01-14 04:00:00+02:00,18,145.091
2023-01-14 05:00:00+02:00,18,142.190
2023-01-14 06:00:00+02:00,18,139.141
2023-01-14 07:00:00+02:00,18,136.492
2023-01-14 08:00:00+02:00,18,134.236
2023-01-14 09:00:00+02:00,18,132.685
2023-01-14 10:00:00+02:00,18,134.290
2023-01-14 11:00:00+02:00,18,140.504
2023-01-14 12:00:00+02:00,18,138.433
2023-01-14 13:00:00+02:00,18,135.884
2023-01-14 14:00:00+02:00,18,138.858
2023-01-14 15:00:00+02:00,18,138.922
2023-01-14 16:00:00+02:00,18,136.416
2023-01-14 17:00:00+02:00,18,138.902
2023-01-14 18:00:00+02:00,18,139.552
2023-01-14 19:00:00+02:00,18,137.668
2023-01-14 20:00:00+02:00,18,134.075
2023-01-14 21:00:00+02:00,18,130.615
2023-01-14 22:00:00+02:00,18,126.587
2023-01-14 23:00:00+02:00,18,122.838
2023-01-15 00:00:00+02:00,18,118.631
2023-01-15 01:00:00+02:00,18,114.766
2023-01-15 02:00:00+02:00,18,112.320
2023-01-15 03:00:00+02:00,18,110.090
2023-01-15 04:00:00+02:00,18,108.065
2023-01-15 05:00:00+02:00,18,106.338
2023-01-15 06:00:00+02:00,18,116.417
2023-01-15 07:00:00+02:00,18,279.027
2023-01-15 08:00:00+02:00,18,413.121
2023-01-15 09:00:00+02:00,18,443.626
2023-01-15 10:00:00+02:00,18,459.392
2023-01-15 11:00:00+02:00,18,458.286
2023-01-15 12:00:00+02:00,18,432.089
2023-01-15 13:00:00+02:00,18,392.556
2023-01-15 14:00:00+02:00,18,355.649
2023-01-15 15:00:00+02:00,18,341.456
2023-01-15 16:00:00+02:00,18,351.962
2023-01-15 17:00:00+02:00,18,350.305
2023-01-15 18:00:00+02:00,18,324.940
2023-01-15 19:00:00+02:00,18,296.512
2023-01-15 20:00:00+02:00,18,266.009
2023-01-15 21:00:00+02:00,18,232.704
2023-01-15 22:00:00+02:00,18,211.802
2023-01-15 23:00:00+02:00,18,196.077
2023-01-16 00:00:00+02:00,18,185.579
2023-01-16 01:00:00+02:00,18,179.191
2023-01-16 02:00:00+02:00,18,167.216
2023-01-16 03:00:00+02:00,18,150.668
2023-01-16 04:00:00+02:00,18,142.588
2023-01-16 05:00:00+02:00,18,140.784
2023-01-16 06:00:00+02:00,18,179.996
2023-01-16 07:00:00+02:00,18,326.410
2023-01-16 08:00:00+02:00,18,397.101
2023-01-16 09:00:00+02:00,18,403.686
2023-01-16 10:00:00+02:00,18,407.553
2023-01-16 11:00:00+02:00,18,413.173
2023-01-16 12:00:00+02:00,18,443.067
2023-01-16 13:00:00+02:00,18,458.959
2023-01-16 14:00:00+02:00,18,443.952
2023-01-16 15:00:00+02:00,18,410.055
2023-01-16 16:00:00+02:00,18,369.244
2023-01-16 17:00:00+02:00,18,309.033
2023-01-16 18:00:00+02:00,18,254.668
2023-01-16 19:00:00+02:00,18,212.300
2023-01-16 20:00:00+02:00,18,184.137
2023-01-16 21:00:00+02:00,18,161.969
2023-01-16 22:00:00+02:00,18,145.317
2023-01-16 23:00:00+02:00,18,137.709
2023-01-17 00:00:00+02:00,18,136.572
2023-01-17 01:00:00+02:00,18,138.379
2023-01-17 02:00:00+02:00,18,142.724
2023-01-17 03:00:00+02:00,18,148.989
2023-01-17 04:00:00+02:00,18,153.299
2023-01-17 05:00:00+02:00,18,154.528
2023-01-17 06:00:00+02:00,18,162.112
2023-01-17 07:00:00+02:00,18,170.260
2023-01-17 08:00:00+02:00,18,170.478
2023-01-17 09:00:00+02:00,18,166.301
2023-01-17 10:00:00+02:00,18,163.057
2023-01-17 11:00:00+02:00,18,159.850
2023-01-17 12:00:00+02:00,18,159.727
2023-01-17 13:00:00+02:00,18,164.093
2023-01-17 14:00:00+02:00,18,160.756
2023-01-17 15:00:00+02:00,18,149.045
2023-01-17 16:00:00+02:00,18,139.433
2023-01-17 17:00:00+02:00,18,134.349
2023-01-17 18:00:00+02:00,18,131.934
2023-01-17 19:00:00+02:00,18,129.809
2023-01-17 20:00:00+02:00,18,130.253
2023-01-17 21:00:00+02:00,18,132.499
2023-01-17 22:00:00+02:00,18,130.228
2023-01-17 23:00:00+02:00,18,126.298
2023-01-18 00:00:00+02:00,18,124.306
2023-01-18 01:00:00+02:00,18,124.444
2023-01-18 02:00:00+02:00,18,127.313
2023-01-18 03:00:00+02:00,18,130.312
2023-01-18 04:00:00+02:00,18,130.837
2023-01-18 05:00:00+02:00,18,134.213
2023-01-18 06:00:00+02:00,18,143.976
2023-01-18 07:00:00+02:00,18,154.007
2023-01-18 08:00:00+02:00,18,153.713
2023-01-18 09:00:00+02:00,18,151.763
2023-01-18 10:00:00+02:00,18,153.596
2023-01-18 11:00:00+02:00,18,153.612
2023-01-18 12:00:00+02:00,18,153.021
2023-01-18 13:00:00+02:00,18,152.069
2023-01-18 14:00:00+02:00,18,152.016
2023-01-18 15:00:00+02:00,18,153.254
2023-01-18 16:00:00+02:00,18,153.356
2023-01-18 17:00:00+02:00,18,151.297
2023-01-18 18:00:00+02:00,18,149.055
2023-01-18 19:00:00+02:00,18,147.721
2023-01-18 20:00:00+02:00,18,145.813
2023-01-18 21:00:00+02:00,18,144.402
2023-01-18 22:00:00+02:00,18,142.515
2023-01-18 23:00:00+02:00,18,143.349
2023-01-19 00:00:00+02:00,18,146.251
2023-01-19 01:00:00+02:00,18,150.679
2023-01-19 02:00:00+02:00,18,148.823
2023-01-19 03:00:00+02:00,18,148.505
2023-01-19 04:00:00+02:00,18,146.398
2023-01-19 05:00:00+02:00,18,143.584
2023-01-19 06:00:00+02:00,18,142.135
2023-01-19 07:00:00+02:00,18,143.447
2023-01-19 08:00:00+02:00,18,216.894
2023-01-19 09:00:00+02:00,18,266.834
2023-01-19 10:00:00+02:00,18,283.485
2023-01-19 11:00:00+02:00,18,255.280
2023-01-19 12:00:00+02:00,18,219.632
2023-01-19 13:00:00+02:00,18,190.999
2023-01-19 14:00:00+02:00,18,176.015
2023-01-19 15:00:00+02:00,18,169.503
2023-01-19 16:00:00+02:00,18,168.093
2023-01-19 17:00:00+02:00,18,167.938
2023-01-19 18:00:00+02:00,18,166.067
2023-01-19 19:00:00+02:00,18,166.193
2023-01-19 20:00:00+02:00,18,165.645
2023-01-19 21:00:00+02:00,18,170.707
2023-01-19 22:00:00+02:00,18,174.119
2023-01-19 23:00:00+02:00,18,176.530
2023-01-20 00:00:00+02:00,18,174.966
2023-01-20 01:00:00+02:00,18,177.789
2023-01-20 02:00:00+02:00,18,174.519
2023-01-20 03:00:00+02:00,18,172.092
2023-01-20 04:00:00+02:00,18,175.299
2023-01-20 05:00:00+02:00,18,174.331
2023-01-20 06:00:00+02:00,18,168.710
2023-01-20 06:00:00+02:00,18,161.388
2023-01-20 07:00:00+02:00,18,158.350
2023-01-20 08:00:00+02:00,18,157.426
2023-01-20 09:00:00+02:00,18,178.430
2023-01-20 10:00:00+02:00,18,196.072
2023-01-20 11:00:00+02:00,18,191.376
2023-01-20 12:00:00+02:00,18,179.982
2023-01-20 13:00:00+02:00,18,161.065
2023-01-20 14:00:00+02:00,18,138.921
2023-01-20 15:00:00+02:00,18,118.070
2023-01-20 16:00:00+02:00,18,97.712
2023-01-20 17:00:00+02:00,18,86.881
2023-01-20 18:00:00+02:00,18,91.780
2023-01-20 19:00:00+02:00,18,109.572
2023-01-20 20:00:00+02:00,18,130.687
2023-01-20 21:00:00+02:00,18,165.970
2023-01-20 22:00:00+02:00,18,205.068
2023-01-20 23:00:00+02:00,18,874.028
2023-01-21 00:00:00+02:00,18,2595.894
2023-01-21 01:00:00+02:00,18,3314.731
2023-01-21 02:00:00+02:00,18,3948.199
2023-01-21 03:00:00+02:00,18,5105.985
2023-01-21 04:00:00+02:00,18,5256.191
2023-01-21 05:00:00+02:00,18,5124.503
2023-01-21 06:00:00+02:00,18,4877.978
2023-01-21 07:00:00+02:00,18,4761.259
2023-01-21 08:00:00+02:00,18,4692.204
2023-01-21 09:00:00+02:00,18,4299.160
2023-01-21 10:00:00+02:00,18,3864.826
2023-01-21 11:00:00+02:00,18,3224.090
2023-01-21 12:00:00+02:00,18,2590.523
2023-01-21 13:00:00+02:00,18,1810.206
2023-01-21 14:00:00+02:00,18,1013.419
2023-01-21 15:00:00+02:00,18,458.733
2023-01-21 16:00:00+02:00,18,222.792
2023-01-21 17:00:00+02:00,18,129.493
2023-01-21 18:00:00+02:00,18,109.423
2023-01-21 19:00:00+02:00,18,118.377
2023-01-21 20:00:00+02:00,18,137.251
2023-01-21 21:00:00+02:00,18,170.906
2023-01-21 22:00:00+02:00,18,211.673
2023-01-21 23:00:00+02:00,18,888.225
2023-01-22 00:00:00+02:00,18,2634.114
2023-01-22 01:00:00+02:00,18,3371.267
2023-01-22 02:00:00+02:00,18,4027.407
2023-01-22 03:00:00+02:00,18,5252.819
2023-01-22 04:00:00+02:00,18,5443.478
2023-01-22 05:00:00+02:00,18,5306.237
2022-12-30 06:00:00+02:00,19,110.514
2022-12-30 07:00:00+02:00,19,103.373
2022-12-30 08:00:00+02:00,19,93.895
2022-12-30 09:00:00+02:00,19,86.840
2022-12-30 10:00:00+02:00,19,77.779
2022-12-30 11:00:00+02:00,19,72.488
2022-12-30 12:00:00+02:00,19,71.711
2022-12-30 13:00:00+02:00,19,70.692
2022-12-30 14:00:00+02:00,19,69.190
2022-12-30 15:00:00+02:00,19,67.711
2022-12-30 16:00:00+02:00,19,66.635
2022-12-30 17:00:00+02:00,19,65.933
2022-12-30 18:00:00+02:00,19,65.513
2022-12-30 19:00:00+02:00,19,65.946
2022-12-30 20:00:00+02:00,19,64.670
2022-12-30 21:00:00+02:00,19,64.024
2022-12-30 22:00:00+02:00,19,63.333
2022-12-30 23:00:00+02:00,19,62.701
2022-12-31 00:00:00+02:00,19,61.444
2022-12-31 01:00:00+02:00,19,60.367
2022-12-31 02:00:00+02:00,19,59.428
2022-12-31 03:00:00+02:00,19,59.258
2022-12-31 04:00:00+02:00,19,59.271
2022-12-31 05:00:00+02:00,19,59.040
2022-12-31 06:00:00+02:00,19,60.283
2022-12-31 07:00:00+02:00,19,61.949
2022-12-31 08:00:00+02:00,19,63.032
2022-12-31 09:00:00+02:00,19,65.958
2022-12-31 10:00:00+02:00,19,67.377
2022-12-31 11:00:00+02:00,19,65.517
2022-12-31 12:00:00+02:00,19,62.840
2022-12-31 13:00:00+02:00,19,60.417
2022-12-31 14:00:00+02:00,19,62.781
2022-12-31 15:00:00+02:00,19,63.068
2022-12-31 16:00:00+02:00,19,91.669
2022-12-31 17:00:00+02:00,19,170.452
2022-12-31 18:00:00+02:00,19,241.675
2022-12-31 19:00:00+02:00,19,311.076
2022-12-31 20:00:00+02:00,19,351.535
2022-12-31 21:00:00+02:00,19,385.007
2022-12-31 22:00:00+02:00,19,429.775
2022-12-31 23:00:00+02:00,19,473.847
2023-01-01 00:00:00+02:00,19,469.447
2023-01-01 01:00:00+02:00,19,439.906
2023-01-01 02:00:00+02:00,19,427.381
2023-01-01 03:00:00+02:00,19,423.335
2023-01-01 04:00:00+02:00,19,421.907
2023-01-01 05:00:00+02:00,19,423.920
2023-01-01 06:00:00+02:00,19,442.706
2023-01-01 07:00:00+02:00,19,528.800
2023-01-01 08:00:00+02:00,19,499.917
2023-01-01 09:00:00+02:00,19,450.818
2023-01-01 10:00:00+02:00,19,426.786
2023-01-01 11:00:00+02:00,19,413.470
2023-01-01 12:00:00+02:00,19,404.855
2023-01-01 13:00:00+02:00,19,398.298
2023-01-01 14:00:00+02:00,19,392.521
2023-01-01 15:00:00+02:00,19,384.448
2023-01-01 16:00:00+02:00,19,369.427
2023-01-01 17:00:00+02:00,19,349.951
2023-01-01 18:00:00+02:00,19,331.908
2023-01-01 19:00:00+02:00,19,316.403
2023-01-01 20:00:00+02:00,19,305.048
2023-01-01 21:00:00+02:00,19,301.585
2023-01-01 22:00:00+02:00,19,301.203
2023-01-01 23:00:00+02:00,19,296.708
2023-01-02 00:00:00+02:00,19,284.123
2023-01-02 01:00:00+02:00,19,278.869
2023-01-02 02:00:00+02:00,19,278.060
2023-01-02 03:00:00+02:00,19,275.520
2023-01-02 04:00:00+02:00,19,272.389
2023-01-02 05:00:00+02:00,19,269.597
2023-01-02 06:00:00+02:00,19,267.533
2023-01-02 07:00:00+02:00,19,261.872
2023-01-02 08:00:00+02:00,19,245.812
2023-01-02 09:00:00+02:00,19,227.678
2023-01-02 10:00:00+02:00,19,222.742
2023-01-02 11:00:00+02:00,19,223.357
2023-01-02 12:00:00+02:00,19,226.333
2023-01-02 13:00:00+02:00,19,231.729
2023-01-02 14:00:00+02:00,19,238.848
2023-01-02 15:00:00+02:00,19,251.822
2023-01-02 16:00:00+02:00,19,264.041
2023-01-02 17:00:00+02:00,19,277.226
2023-01-02 18:00:00+02:00,19,282.572
2023-01-02 19:00:00+02:00,19,283.549
2023-01-02 20:00:00+02:00,19,284.866
2023-01-02 21:00:00+02:00,19,276.413
2023-01-02 22:00:00+02:00,19,263.505
2023-01-02 23:00:00+02:00,19,248.209
2023-01-03 00:00:00+02:00,19,239.546
2023-01-03 01:00:00+02:00,19,233.848
2023-01-03 02:00:00+02:00,19,223.793
2023-01-03 03:00:00+02:00,19,202.546
2023-01-03 04:00:00+02:00,19,189.265
2023-01-03 05:00:00+02:00,19,186.548
2023-01-03 06:00:00+02:00,19,184.641
2023-01-03 07:00:00+02:00,19,172.405
2023-01-03 08:00:00+02:00,19,154.814
2023-01-03 09:00:00+02:00,19,150.219
2023-01-03 10:00:00+02:00,19,154.998
2023-01-03 11:00:00+02:00,19,159.461
2023-01-03 12:00:00+02:00,19,163.244
2023-01-03 13:00:00+02:00,19,171.934
2023-01-03 14:00:00+02:00,19,186.579
2023-01-03 15:00:00+02:00,19,191.449
2023-01-03 16:00:00+02:00,19,188.770
2023-01-03 17:00:00+02:00,19,186.087
2023-01-03 18:00:00+02:00,19,189.953
2023-01-03 19:00:00+02:00,19,296.786
2023-01-03 20:00:00+02:00,19,458.730
2023-01-03 21:00:00+02:00,19,343.980
2023-01-03 22:00:00+02:00,19,283.109
2023-01-03 23:00:00+02:00,19,236.207
2023-01-04 00:00:00+02:00,19,220.403
2023-01-04 01:00:00+02:00,19,218.051
2023-01-04 02:00:00+02:00,19,214.035
2023-01-04 03:00:00+02:00,19,190.209
2023-01-04 04:00:00+02:00,19,177.101
2023-01-04 05:00:00+02:00,19,170.068
2023-01-04 06:00:00+02:00,19,170.488
2023-01-04 07:00:00+02:00,19,170.712
2023-01-04 08:00:00+02:00,19,171.269
2023-01-04 09:00:00+02:00,19,172.523
2023-01-04 10:00:00+02:00,19,174.774
2023-01-04 11:00:00+02:00,19,180.114
2023-01-04 12:00:00+02:00,19,186.694
2023-01-04 13:00:00+02:00,19,193.272
2023-01-04 14:00:00+02:00,19,207.242
2023-01-04 15:00:00+02:00,19,215.363
2023-01-04 16:00:00+02:00,19,194.776
2023-01-04 17:00:00+02:00,19,177.441
2023-01-04 18:00:00+02:00,19,165.494
2023-01-04 19:00:00+02:00,19,157.996
2023-01-04 20:00:00+02:00,19,153.513
2023-01-04 21:00:00+02:00,19,150.902
2023-01-04 22:00:00+02:00,19,149.147
2023-01-04 23:00:00+02:00,19,146.691
2023-01-05 00:00:00+02:00,19,143.053
2023-01-05 01:00:00+02:00,19,136.839
2023-01-05 02:00:00+02:00,19,129.117
2023-01-05 03:00:00+02:00,19,121.577
2023-01-05 04:00:00+02:00,19,114.286
2023-01-05 05:00:00+02:00,19,107.335
2023-01-05 06:00:00+02:00,19,104.223
2023-01-05 07:00:00+02:00,19,99.090
2023-01-05 08:00:00+02:00,19,95.513
2023-01-05 09:00:00+02:00,19,93.007
2023-01-05 10:00:00+02:00,19,91.701
2023-01-05 11:00:00+02:00,19,92.995
2023-01-05 12:00:00+02:00,19,93.173
2023-01-05 13:00:00+02:00,19,91.281
2023-01-05 14:00:00+02:00,19,87.353
2023-01-05 15:00:00+02:00,19,82.007
2023-01-05 16:00:00+02:00,19,78.929
2023-01-05 17:00:00+02:00,19,87.979
2023-01-05 18:00:00+02:00,19,118.041
2023-01-05 19:00:00+02:00,19,132.052
2023-01-05 20:00:00+02:00,19,144.316
2023-01-05 21:00:00+02:00,19,191.060
2023-01-05 22:00:00+02:00,19,263.181
2023-01-05 23:00:00+02:00,19,402.147
2023-01-06 00:00:00+02:00,19,485.654
2023-01-06 01:00:00+02:00,19,414.512
2023-01-06 02:00:00+02:00,19,303.915
2023-01-06 03:00:00+02:00,19,289.447
2023-01-06 04:00:00+02:00,19,367.571
2023-01-06 05:00:00+02:00,19,473.188
2023-01-06 06:00:00+02:00,19,568.295
2023-01-06 07:00:00+02:00,19,643.204
2023-01-06 08:00:00+02:00,19,695.112
2023-01-06 09:00:00+02:00,19,721.197
2023-01-06 10:00:00+02:00,19,723.563
2023-01-06 11:00:00+02:00,19,711.922
2023-01-06 12:00:00+02:00,19,697.532
2023-01-06 13:00:00+02:00,19,686.066
2023-01-06 14:00:00+02:00,19,671.713
2023-01-06 15:00:00+02:00,19,650.660
2023-01-06 16:00:00+02:00,19,634.744
2023-01-06 17:00:00+02:00,19,626.751
2023-01-06 18:00:00+02:00,19,623.882
2023-01-06 19:00:00+02:00,19,618.231
2023-01-06 20:00:00+02:00,19,611.801
2023-01-06 21:00:00+02:00,19,602.053
2023-01-06 22:00:00+02:00,19,594.204
2023-01-06 23:00:00+02:00,19,587.497
2023-01-07 00:00:00+02:00,19,592.118
2023-01-07 01:00:00+02:00,19,595.829
2023-01-07 02:00:00+02:00,19,593.219
2023-01-07 03:00:00+02:00,19,584.308
2023-01-07 04:00:00+02:00,19,578.095
2023-01-07 05:00:00+02:00,19,565.976
2023-01-07 06:00:00+02:00,19,543.888
2023-01-07 07:00:00+02:00,19,523.281
2023-01-07 08:00:00+02:00,19,501.378
2023-01-07 09:00:00+02:00,19,482.195
2023-01-07 10:00:00+02:00,19,470.925
2023-01-07 11:00:00+02:00,19,467.122
2023-01-07 12:00:00+02:00,19,467.763
2023-01-07 13:00:00+02:00,19,467.422
2023-01-07 14:00:00+02:00,19,465.968
2023-01-07 15:00:00+02:00,19,462.670
2023-01-07 16:00:00+02:00,19,457.046
2023-01-07 17:00:00+02:00,19,448.535
2023-01-07 18:00:00+02:00,19,439.649
2023-01-07 19:00:00+02:00,19,430.877
2023-01-07 20:00:00+02:00,19,422.039
2023-01-07 21:00:00+02:00,19,413.389
2023-01-07 22:00:00+02:00,19,404.874
2023-01-07 23:00:00+02:00,19,396.559
2023-01-08 00:00:00+02:00,19,388.390
2023-01-08 01:00:00+02:00,19,380.786
2023-01-08 02:00:00+02:00,19,373.316
2023-01-08 03:00:00+02:00,19,365.931
2023-01-08 04:00:00+02:00,19,359.044
2023-01-08 05:00:00+02:00,19,352.276
2023-01-08 06:00:00+02:00,19,345.249
2023-01-08 07:00:00+02:00,19,339.201
2023-01-08 08:00:00+02:00,19,334.651
2023-01-08 09:00:00+02:00,19,329.702
2023-01-08 10:00:00+02:00,19,323.917
2023-01-08 11:00:00+02:00,19,316.893
2023-01-08 12:00:00+02:00,19,371.875
2023-01-08 13:00:00+02:00,19,381.846
2023-01-08 14:00:00+02:00,19,383.675
2023-01-08 15:00:00+02:00,19,383.293
2023-01-08 16:00:00+02:00,19,486.386
2023-01-08 17:00:00+02:00,19,578.869
2023-01-08 18:00:00+02:00,19,628.416
2023-01-08 19:00:00+02:00,19,637.960
2023-01-08 20:00:00+02:00,19,615.362
2023-01-08 21:00:00+02:00,19,574.484
2023-01-08 22:00:00+02:00,19,517.699
2023-01-08 23:00:00+02:00,19,482.395
2023-01-09 00:00:00+02:00,19,474.981
2023-01-09 01:00:00+02:00,19,482.011
2023-01-09 02:00:00+02:00,19,495.471
2023-01-09 03:00:00+02:00,19,510.716
2023-01-09 04:00:00+02:00,19,522.808
2023-01-09 05:00:00+02:00,19,530.583
2023-01-09 06:00:00+02:00,19,533.932
2023-01-09 07:00:00+02:00,19,524.932
2023-01-09 08:00:00+02:00,19,505.591
2023-01-09 09:00:00+02:00,19,486.501
2023-01-09 10:00:00+02:00,19,464.358
2023-01-09 11:00:00+02:00,19,441.517
2023-01-09 12:00:00+02:00,19,420.379
2023-01-09 13:00:00+02:00,19,391.133
2023-01-09 14:00:00+02:00,19,358.918
2023-01-09 15:00:00+02:00,19,336.299
2023-01-09 16:00:00+02:00,19,319.135
2023-01-09 17:00:00+02:00,19,285.182
2023-01-09 18:00:00+02:00,19,243.054
2023-01-09 19:00:00+02:00,19,211.726
2023-01-09 20:00:00+02:00,19,193.330
2023-01-09 21:00:00+02:00,19,184.120
2023-01-09 22:00:00+02:00,19,181.497
2023-01-09 23:00:00+02:00,19,169.112
2023-01-10 00:00:00+02:00,19,143.168
2023-01-10 01:00:00+02:00,19,125.920
2023-01-10 02:00:00+02:00,19,127.147
2023-01-10 03:00:00+02:00,19,136.216
2023-01-10 04:00:00+02:00,19,147.883
2023-01-10 05:00:00+02:00,19,159.329
2023-01-10 06:00:00+02:00,19,167.590
2023-01-10 07:00:00+02:00,19,167.863
2023-01-10 08:00:00+02:00,19,159.071
2023-01-10 09:00:00+02:00,19,150.164
2023-01-10 10:00:00+02:00,19,152.561
2023-01-10 11:00:00+02:00,19,160.627
2023-01-10 12:00:00+02:00,19,170.009
2023-01-10 13:00:00+02:00,19,178.051
2023-01-10 14:00:00+02:00,19,178.781
2023-01-10 15:00:00+02:00,19,167.210
2023-01-10 16:00:00+02:00,19,153.938
2023-01-10 17:00:00+02:00,19,146.525
2023-01-10 18:00:00+02:00,19,145.719
2023-01-10 19:00:00+02:00,19,141.643
2023-01-10 20:00:00+02:00,19,142.026
2023-01-10 21:00:00+02:00,19,143.771
2023-01-10 22:00:00+02:00,19,147.162
2023-01-10 23:00:00+02:00,19,145.913
2023-01-11 00:00:00+02:00,19,145.174
2023-01-11 01:00:00+02:00,19,142.590
2023-01-11 02:00:00+02:00,19,144.095
2023-01-11 03:00:00+02:00,19,151.033
2023-01-11 04:00:00+02:00,19,170.160
2023-01-11 05:00:00+02:00,19,191.000
2023-01-11 06:00:00+02:00,19,201.111
2023-01-11 07:00:00+02:00,19,208.790
2023-01-11 08:00:00+02:00,19,217.721
2023-01-11 09:00:00+02:00,19,227.391
2023-01-11 10:00:00+02:00,19,204.705
2023-01-11 11:00:00+02:00,19,181.846
2023-01-11 12:00:00+02:00,19,178.685
2023-01-11 13:00:00+02:00,19,180.758
2023-01-11 14:00:00+02:00,19,180.588
2023-01-11 15:00:00+02:00,19,182.096
2023-01-11 16:00:00+02:00,19,182.259
2023-01-11 17:00:00+02:00,19,163.745
2023-01-11 18:00:00+02:00,19,147.375
2023-01-11 19:00:00+02:00,19,141.394
2023-01-11 20:00:00+02:00,19,138.245
2023-01-11 21:00:00+02:00,19,134.980
2023-01-11 22:00:00+02:00,19,132.352
2023-01-11 23:00:00+02:00,19,128.582
2023-01-12 00:00:00+02:00,19,127.899
2023-01-12 01:00:00+02:00,19,132.574
2023-01-12 02:00:00+02:00,19,140.203
2023-01-12 03:00:00+02:00,19,140.177
2023-01-12 04:00:00+02:00,19,138.426
2023-01-12 05:00:00+02:00,19,143.014
2023-01-12 06:00:00+02:00,19,143.347
2023-01-12 07:00:00+02:00,19,141.703
2023-01-12 08:00:00+02:00,19,144.356
2023-01-12 09:00:00+02:00,19,152.093
2023-01-12 10:00:00+02:00,19,162.757
2023-01-12 11:00:00+02:00,19,176.161
2023-01-12 12:00:00+02:00,19,182.547
2023-01-12 13:00:00+02:00,19,183.751
2023-01-12 14:00:00+02:00,19,173.547
2023-01-12 15:00:00+02:00,19,155.189
2023-01-12 16:00:00+02:00,19,135.739
2023-01-12 17:00:00+02:00,19,127.448
2023-01-12 18:00:00+02:00,19,126.387
2023-01-12 19:00:00+02:00,19,124.494
2023-01-12 20:00:00+02:00,19,125.595
2023-01-12 21:00:00+02:00,19,127.432
2023-01-12 22:00:00+02:00,19,129.143
2023-01-12 23:00:00+02:00,19,130.274
2023-01-13 00:00:00+02:00,19,127.411
2023-01-13 01:00:00+02:00,19,127.822
2023-01-13 02:00:00+02:00,19,130.997
2023-01-13 03:00:00+02:00,19,123.566
2023-01-13 04:00:00+02:00,19,119.093
2023-01-13 05:00:00+02:00,19,126.562
2023-01-13 06:00:00+02:00,19,135.449
2023-01-13 07:00:00+02:00,19,139.587
2023-01-13 08:00:00+02:00,19,143.696
2023-01-13 09:00:00+02:00,19,143.114
2023-01-13 10:00:00+02:00,19,150.619
2023-01-13 11:00:00+02:00,19,164.288
2023-01-13 12:00:00+02:00,19,179.093
2023-01-13 13:00:00+02:00,19,181.799
2023-01-13 14:00:00+02:00,19,170.243
2023-01-13 15:00:00+02:00,19,156.771
2023-01-13 16:00:00+02:00,19,151.936
2023-01-13 17:00:00+02:00,19,144.336
2023-01-13 18:00:00+02:00,19,142.892
2023-01-13 19:00:00+02:00,19,147.173
2023-01-13 20:00:00+02:00,19,150.769
2023-01-13 21:00:00+02:00,19,147.527
2023-01-13 22:00:00+02:00,19,148.964
2023-01-13 23:00:00+02:00,19,156.611
2023-01-14 00:00:00+02:00,19,165.740
2023-01-14 01:00:00+02:00,19,172.057
2023-01-14 02:00:00+02:00,19,160.996
2023-01-14 03:00:00+02:00,19,153.217
2023-01-14 04:00:00+02:00,19,148.183
2023-01-14 05:00:00+02:00,19,144.051
2023-01-14 06:00:00+02:00,19,140.382
2023-01-14 07:00:00+02:00,19,137.238
2023-01-14 08:00:00+02:00,19,134.346
2023-01-14 09:00:00+02:00,19,131.662
2023-01-14 10:00:00+02:00,19,188.562
2023-01-14 11:00:00+02:00,19,231.486
2023-01-14 12:00:00+02:00,19,215.960
2023-01-14 13:00:00+02:00,19,211.439
2023-01-14 14:00:00+02:00,19,245.137
2023-01-14 15:00:00+02:00,19,260.679
2023-01-14 16:00:00+02:00,19,257.536
2023-01-14 17:00:00+02:00,19,276.595
2023-01-14 18:00:00+02:00,19,245.021
2023-01-14 19:00:00+02:00,19,209.155
2023-01-14 20:00:00+02:00,19,191.274
2023-01-14 21:00:00+02:00,19,178.721
2023-01-14 22:00:00+02:00,19,164.849
2023-01-14 23:00:00+02:00,19,155.419
2023-01-15 00:00:00+02:00,19,145.224
2023-01-15 01:00:00+02:00,19,137.749
2023-01-15 02:00:00+02:00,19,134.709
2023-01-15 03:00:00+02:00,19,130.169
2023-01-15 04:00:00+02:00,19,126.022
2023-01-15 05:00:00+02:00,19,119.687
2023-01-15 06:00:00+02:00,19,226.659
2023-01-15 07:00:00+02:00,19,498.858
2023-01-15 08:00:00+02:00,19,539.489
2023-01-15 09:00:00+02:00,19,522.677
2023-01-15 10:00:00+02:00,19,496.086
2023-01-15 11:00:00+02:00,19,454.982
2023-01-15 12:00:00+02:00,19,393.153
2023-01-15 13:00:00+02:00,19,342.396
2023-01-15 14:00:00+02:00,19,308.281
2023-01-15 15:00:00+02:00,19,300.194
2023-01-15 16:00:00+02:00,19,313.033
2023-01-15 17:00:00+02:00,19,328.896
2023-01-15 18:00:00+02:00,19,329.120
2023-01-15 19:00:00+02:00,19,315.170
2023-01-15 20:00:00+02:00,19,294.351
2023-01-15 21:00:00+02:00,19,267.109
2023-01-15 22:00:00+02:00,19,247.042
2023-01-15 23:00:00+02:00,19,230.528
2023-01-16 00:00:00+02:00,19,218.651
2023-01-16 01:00:00+02:00,19,210.619
2023-01-16 02:00:00+02:00,19,194.881
2023-01-16 03:00:00+02:00,19,176.280
2023-01-16 04:00:00+02:00,19,167.246
2023-01-16 05:00:00+02:00,19,176.681
2023-01-16 06:00:00+02:00,19,316.040
2023-01-16 07:00:00+02:00,19,457.319
2023-01-16 08:00:00+02:00,19,479.456
2023-01-16 09:00:00+02:00,19,478.830
2023-01-16 10:00:00+02:00,19,482.451
2023-01-16 11:00:00+02:00,19,489.690
2023-01-16 12:00:00+02:00,19,500.984
2023-01-16 13:00:00+02:00,19,472.473
2023-01-16 14:00:00+02:00,19,421.314
2023-01-16 15:00:00+02:00,19,375.813
2023-01-16 16:00:00+02:00,19,333.325
2023-01-16 17:00:00+02:00,19,269.823
2023-01-16 18:00:00+02:00,19,222.631
2023-01-16 19:00:00+02:00,19,189.621
2023-01-16 20:00:00+02:00,19,169.740
2023-01-16 21:00:00+02:00,19,151.635
2023-01-16 22:00:00+02:00,19,138.976
2023-01-16 23:00:00+02:00,19,137.209
2023-01-17 00:00:00+02:00,19,139.138
2023-01-17 01:00:00+02:00,19,144.089
2023-01-17 02:00:00+02:00,19,151.281
2023-01-17 03:00:00+02:00,19,156.953
2023-01-17 04:00:00+02:00,19,158.303
2023-01-17 05:00:00+02:00,19,165.529
2023-01-17 06:00:00+02:00,19,176.996
2023-01-17 07:00:00+02:00,19,178.439
2023-01-17 08:00:00+02:00,19,169.891
2023-01-17 09:00:00+02:00,19,166.629
2023-01-17 10:00:00+02:00,19,162.286
2023-01-17 11:00:00+02:00,19,161.734
2023-01-17 12:00:00+02:00,19,167.495
2023-01-17 13:00:00+02:00,19,170.234
2023-01-17 14:00:00+02:00,19,155.334
2023-01-17 15:00:00+02:00,19,142.480
2023-01-17 16:00:00+02:00,19,135.332
2023-01-17 17:00:00+02:00,19,134.352
2023-01-17 18:00:00+02:00,19,131.699
2023-01-17 19:00:00+02:00,19,131.730
2023-01-17 20:00:00+02:00,19,135.684
2023-01-17 21:00:00+02:00,19,135.198
2023-01-17 22:00:00+02:00,19,128.883
2023-01-17 23:00:00+02:00,19,125.943
2023-01-18 00:00:00+02:00,19,125.647
2023-01-18 01:00:00+02:00,19,128.810
2023-01-18 02:00:00+02:00,19,133.813
2023-01-18 03:00:00+02:00,19,132.552
2023-01-18 04:00:00+02:00,19,136.905
2023-01-18 05:00:00+02:00,19,148.128
2023-01-18 06:00:00+02:00,19,161.010
2023-01-18 07:00:00+02:00,19,160.712
2023-01-18 08:00:00+02:00,19,153.779
2023-01-18 09:00:00+02:00,19,155.759
2023-01-18 10:00:00+02:00,19,157.332
2023-01-18 11:00:00+02:00,19,156.325
2023-01-18 12:00:00+02:00,19,154.980
2023-01-18 13:00:00+02:00,19,154.281
2023-01-18 14:00:00+02:00,19,156.190
2023-01-18 15:00:00+02:00,19,157.442
2023-01-18 16:00:00+02:00,19,155.287
2023-01-18 17:00:00+02:00,19,151.725
2023-01-18 18:00:00+02:00,19,150.943
2023-01-18 19:00:00+02:00,19,148.779
2023-01-18 20:00:00+02:00,19,147.867
2023-01-18 21:00:00+02:00,19,144.951
2023-01-18 22:00:00+02:00,19,145.575
2023-01-18 23:00:00+02:00,19,150.277
2023-01-19 00:00:00+02:00,19,155.953
2023-01-19 01:00:00+02:00,19,159.507
2023-01-19 02:00:00+02:00,19,161.739
2023-01-19 03:00:00+02:00,19,153.291
2023-01-19 04:00:00+02:00,19,149.192
2023-01-19 05:00:00+02:00,19,146.017
2023-01-19 06:00:00+02:00,19,142.810
2023-01-19 07:00:00+02:00,19,190.434
2023-01-19 08:00:00+02:00,19,316.701
2023-01-19 09:00:00+02:00,19,322.765
2023-01-19 10:00:00+02:00,19,276.599
2023-01-19 11:00:00+02:00,19,224.897
2023-01-19 12:00:00+02:00,19,191.261
2023-01-19 13:00:00+02:00,19,171.664
2023-01-19 14:00:00+02:00,19,167.183
2023-01-19 15:00:00+02:00,19,169.749
2023-01-19 16:00:00+02:00,19,176.464
2023-01-19 17:00:00+02:00,19,171.713
2023-01-19 18:00:00+02:00,19,167.943
2023-01-19 19:00:00+02:00,19,164.474
2023-01-19 20:00:00+02:00,19,161.410
2023-01-19 21:00:00+02:00,19,160.650
2023-01-19 22:00:00+02:00,19,161.633
2023-01-19 23:00:00+02:00,19,163.823
2023-01-20 00:00:00+02:00,19,208.501
2023-01-20 01:00:00+02:00,19,238.552
2023-01-20 02:00:00+02:00,19,231.852
2023-01-20 03:00:00+02:00,19,223.554
2023-01-20 04:00:00+02:00,19,201.963
2023-01-20 05:00:00+02:00,19,187.657
2023-01-20 06:00:00+02:00,19,175.891
2023-01-20 06:00:00+02:00,19,167.438
2023-01-20 07:00:00+02:00,19,163.725
2023-01-20 08:00:00+02:00,19,218.380
2023-01-20 09:00:00+02:00,19,199.755
2023-01-20 10:00:00+02:00,19,192.701
2023-01-20 11:00:00+02:00,19,190.562
2023-01-20 12:00:00+02:00,19,184.994
2023-01-20 13:00:00+02:00,19,172.123
2023-01-20 14:00:00+02:00,19,151.280
2023-01-20 15:00:00+02:00,19,128.649
2023-01-20 16:00:00+02:00,19,107.904
2023-01-20 17:00:00+02:00,19,92.355
2023-01-20 18:00:00+02:00,19,88.859
2023-01-20 19:00:00+02:00,19,94.778
2023-01-20 20:00:00+02:00,19,100.313
2023-01-20 21:00:00+02:00,19,113.011
2023-01-20 22:00:00+02:00,19,831.307
2023-01-20 23:00:00+02:00,19,3058.311
2023-01-21 00:00:00+02:00,19,4975.455
2023-01-21 01:00:00+02:00,19,5450.382
2023-01-21 02:00:00+02:00,19,5965.606
2023-01-21 03:00:00+02:00,19,6073.634
2023-01-21 04:00:00+02:00,19,5558.621
2023-01-21 05:00:00+02:00,19,5429.221
2023-01-21 06:00:00+02:00,19,5259.479
2023-01-21 07:00:00+02:00,19,5133.957
2023-01-21 08:00:00+02:00,19,5095.466
2023-01-21 09:00:00+02:00,19,4822.545
2023-01-21 10:00:00+02:00,19,4490.618
2023-01-21 11:00:00+02:00,19,3933.124
2023-01-21 12:00:00+02:00,19,3313.511
2023-01-21 13:00:00+02:00,19,2494.806
2023-01-21 14:00:00+02:00,19,1554.224
2023-01-21 15:00:00+02:00,19,763.222
2023-01-21 16:00:00+02:00,19,372.207
2023-01-21 17:00:00+02:00,19,194.922
2023-01-21 18:00:00+02:00,19,136.394
2023-01-21 19:00:00+02:00,19,120.646
2023-01-21 20:00:00+02:00,19,120.272
2023-01-21 21:00:00+02:00,19,128.356
2023-01-21 22:00:00+02:00,19,850.768
2023-01-21 23:00:00+02:00,19,3095.147
2023-01-22 00:00:00+02:00,19,5061.599
2023-01-22 01:00:00+02:00,19,5570.320
2023-01-22 02:00:00+02:00,19,6121.105
2023-01-22 03:00:00+02:00,19,6321.067
2023-01-22 04:00:00+02:00,19,5855.387
2023-01-22 05:00:00+02:00,19,5714.678
2022-12-30 06:00:00+02:00,20,736.816
2022-12-30 07:00:00+02:00,20,410.906
2022-12-30 08:00:00+02:00,20,307.250
2022-12-30 09:00:00+02:00,20,288.079
2022-12-30 10:00:00+02:00,20,233.151
2022-12-30 11:00:00+02:00,20,534.556
2022-12-30 12:00:00+02:00,20,329.355
2022-12-30 13:00:00+02:00,20,258.402
2022-12-30 14:00:00+02:00,20,210.694
2022-12-30 15:00:00+02:00,20,216.315
2022-12-30 16:00:00+02:00,20,223.425
2022-12-30 17:00:00+02:00,20,230.645
2022-12-30 18:00:00+02:00,20,237.052
2022-12-30 19:00:00+02:00,20,309.290
2022-12-30 20:00:00+02:00,20,349.697
2022-12-30 21:00:00+02:00,20,349.176
2022-12-30 22:00:00+02:00,20,376.997
2022-12-30 23:00:00+02:00,20,392.738
2022-12-31 00:00:00+02:00,20,443.312
2022-12-31 01:00:00+02:00,20,484.179
2022-12-31 02:00:00+02:00,20,524.277
2022-12-31 03:00:00+02:00,20,519.819
2022-12-31 04:00:00+02:00,20,521.447
2022-12-31 05:00:00+02:00,20,532.460
2022-12-31 06:00:00+02:00,20,503.839
2022-12-31 07:00:00+02:00,20,475.859
2022-12-31 08:00:00+02:00,20,464.618
2022-12-31 09:00:00+02:00,20,386.938
2022-12-31 10:00:00+02:00,20,320.324
2022-12-31 11:00:00+02:00,20,326.225
2022-12-31 12:00:00+02:00,20,363.707
2022-12-31 13:00:00+02:00,20,431.333
2022-12-31 14:00:00+02:00,20,502.380
2022-12-31 15:00:00+02:00,20,562.367
2022-12-31 16:00:00+02:00,20,604.299
2022-12-31 17:00:00+02:00,20,609.944
2022-12-31 18:00:00+02:00,20,612.435
2022-12-31 19:00:00+02:00,20,606.166
2022-12-31 20:00:00+02:00,20,610.922
2022-12-31 21:00:00+02:00,20,619.532
2022-12-31 22:00:00+02:00,20,596.601
2022-12-31 23:00:00+02:00,20,518.073
2023-01-01 00:00:00+02:00,20,454.058
2023-01-01 01:00:00+02:00,20,406.570
2023-01-01 02:00:00+02:00,20,436.432
2023-01-01 03:00:00+02:00,20,519.944
2023-01-01 04:00:00+02:00,20,611.361
2023-01-01 05:00:00+02:00,20,698.802
2023-01-01 06:00:00+02:00,20,758.521
2023-01-01 07:00:00+02:00,20,567.508
2023-01-01 08:00:00+02:00,20,438.786
2023-01-01 09:00:00+02:00,20,385.393
2023-01-01 10:00:00+02:00,20,393.966
2023-01-01 11:00:00+02:00,20,406.877
2023-01-01 12:00:00+02:00,20,409.852
2023-01-01 13:00:00+02:00,20,407.115
2023-01-01 14:00:00+02:00,20,400.929
2023-01-01 15:00:00+02:00,20,379.133
2023-01-01 16:00:00+02:00,20,352.333
2023-01-01 17:00:00+02:00,20,331.195
2023-01-01 18:00:00+02:00,20,319.313
2023-01-01 19:00:00+02:00,20,307.197
2023-01-01 20:00:00+02:00,20,301.393
2023-01-01 21:00:00+02:00,20,311.772
2023-01-01 22:00:00+02:00,20,308.515
2023-01-01 23:00:00+02:00,20,295.942
2023-01-02 00:00:00+02:00,20,275.849
2023-01-02 01:00:00+02:00,20,285.037
2023-01-02 02:00:00+02:00,20,284.250
2023-01-02 03:00:00+02:00,20,277.879
2023-01-02 04:00:00+02:00,20,276.142
2023-01-02 05:00:00+02:00,20,273.364
2023-01-02 06:00:00+02:00,20,273.057
2023-01-02 07:00:00+02:00,20,258.345
2023-01-02 08:00:00+02:00,20,231.611
2023-01-02 09:00:00+02:00,20,216.224
2023-01-02 10:00:00+02:00,20,229.268
2023-01-02 11:00:00+02:00,20,231.540
2023-01-02 12:00:00+02:00,20,245.887
2023-01-02 13:00:00+02:00,20,275.462
2023-01-02 14:00:00+02:00,20,306.332
2023-01-02 15:00:00+02:00,20,319.849
2023-01-02 16:00:00+02:00,20,328.640
2023-01-02 17:00:00+02:00,20,314.841
2023-01-02 18:00:00+02:00,20,298.007
2023-01-02 19:00:00+02:00,20,306.875
2023-01-02 20:00:00+02:00,20,295.562
2023-01-02 21:00:00+02:00,20,263.406
2023-01-02 22:00:00+02:00,20,252.411
2023-01-02 23:00:00+02:00,20,233.439
2023-01-03 00:00:00+02:00,20,239.251
2023-01-03 01:00:00+02:00,20,232.227
2023-01-03 02:00:00+02:00,20,213.961
2023-01-03 03:00:00+02:00,20,184.427
2023-01-03 04:00:00+02:00,20,183.283
2023-01-03 05:00:00+02:00,20,193.099
2023-01-03 06:00:00+02:00,20,184.720
2023-01-03 07:00:00+02:00,20,162.267
2023-01-03 08:00:00+02:00,20,145.422
2023-01-03 09:00:00+02:00,20,153.788
2023-01-03 10:00:00+02:00,20,167.898
2023-01-03 11:00:00+02:00,20,165.543
2023-01-03 12:00:00+02:00,20,172.940
2023-01-03 13:00:00+02:00,20,206.562
2023-01-03 14:00:00+02:00,20,213.494
2023-01-03 15:00:00+02:00,20,191.991
2023-01-03 16:00:00+02:00,20,191.105
2023-01-03 17:00:00+02:00,20,186.970
2023-01-03 18:00:00+02:00,20,207.000
2023-01-03 19:00:00+02:00,20,717.142
2023-01-03 20:00:00+02:00,20,468.155
2023-01-03 21:00:00+02:00,20,234.276
2023-01-03 22:00:00+02:00,20,220.020
2023-01-03 23:00:00+02:00,20,199.306
2023-01-04 00:00:00+02:00,20,214.001
2023-01-04 01:00:00+02:00,20,230.707
2023-01-04 02:00:00+02:00,20,207.635
2023-01-04 03:00:00+02:00,20,168.483
2023-01-04 04:00:00+02:00,20,172.702
2023-01-04 05:00:00+02:00,20,167.272
2023-01-04 06:00:00+02:00,20,181.456
2023-01-04 07:00:00+02:00,20,171.581
2023-01-04 08:00:00+02:00,20,179.877
2023-01-04 09:00:00+02:00,20,177.005
2023-01-04 10:00:00+02:00,20,185.557
2023-01-04 11:00:00+02:00,20,196.843
2023-01-04 12:00:00+02:00,20,203.947
2023-01-04 13:00:00+02:00,20,238.255
2023-01-04 14:00:00+02:00,20,233.004
2023-01-04 15:00:00+02:00,20,258.853
2023-01-04 16:00:00+02:00,20,286.703
2023-01-04 17:00:00+02:00,20,261.074
2023-01-04 18:00:00+02:00,20,246.839
2023-01-04 19:00:00+02:00,20,243.566
2023-01-04 20:00:00+02:00,20,246.866
2023-01-04 21:00:00+02:00,20,239.865
2023-01-04 22:00:00+02:00,20,230.724
2023-01-04 23:00:00+02:00,20,244.897
2023-01-05 00:00:00+02:00,20,223.628
2023-01-05 01:00:00+02:00,20,224.385
2023-01-05 02:00:00+02:00,20,225.422
2023-01-05 03:00:00+02:00,20,234.099
2023-01-05 04:00:00+02:00,20,238.111
2023-01-05 05:00:00+02:00,20,237.861
2023-01-05 06:00:00+02:00,20,291.517
2023-01-05 07:00:00+02:00,20,342.735
2023-01-05 08:00:00+02:00,20,321.350
2023-01-05 09:00:00+02:00,20,706.553
2023-01-05 10:00:00+02:00,20,756.919
2023-01-05 11:00:00+02:00,20,657.629
2023-01-05 12:00:00+02:00,20,503.742
2023-01-05 13:00:00+02:00,20,399.326
2023-01-05 14:00:00+02:00,20,314.494
2023-01-05 15:00:00+02:00,20,337.006
2023-01-05 16:00:00+02:00,20,891.017
2023-01-05 17:00:00+02:00,20,4191.474
2023-01-05 18:00:00+02:00,20,7252.241
2023-01-05 19:00:00+02:00,20,10947.083
2023-01-05 20:00:00+02:00,20,13791.671
2023-01-05 21:00:00+02:00,20,13418.967
2023-01-05 22:00:00+02:00,20,11887.566
2023-01-05 23:00:00+02:00,20,8127.693
2023-01-06 00:00:00+02:00,20,5073.680
2023-01-06 01:00:00+02:00,20,2876.088
2023-01-06 02:00:00+02:00,20,2276.288
2023-01-06 03:00:00+02:00,20,2967.844
2023-01-06 04:00:00+02:00,20,3068.669
2023-01-06 05:00:00+02:00,20,2778.960
2023-01-06 06:00:00+02:00,20,2564.986
2023-01-06 07:00:00+02:00,20,2466.448
2023-01-06 08:00:00+02:00,20,2364.463
2023-01-06 09:00:00+02:00,20,2104.238
2023-01-06 10:00:00+02:00,20,1926.561
2023-01-06 11:00:00+02:00,20,1907.320
2023-01-06 12:00:00+02:00,20,2211.209
2023-01-06 13:00:00+02:00,20,2481.129
2023-01-06 14:00:00+02:00,20,2410.018
2023-01-06 15:00:00+02:00,20,2282.074
2023-01-06 16:00:00+02:00,20,2673.621
2023-01-06 17:00:00+02:00,20,2786.309
2023-01-06 18:00:00+02:00,20,2689.103
2023-01-06 19:00:00+02:00,20,2729.124
2023-01-06 20:00:00+02:00,20,2399.303
2023-01-06 21:00:00+02:00,20,2661.442
2023-01-06 22:00:00+02:00,20,3105.519
2023-01-06 23:00:00+02:00,20,3593.461
2023-01-07 00:00:00+02:00,20,3279.545
2023-01-07 01:00:00+02:00,20,2985.726
2023-01-07 02:00:00+02:00,20,2797.057
2023-01-07 03:00:00+02:00,20,2941.979
2023-01-07 04:00:00+02:00,20,2377.943
2023-01-07 05:00:00+02:00,20,1692.907
2023-01-07 06:00:00+02:00,20,1182.894
2023-01-07 07:00:00+02:00,20,933.932
2023-01-07 08:00:00+02:00,20,765.725
2023-01-07 09:00:00+02:00,20,647.822
2023-01-07 10:00:00+02:00,20,600.816
2023-01-07 11:00:00+02:00,20,566.639
2023-01-07 12:00:00+02:00,20,555.151
2023-01-07 13:00:00+02:00,20,558.671
2023-01-07 14:00:00+02:00,20,561.969
2023-01-07 15:00:00+02:00,20,562.723
2023-01-07 16:00:00+02:00,20,559.712
2023-01-07 17:00:00+02:00,20,586.494
2023-01-07 18:00:00+02:00,20,613.993
2023-01-07 19:00:00+02:00,20,612.756
2023-01-07 20:00:00+02:00,20,644.931
2023-01-07 21:00:00+02:00,20,644.642
2023-01-07 22:00:00+02:00,20,682.717
2023-01-07 23:00:00+02:00,20,715.094
2023-01-08 00:00:00+02:00,20,762.788
2023-01-08 01:00:00+02:00,20,735.146
2023-01-08 02:00:00+02:00,20,744.996
2023-01-08 03:00:00+02:00,20,756.368
2023-01-08 04:00:00+02:00,20,750.909
2023-01-08 05:00:00+02:00,20,750.957
2023-01-08 06:00:00+02:00,20,775.166
2023-01-08 07:00:00+02:00,20,759.058
2023-01-08 08:00:00+02:00,20,695.076
2023-01-08 09:00:00+02:00,20,681.886
2023-01-08 10:00:00+02:00,20,652.891
2023-01-08 11:00:00+02:00,20,690.021
2023-01-08 12:00:00+02:00,20,750.598
2023-01-08 13:00:00+02:00,20,805.482
2023-01-08 14:00:00+02:00,20,848.329
2023-01-08 15:00:00+02:00,20,877.682
2023-01-08 16:00:00+02:00,20,833.086
2023-01-08 17:00:00+02:00,20,771.433
2023-01-08 18:00:00+02:00,20,707.237
2023-01-08 19:00:00+02:00,20,651.862
2023-01-08 20:00:00+02:00,20,586.866
2023-01-08 21:00:00+02:00,20,539.836
2023-01-08 22:00:00+02:00,20,487.474
2023-01-08 23:00:00+02:00,20,473.915
2023-01-09 00:00:00+02:00,20,485.138
2023-01-09 01:00:00+02:00,20,501.883
2023-01-09 02:00:00+02:00,20,520.421
2023-01-09 03:00:00+02:00,20,533.326
2023-01-09 04:00:00+02:00,20,540.728
2023-01-09 05:00:00+02:00,20,547.070
2023-01-09 06:00:00+02:00,20,546.836
2023-01-09 07:00:00+02:00,20,519.085
2023-01-09 08:00:00+02:00,20,493.886
2023-01-09 09:00:00+02:00,20,475.178
2023-01-09 10:00:00+02:00,20,446.707
2023-01-09 11:00:00+02:00,20,422.691
2023-01-09 12:00:00+02:00,20,402.190
2023-01-09 13:00:00+02:00,20,362.254
2023-01-09 14:00:00+02:00,20,329.253
2023-01-09 15:00:00+02:00,20,315.664
2023-01-09 16:00:00+02:00,20,303.900
2023-01-09 17:00:00+02:00,20,251.759
2023-01-09 18:00:00+02:00,20,212.049
2023-01-09 19:00:00+02:00,20,190.733
2023-01-09 20:00:00+02:00,20,181.688
2023-01-09 21:00:00+02:00,20,180.589
2023-01-09 22:00:00+02:00,20,186.065
2023-01-09 23:00:00+02:00,20,155.513
2023-01-10 00:00:00+02:00,20,128.389
2023-01-10 01:00:00+02:00,20,119.669
2023-01-10 02:00:00+02:00,20,136.032
2023-01-10 03:00:00+02:00,20,153.296
2023-01-10 04:00:00+02:00,20,170.317
2023-01-10 05:00:00+02:00,20,177.221
2023-01-10 06:00:00+02:00,20,180.810
2023-01-10 07:00:00+02:00,20,167.496
2023-01-10 08:00:00+02:00,20,154.134
2023-01-10 09:00:00+02:00,20,147.762
2023-01-10 10:00:00+02:00,20,162.697
2023-01-10 11:00:00+02:00,20,175.215
2023-01-10 12:00:00+02:00,20,192.000
2023-01-10 13:00:00+02:00,20,189.327
2023-01-10 14:00:00+02:00,20,180.255
2023-01-10 15:00:00+02:00,20,158.152
2023-01-10 16:00:00+02:00,20,147.450
2023-01-10 17:00:00+02:00,20,144.254
2023-01-10 18:00:00+02:00,20,149.850
2023-01-10 19:00:00+02:00,20,138.326
2023-01-10 20:00:00+02:00,20,149.727
2023-01-10 21:00:00+02:00,20,147.095
2023-01-10 22:00:00+02:00,20,158.743
2023-01-10 23:00:00+02:00,20,143.071
2023-01-11 00:00:00+02:00,20,151.268
2023-01-11 01:00:00+02:00,20,140.778
2023-01-11 02:00:00+02:00,20,154.014
2023-01-11 03:00:00+02:00,20,206.362
2023-01-11 04:00:00+02:00,20,231.329
2023-01-11 05:00:00+02:00,20,222.603
2023-01-11 06:00:00+02:00,20,226.692
2023-01-11 07:00:00+02:00,20,247.046
2023-01-11 08:00:00+02:00,20,263.316
2023-01-11 09:00:00+02:00,20,240.549
2023-01-11 10:00:00+02:00,20,176.294
2023-01-11 11:00:00+02:00,20,167.645
2023-01-11 12:00:00+02:00,20,190.327
2023-01-11 13:00:00+02:00,20,187.453
2023-01-11 14:00:00+02:00,20,184.824
2023-01-11 15:00:00+02:00,20,192.146
2023-01-11 16:00:00+02:00,20,184.269
2023-01-11 17:00:00+02:00,20,150.317
2023-01-11 18:00:00+02:00,20,141.459
2023-01-11 19:00:00+02:00,20,141.009
2023-01-11 20:00:00+02:00,20,138.139
2023-01-11 21:00:00+02:00,20,134.648
2023-01-11 22:00:00+02:00,20,132.790
2023-01-11 23:00:00+02:00,20,127.896
2023-01-12 00:00:00+02:00,20,130.436
2023-01-12 01:00:00+02:00,20,140.673
2023-01-12 02:00:00+02:00,20,151.696
2023-01-12 03:00:00+02:00,20,139.002
2023-01-12 04:00:00+02:00,20,140.769
2023-01-12 05:00:00+02:00,20,152.590
2023-01-12 06:00:00+02:00,20,143.132
2023-01-12 07:00:00+02:00,20,143.607
2023-01-12 08:00:00+02:00,20,150.642
2023-01-12 09:00:00+02:00,20,168.298
2023-01-12 10:00:00+02:00,20,194.953
2023-01-12 11:00:00+02:00,20,199.082
2023-01-12 12:00:00+02:00,20,190.742
2023-01-12 13:00:00+02:00,20,190.238
2023-01-12 14:00:00+02:00,20,162.588
2023-01-12 15:00:00+02:00,20,144.218
2023-01-12 16:00:00+02:00,20,125.901
2023-01-12 17:00:00+02:00,20,125.466
2023-01-12 18:00:00+02:00,20,128.978
2023-01-12 19:00:00+02:00,20,124.063
2023-01-12 20:00:00+02:00,20,131.381
2023-01-12 21:00:00+02:00,20,131.086
2023-01-12 22:00:00+02:00,20,134.164
2023-01-12 23:00:00+02:00,20,133.811
2023-01-13 00:00:00+02:00,20,126.396
2023-01-13 01:00:00+02:00,20,132.938
2023-01-13 02:00:00+02:00,20,136.839
2023-01-13 03:00:00+02:00,20,119.213
2023-01-13 04:00:00+02:00,20,120.165
2023-01-13 05:00:00+02:00,20,140.303
2023-01-13 06:00:00+02:00,20,142.888
2023-01-13 07:00:00+02:00,20,144.645
2023-01-13 08:00:00+02:00,20,150.705
2023-01-13 09:00:00+02:00,20,143.465
2023-01-13 10:00:00+02:00,20,173.066
2023-01-13 11:00:00+02:00,20,200.668
2023-01-13 12:00:00+02:00,20,202.946
2023-01-13 13:00:00+02:00,20,180.268
2023-01-13 14:00:00+02:00,20,161.229
2023-01-13 15:00:00+02:00,20,149.765
2023-01-13 16:00:00+02:00,20,152.993
2023-01-13 17:00:00+02:00,20,138.953
2023-01-13 18:00:00+02:00,20,147.849
2023-01-13 19:00:00+02:00,20,157.818
2023-01-13 20:00:00+02:00,20,157.036
2023-01-13 21:00:00+02:00,20,144.335
2023-01-13 22:00:00+02:00,20,161.818
2023-01-13 23:00:00+02:00,20,175.637
2023-01-14 00:00:00+02:00,20,187.149
2023-01-14 01:00:00+02:00,20,250.428
2023-01-14 02:00:00+02:00,20,287.545
2023-01-14 03:00:00+02:00,20,295.190
2023-01-14 04:00:00+02:00,20,311.191
2023-01-14 05:00:00+02:00,20,320.443
2023-01-14 06:00:00+02:00,20,323.138
2023-01-14 07:00:00+02:00,20,357.273
2023-01-14 08:00:00+02:00,20,422.219
2023-01-14 09:00:00+02:00,20,486.350
2023-01-14 10:00:00+02:00,20,517.581
2023-01-14 11:00:00+02:00,20,533.563
2023-01-14 12:00:00+02:00,20,614.263
2023-01-14 13:00:00+02:00,20,638.466
2023-01-14 14:00:00+02:00,20,624.052
2023-01-14 15:00:00+02:00,20,630.393
2023-01-14 16:00:00+02:00,20,661.786
2023-01-14 17:00:00+02:00,20,672.012
2023-01-14 18:00:00+02:00,20,709.710
2023-01-14 19:00:00+02:00,20,646.815
2023-01-14 20:00:00+02:00,20,638.020
2023-01-14 21:00:00+02:00,20,666.784
2023-01-14 22:00:00+02:00,20,684.883
2023-01-14 23:00:00+02:00,20,733.917
2023-01-15 00:00:00+02:00,20,736.193
2023-01-15 01:00:00+02:00,20,777.604
2023-01-15 02:00:00+02:00,20,844.775
2023-01-15 03:00:00+02:00,20,920.620
2023-01-15 04:00:00+02:00,20,905.282
2023-01-15 05:00:00+02:00,20,763.218
2023-01-15 06:00:00+02:00,20,814.141
2023-01-15 07:00:00+02:00,20,663.586
2023-01-15 08:00:00+02:00,20,534.101
2023-01-15 09:00:00+02:00,20,499.331
2023-01-15 10:00:00+02:00,20,450.634
2023-01-15 11:00:00+02:00,20,390.391
2023-01-15 12:00:00+02:00,20,319.196
2023-01-15 13:00:00+02:00,20,285.590
2023-01-15 14:00:00+02:00,20,269.635
2023-01-15 15:00:00+02:00,20,314.076
2023-01-15 16:00:00+02:00,20,388.156
2023-01-15 17:00:00+02:00,20,416.423
2023-01-15 18:00:00+02:00,20,425.737
2023-01-15 19:00:00+02:00,20,438.445
2023-01-15 20:00:00+02:00,20,437.711
2023-01-15 21:00:00+02:00,20,416.861
2023-01-15 22:00:00+02:00,20,424.648
2023-01-15 23:00:00+02:00,20,436.619
2023-01-16 00:00:00+02:00,20,466.599
2023-01-16 01:00:00+02:00,20,507.353
2023-01-16 02:00:00+02:00,20,589.734
2023-01-16 03:00:00+02:00,20,462.455
2023-01-16 04:00:00+02:00,20,471.069
2023-01-16 05:00:00+02:00,20,561.237
2023-01-16 06:00:00+02:00,20,586.333
2023-01-16 07:00:00+02:00,20,525.902
2023-01-16 08:00:00+02:00,20,503.751
2023-01-16 09:00:00+02:00,20,542.041
2023-01-16 10:00:00+02:00,20,565.560
2023-01-16 11:00:00+02:00,20,576.808
2023-01-16 12:00:00+02:00,20,504.996
2023-01-16 13:00:00+02:00,20,429.201
2023-01-16 14:00:00+02:00,20,369.547
2023-01-16 15:00:00+02:00,20,335.674
2023-01-16 16:00:00+02:00,20,296.962
2023-01-16 17:00:00+02:00,20,230.596
2023-01-16 18:00:00+02:00,20,196.849
2023-01-16 19:00:00+02:00,20,172.517
2023-01-16 20:00:00+02:00,20,160.424
2023-01-16 21:00:00+02:00,20,143.601
2023-01-16 22:00:00+02:00,20,135.224
2023-01-16 23:00:00+02:00,20,139.982
2023-01-17 00:00:00+02:00,20,142.922
2023-01-17 01:00:00+02:00,20,152.050
2023-01-17 02:00:00+02:00,20,161.997
2023-01-17 03:00:00+02:00,20,163.542
2023-01-17 04:00:00+02:00,20,161.158
2023-01-17 05:00:00+02:00,20,192.116
2023-01-17 06:00:00+02:00,20,191.449
2023-01-17 07:00:00+02:00,20,179.050
2023-01-17 08:00:00+02:00,20,163.970
2023-01-17 09:00:00+02:00,20,170.546
2023-01-17 10:00:00+02:00,20,159.738
2023-01-17 11:00:00+02:00,20,167.934
2023-01-17 12:00:00+02:00,20,184.639
2023-01-17 13:00:00+02:00,20,170.905
2023-01-17 14:00:00+02:00,20,144.261
2023-01-17 15:00:00+02:00,20,137.234
2023-01-17 16:00:00+02:00,20,132.911
2023-01-17 17:00:00+02:00,20,137.701
2023-01-17 18:00:00+02:00,20,130.234
2023-01-17 19:00:00+02:00,20,136.342
2023-01-17 20:00:00+02:00,20,144.864
2023-01-17 21:00:00+02:00,20,134.107
2023-01-17 22:00:00+02:00,20,125.826
2023-01-17 23:00:00+02:00,20,127.533
2023-01-18 00:00:00+02:00,20,128.300
2023-01-18 01:00:00+02:00,20,136.312
2023-01-18 02:00:00+02:00,20,141.794
2023-01-18 03:00:00+02:00,20,131.550
2023-01-18 04:00:00+02:00,20,149.595
2023-01-18 05:00:00+02:00,20,176.806
2023-01-18 06:00:00+02:00,20,176.987
2023-01-18 07:00:00+02:00,20,157.895
2023-01-18 08:00:00+02:00,20,151.530
2023-01-18 09:00:00+02:00,20,166.892
2023-01-18 10:00:00+02:00,20,158.914
2023-01-18 11:00:00+02:00,20,159.133
2023-01-18 12:00:00+02:00,20,156.491
2023-01-18 13:00:00+02:00,20,156.949
2023-01-18 14:00:00+02:00,20,162.267
2023-01-18 15:00:00+02:00,20,160.730
2023-01-18 16:00:00+02:00,20,155.050
2023-01-18 17:00:00+02:00,20,151.231
2023-01-18 18:00:00+02:00,20,154.933
2023-01-18 19:00:00+02:00,20,148.090
2023-01-18 20:00:00+02:00,20,151.976
2023-01-18 21:00:00+02:00,20,143.238
2023-01-18 22:00:00+02:00,20,153.712
2023-01-18 23:00:00+02:00,20,161.733
2023-01-19 00:00:00+02:00,20,169.074
2023-01-19 01:00:00+02:00,20,165.702
2023-01-19 02:00:00+02:00,20,255.849
2023-01-19 03:00:00+02:00,20,275.678
2023-01-19 04:00:00+02:00,20,324.549
2023-01-19 05:00:00+02:00,20,398.277
2023-01-19 06:00:00+02:00,20,445.139
2023-01-19 07:00:00+02:00,20,496.529
2023-01-19 08:00:00+02:00,20,379.441
2023-01-19 09:00:00+02:00,20,310.369
2023-01-19 10:00:00+02:00,20,225.722
2023-01-19 11:00:00+02:00,20,186.416
2023-01-19 12:00:00+02:00,20,169.399
2023-01-19 13:00:00+02:00,20,160.834
2023-01-19 14:00:00+02:00,20,171.796
2023-01-19 15:00:00+02:00,20,180.396
2023-01-19 16:00:00+02:00,20,202.436
2023-01-19 17:00:00+02:00,20,291.750
2023-01-19 18:00:00+02:00,20,369.267
2023-01-19 19:00:00+02:00,20,423.057
2023-01-19 20:00:00+02:00,20,476.580
2023-01-19 21:00:00+02:00,20,453.724
2023-01-19 22:00:00+02:00,20,421.458
2023-01-19 23:00:00+02:00,20,397.266
2023-01-20 00:00:00+02:00,20,465.639
2023-01-20 01:00:00+02:00,20,543.109
2023-01-20 02:00:00+02:00,20,616.190
2023-01-20 03:00:00+02:00,20,663.798
2023-01-20 04:00:00+02:00,20,549.103
2023-01-20 05:00:00+02:00,20,457.618
2023-01-20 06:00:00+02:00,20,354.412
2023-01-20 06:00:00+02:00,20,316.093
2023-01-20 07:00:00+02:00,20,991.429
2023-01-20 08:00:00+02:00,20,1680.861
2023-01-20 09:00:00+02:00,20,1765.406
2023-01-20 10:00:00+02:00,20,1577.789
2023-01-20 11:00:00+02:00,20,1585.130
2023-01-20 12:00:00+02:00,20,1608.302
2023-01-20 13:00:00+02:00,20,1378.714
2023-01-20 14:00:00+02:00,20,1032.337
2023-01-20 15:00:00+02:00,20,1081.335
2023-01-20 16:00:00+02:00,20,1208.579
2023-01-20 17:00:00+02:00,20,1311.336
2023-01-20 18:00:00+02:00,20,1651.776
2023-01-20 19:00:00+02:00,20,2324.118
2023-01-20 20:00:00+02:00,20,3885.413
2023-01-20 21:00:00+02:00,20,4794.691
2023-01-20 22:00:00+02:00,20,7087.997
2023-01-20 23:00:00+02:00,20,7679.311
2023-01-21 00:00:00+02:00,20,6597.890
2023-01-21 01:00:00+02:00,20,7227.895
2023-01-21 02:00:00+02:00,20,8114.123
2023-01-21 03:00:00+02:00,20,5207.833
2023-01-21 04:00:00+02:00,20,4416.116
2023-01-21 05:00:00+02:00,20,4951.564
2023-01-21 06:00:00+02:00,20,5631.566
2023-01-21 07:00:00+02:00,20,6159.061
2023-01-21 08:00:00+02:00,20,6731.783
2023-01-21 09:00:00+02:00,20,6624.850
2023-01-21 10:00:00+02:00,20,6579.070
2023-01-21 11:00:00+02:00,20,6095.925
2023-01-21 12:00:00+02:00,20,5607.121
2023-01-21 13:00:00+02:00,20,4621.949
2023-01-21 14:00:00+02:00,20,3260.097
2023-01-21 15:00:00+02:00,20,2254.260
2023-01-21 16:00:00+02:00,20,1772.289
2023-01-21 17:00:00+02:00,20,1565.108
2023-01-21 18:00:00+02:00,20,1787.641
2023-01-21 19:00:00+02:00,20,2405.782
2023-01-21 20:00:00+02:00,20,3950.762
2023-01-21 21:00:00+02:00,20,4843.924
2023-01-21 22:00:00+02:00,20,7141.300
2023-01-21 23:00:00+02:00,20,7768.165
2023-01-22 00:00:00+02:00,20,6779.262
2023-01-22 01:00:00+02:00,20,7465.269
2023-01-22 02:00:00+02:00,20,8394.093
2023-01-22 03:00:00+02:00,20,5596.803
2023-01-22 04:00:00+02:00,20,4859.320
2023-01-22 05:00:00+02:00,20,5361.683
2022-12-30 06:00:00+02:00,21,722.764
2022-12-30 07:00:00+02:00,21,621.762
2022-12-30 08:00:00+02:00,21,468.737
2022-12-30 09:00:00+02:00,21,390.247
2022-12-30 10:00:00+02:00,21,308.118
2022-12-30 11:00:00+02:00,21,365.503
2022-12-30 12:00:00+02:00,21,381.309
2022-12-30 13:00:00+02:00,21,325.981
2022-12-30 14:00:00+02:00,21,264.982
2022-12-30 15:00:00+02:00,21,237.860
2022-12-30 16:00:00+02:00,21,226.696
2022-12-30 17:00:00+02:00,21,223.519
2022-12-30 18:00:00+02:00,21,224.325
2022-12-30 19:00:00+02:00,21,225.442
2022-12-30 20:00:00+02:00,21,240.332
2022-12-30 21:00:00+02:00,21,265.927
2022-12-30 22:00:00+02:00,21,279.902
2022-12-30 23:00:00+02:00,21,296.718
2022-12-31 00:00:00+02:00,21,304.421
2022-12-31 01:00:00+02:00,21,317.149
2022-12-31 02:00:00+02:00,21,330.860
2022-12-31 03:00:00+02:00,21,358.937
2022-12-31 04:00:00+02:00,21,379.618
2022-12-31 05:00:00+02:00,21,394.746
2022-12-31 06:00:00+02:00,21,414.522
2022-12-31 07:00:00+02:00,21,424.348
2022-12-31 08:00:00+02:00,21,426.359
2022-12-31 09:00:00+02:00,21,416.750
2022-12-31 10:00:00+02:00,21,381.051
2022-12-31 11:00:00+02:00,21,358.134
2022-12-31 12:00:00+02:00,21,349.344
2022-12-31 13:00:00+02:00,21,346.061
2022-12-31 14:00:00+02:00,21,338.822
2022-12-31 15:00:00+02:00,21,331.083
2022-12-31 16:00:00+02:00,21,322.688
2022-12-31 17:00:00+02:00,21,312.503
2022-12-31 18:00:00+02:00,21,301.666
2022-12-31 19:00:00+02:00,21,290.235
2022-12-31 20:00:00+02:00,21,279.665
2022-12-31 21:00:00+02:00,21,269.832
2022-12-31 22:00:00+02:00,21,258.982
2022-12-31 23:00:00+02:00,21,245.802
2023-01-01 00:00:00+02:00,21,233.843
2023-01-01 01:00:00+02:00,21,223.795
2023-01-01 02:00:00+02:00,21,217.505
2023-01-01 03:00:00+02:00,21,212.851
2023-01-01 04:00:00+02:00,21,208.462
2023-01-01 05:00:00+02:00,21,208.169
2023-01-01 06:00:00+02:00,21,203.457
2023-01-01 07:00:00+02:00,21,195.838
2023-01-01 08:00:00+02:00,21,190.839
2023-01-01 09:00:00+02:00,21,188.516
2023-01-01 10:00:00+02:00,21,186.431
2023-01-01 11:00:00+02:00,21,184.463
2023-01-01 12:00:00+02:00,21,182.828
2023-01-01 13:00:00+02:00,21,181.463
2023-01-01 14:00:00+02:00,21,180.356
2023-01-01 15:00:00+02:00,21,180.037
2023-01-01 16:00:00+02:00,21,180.526
2023-01-01 17:00:00+02:00,21,181.461
2023-01-01 18:00:00+02:00,21,182.244
2023-01-01 19:00:00+02:00,21,182.810
2023-01-01 20:00:00+02:00,21,182.428
2023-01-01 21:00:00+02:00,21,180.550
2023-01-01 22:00:00+02:00,21,177.954
2023-01-01 23:00:00+02:00,21,174.342
2023-01-02 00:00:00+02:00,21,169.120
2023-01-02 01:00:00+02:00,21,163.287
2023-01-02 02:00:00+02:00,21,156.670
2023-01-02 03:00:00+02:00,21,149.499
2023-01-02 04:00:00+02:00,21,142.510
2023-01-02 05:00:00+02:00,21,135.773
2023-01-02 06:00:00+02:00,21,129.595
2023-01-02 07:00:00+02:00,21,123.399
2023-01-02 08:00:00+02:00,21,117.243
2023-01-02 09:00:00+02:00,21,111.969
2023-01-02 10:00:00+02:00,21,108.076
2023-01-02 11:00:00+02:00,21,104.612
2023-01-02 12:00:00+02:00,21,101.784
2023-01-02 13:00:00+02:00,21,99.384
2023-01-02 14:00:00+02:00,21,97.186
2023-01-02 15:00:00+02:00,21,95.123
2023-01-02 16:00:00+02:00,21,93.226
2023-01-02 17:00:00+02:00,21,91.565
2023-01-02 18:00:00+02:00,21,90.157
2023-01-02 19:00:00+02:00,21,88.740
2023-01-02 20:00:00+02:00,21,87.431
2023-01-02 21:00:00+02:00,21,86.121
2023-01-02 22:00:00+02:00,21,84.436
2023-01-02 23:00:00+02:00,21,82.195
2023-01-03 00:00:00+02:00,21,79.605
2023-01-03 01:00:00+02:00,21,76.522
2023-01-03 02:00:00+02:00,21,72.898
2023-01-03 03:00:00+02:00,21,68.703
2023-01-03 04:00:00+02:00,21,65.295
2023-01-03 05:00:00+02:00,21,62.717
2023-01-03 06:00:00+02:00,21,60.805
2023-01-03 07:00:00+02:00,21,60.584
2023-01-03 08:00:00+02:00,21,63.268
2023-01-03 09:00:00+02:00,21,67.036
2023-01-03 10:00:00+02:00,21,70.935
2023-01-03 11:00:00+02:00,21,76.484
2023-01-03 12:00:00+02:00,21,81.361
2023-01-03 13:00:00+02:00,21,83.120
2023-01-03 14:00:00+02:00,21,84.976
2023-01-03 15:00:00+02:00,21,87.105
2023-01-03 16:00:00+02:00,21,87.203
2023-01-03 17:00:00+02:00,21,85.432
2023-01-03 18:00:00+02:00,21,82.621
2023-01-03 19:00:00+02:00,21,79.842
2023-01-03 20:00:00+02:00,21,76.349
2023-01-03 21:00:00+02:00,21,76.277
2023-01-03 22:00:00+02:00,21,75.402
2023-01-03 23:00:00+02:00,21,73.054
2023-01-04 00:00:00+02:00,21,70.085
2023-01-04 01:00:00+02:00,21,67.093
2023-01-04 02:00:00+02:00,21,63.445
2023-01-04 03:00:00+02:00,21,60.062
2023-01-04 04:00:00+02:00,21,58.319
2023-01-04 05:00:00+02:00,21,57.551
2023-01-04 06:00:00+02:00,21,57.411
2023-01-04 07:00:00+02:00,21,58.497
2023-01-04 08:00:00+02:00,21,59.961
2023-01-04 09:00:00+02:00,21,62.385
2023-01-04 10:00:00+02:00,21,64.720
2023-01-04 11:00:00+02:00,21,66.837
2023-01-04 12:00:00+02:00,21,68.914
2023-01-04 13:00:00+02:00,21,69.552
2023-01-04 14:00:00+02:00,21,71.095
2023-01-04 15:00:00+02:00,21,71.501
2023-01-04 16:00:00+02:00,21,193.838
2023-01-04 17:00:00+02:00,21,247.588
2023-01-04 18:00:00+02:00,21,248.017
2023-01-04 19:00:00+02:00,21,243.110
2023-01-04 20:00:00+02:00,21,241.839
2023-01-04 21:00:00+02:00,21,239.126
2023-01-04 22:00:00+02:00,21,232.436
2023-01-04 23:00:00+02:00,21,233.702
2023-01-05 00:00:00+02:00,21,228.403
2023-01-05 01:00:00+02:00,21,223.102
2023-01-05 02:00:00+02:00,21,221.847
2023-01-05 03:00:00+02:00,21,224.021
2023-01-05 04:00:00+02:00,21,227.658
2023-01-05 05:00:00+02:00,21,229.879
2023-01-05 06:00:00+02:00,21,234.275
2023-01-05 07:00:00+02:00,21,273.177
2023-01-05 08:00:00+02:00,21,290.317
2023-01-05 09:00:00+02:00,21,333.229
2023-01-05 10:00:00+02:00,21,461.141
2023-01-05 11:00:00+02:00,21,567.195
2023-01-05 12:00:00+02:00,21,556.797
2023-01-05 13:00:00+02:00,21,500.739
2023-01-05 14:00:00+02:00,21,420.038
2023-01-05 15:00:00+02:00,21,368.103
2023-01-05 16:00:00+02:00,21,506.021
2023-01-05 17:00:00+02:00,21,1510.849
2023-01-05 18:00:00+02:00,21,3148.406
2023-01-05 19:00:00+02:00,21,4185.201
2023-01-05 20:00:00+02:00,21,5283.896
2023-01-05 21:00:00+02:00,21,7341.896
2023-01-05 22:00:00+02:00,21,8852.375
2023-01-05 23:00:00+02:00,21,9065.416
2023-01-06 00:00:00+02:00,21,7210.776
2023-01-06 01:00:00+02:00,21,4385.229
2023-01-06 02:00:00+02:00,21,2909.632
2023-01-06 03:00:00+02:00,21,2778.345
2023-01-06 04:00:00+02:00,21,2934.276
2023-01-06 05:00:00+02:00,21,2837.538
2023-01-06 06:00:00+02:00,21,2640.637
2023-01-06 07:00:00+02:00,21,2496.532
2023-01-06 08:00:00+02:00,21,2387.732
2023-01-06 09:00:00+02:00,21,2202.887
2023-01-06 10:00:00+02:00,21,2010.321
2023-01-06 11:00:00+02:00,21,1916.490
2023-01-06 12:00:00+02:00,21,2051.313
2023-01-06 13:00:00+02:00,21,2291.185
2023-01-06 14:00:00+02:00,21,2368.965
2023-01-06 15:00:00+02:00,21,2306.084
2023-01-06 16:00:00+02:00,21,2406.008
2023-01-06 17:00:00+02:00,21,2566.161
2023-01-06 18:00:00+02:00,21,2635.440
2023-01-06 19:00:00+02:00,21,2649.344
2023-01-06 20:00:00+02:00,21,2518.983
2023-01-06 21:00:00+02:00,21,2507.063
2023-01-06 22:00:00+02:00,21,2634.279
2023-01-06 23:00:00+02:00,21,2801.733
2023-01-07 00:00:00+02:00,21,3014.015
2023-01-07 01:00:00+02:00,21,3006.157
2023-01-07 02:00:00+02:00,21,2901.512
2023-01-07 03:00:00+02:00,21,2844.277
2023-01-07 04:00:00+02:00,21,2687.092
2023-01-07 05:00:00+02:00,21,2220.121
2023-01-07 06:00:00+02:00,21,1709.593
2023-01-07 07:00:00+02:00,21,1374.963
2023-01-07 08:00:00+02:00,21,1072.726
2023-01-07 09:00:00+02:00,21,825.197
2023-01-07 10:00:00+02:00,21,691.979
2023-01-07 11:00:00+02:00,21,609.120
2023-01-07 12:00:00+02:00,21,568.692
2023-01-07 13:00:00+02:00,21,554.316
2023-01-07 14:00:00+02:00,21,550.650
2023-01-07 15:00:00+02:00,21,550.109
2023-01-07 16:00:00+02:00,21,549.069
2023-01-07 17:00:00+02:00,21,550.703
2023-01-07 18:00:00+02:00,21,557.587
2023-01-07 19:00:00+02:00,21,570.030
2023-01-07 20:00:00+02:00,21,574.038
2023-01-07 21:00:00+02:00,21,586.337
2023-01-07 22:00:00+02:00,21,588.975
2023-01-07 23:00:00+02:00,21,595.981
2023-01-08 00:00:00+02:00,21,599.274
2023-01-08 01:00:00+02:00,21,626.969
2023-01-08 02:00:00+02:00,21,636.122
2023-01-08 03:00:00+02:00,21,643.980
2023-01-08 04:00:00+02:00,21,654.132
2023-01-08 05:00:00+02:00,21,660.262
2023-01-08 06:00:00+02:00,21,661.466
2023-01-08 07:00:00+02:00,21,670.871
2023-01-08 08:00:00+02:00,21,675.421
2023-01-08 09:00:00+02:00,21,666.203
2023-01-08 10:00:00+02:00,21,654.404
2023-01-08 11:00:00+02:00,21,644.194
2023-01-08 12:00:00+02:00,21,618.047
2023-01-08 13:00:00+02:00,21,596.977
2023-01-08 14:00:00+02:00,21,576.649
2023-01-08 15:00:00+02:00,21,556.412
2023-01-08 16:00:00+02:00,21,527.103
2023-01-08 17:00:00+02:00,21,496.230
2023-01-08 18:00:00+02:00,21,466.593
2023-01-08 19:00:00+02:00,21,440.748
2023-01-08 20:00:00+02:00,21,417.577
2023-01-08 21:00:00+02:00,21,401.232
2023-01-08 22:00:00+02:00,21,394.627
2023-01-08 23:00:00+02:00,21,402.090
2023-01-09 00:00:00+02:00,21,416.880
2023-01-09 01:00:00+02:00,21,435.031
2023-01-09 02:00:00+02:00,21,451.735
2023-01-09 03:00:00+02:00,21,464.476
2023-01-09 04:00:00+02:00,21,467.454
2023-01-09 05:00:00+02:00,21,458.262
2023-01-09 06:00:00+02:00,21,440.822
2023-01-09 07:00:00+02:00,21,412.804
2023-01-09 08:00:00+02:00,21,379.420
2023-01-09 09:00:00+02:00,21,346.531
2023-01-09 10:00:00+02:00,21,312.057
2023-01-09 11:00:00+02:00,21,280.005
2023-01-09 12:00:00+02:00,21,251.033
2023-01-09 13:00:00+02:00,21,219.550
2023-01-09 14:00:00+02:00,21,190.616
2023-01-09 15:00:00+02:00,21,167.959
2023-01-09 16:00:00+02:00,21,148.515
2023-01-09 17:00:00+02:00,21,124.191
2023-01-09 18:00:00+02:00,21,102.122
2023-01-09 19:00:00+02:00,21,84.909
2023-01-09 20:00:00+02:00,21,72.327
2023-01-09 21:00:00+02:00,21,63.467
2023-01-09 22:00:00+02:00,21,57.446
2023-01-09 23:00:00+02:00,21,51.894
2023-01-10 00:00:00+02:00,21,49.117
2023-01-10 01:00:00+02:00,21,49.167
2023-01-10 02:00:00+02:00,21,50.123
2023-01-10 03:00:00+02:00,21,51.425
2023-01-10 04:00:00+02:00,21,52.919
2023-01-10 05:00:00+02:00,21,55.005
2023-01-10 06:00:00+02:00,21,57.602
2023-01-10 07:00:00+02:00,21,61.718
2023-01-10 08:00:00+02:00,21,66.957
2023-01-10 09:00:00+02:00,21,71.946
2023-01-10 10:00:00+02:00,21,74.233
2023-01-10 11:00:00+02:00,21,75.128
2023-01-10 12:00:00+02:00,21,74.932
2023-01-10 13:00:00+02:00,21,74.288
2023-01-10 14:00:00+02:00,21,72.905
2023-01-10 15:00:00+02:00,21,70.081
2023-01-10 16:00:00+02:00,21,65.447
2023-01-10 17:00:00+02:00,21,59.919
2023-01-10 18:00:00+02:00,21,54.992
2023-01-10 19:00:00+02:00,21,50.145
2023-01-10 20:00:00+02:00,21,47.116
2023-01-10 21:00:00+02:00,21,44.902
2023-01-10 22:00:00+02:00,21,43.750
2023-01-10 23:00:00+02:00,21,43.623
2023-01-11 00:00:00+02:00,21,44.119
2023-01-11 01:00:00+02:00,21,45.633
2023-01-11 02:00:00+02:00,21,46.919
2023-01-11 03:00:00+02:00,21,46.924
2023-01-11 04:00:00+02:00,21,47.197
2023-01-11 05:00:00+02:00,21,48.168
2023-01-11 06:00:00+02:00,21,49.205
2023-01-11 07:00:00+02:00,21,49.948
2023-01-11 08:00:00+02:00,21,50.736
2023-01-11 09:00:00+02:00,21,52.703
2023-01-11 10:00:00+02:00,21,57.682
2023-01-11 11:00:00+02:00,21,61.598
2023-01-11 12:00:00+02:00,21,63.278
2023-01-11 13:00:00+02:00,21,65.161
2023-01-11 14:00:00+02:00,21,66.727
2023-01-11 15:00:00+02:00,21,67.683
2023-01-11 16:00:00+02:00,21,68.723
2023-01-11 17:00:00+02:00,21,70.157
2023-01-11 18:00:00+02:00,21,69.574
2023-01-11 19:00:00+02:00,21,67.120
2023-01-11 20:00:00+02:00,21,63.960
2023-01-11 21:00:00+02:00,21,61.171
2023-01-11 22:00:00+02:00,21,59.413
2023-01-11 23:00:00+02:00,21,58.961
2023-01-12 00:00:00+02:00,21,59.530
2023-01-12 01:00:00+02:00,21,60.380
2023-01-12 02:00:00+02:00,21,61.281
2023-01-12 03:00:00+02:00,21,63.263
2023-01-12 04:00:00+02:00,21,65.014
2023-01-12 05:00:00+02:00,21,65.980
2023-01-12 06:00:00+02:00,21,67.402
2023-01-12 07:00:00+02:00,21,68.509
2023-01-12 08:00:00+02:00,21,68.914
2023-01-12 09:00:00+02:00,21,68.502
2023-01-12 10:00:00+02:00,21,67.592
2023-01-12 11:00:00+02:00,21,66.590
2023-01-12 12:00:00+02:00,21,65.457
2023-01-12 13:00:00+02:00,21,64.037
2023-01-12 14:00:00+02:00,21,61.810
2023-01-12 15:00:00+02:00,21,58.062
2023-01-12 16:00:00+02:00,21,52.201
2023-01-12 17:00:00+02:00,21,46.504
2023-01-12 18:00:00+02:00,21,41.992
2023-01-12 19:00:00+02:00,21,38.688
2023-01-12 20:00:00+02:00,21,37.151
2023-01-12 21:00:00+02:00,21,36.896
2023-01-12 22:00:00+02:00,21,37.726
2023-01-12 23:00:00+02:00,21,39.495
2023-01-13 00:00:00+02:00,21,42.374
2023-01-13 01:00:00+02:00,21,45.056
2023-01-13 02:00:00+02:00,21,47.717
2023-01-13 03:00:00+02:00,21,51.941
2023-01-13 04:00:00+02:00,21,55.791
2023-01-13 05:00:00+02:00,21,58.068
2023-01-13 06:00:00+02:00,21,60.972
2023-01-13 07:00:00+02:00,21,64.345
2023-01-13 08:00:00+02:00,21,67.414
2023-01-13 09:00:00+02:00,21,70.652
2023-01-13 10:00:00+02:00,21,71.068
2023-01-13 11:00:00+02:00,21,70.596
2023-01-13 12:00:00+02:00,21,69.878
2023-01-13 13:00:00+02:00,21,68.783
2023-01-13 14:00:00+02:00,21,66.550
2023-01-13 15:00:00+02:00,21,62.533
2023-01-13 16:00:00+02:00,21,57.818
2023-01-13 17:00:00+02:00,21,52.011
2023-01-13 18:00:00+02:00,21,47.663
2023-01-13 19:00:00+02:00,21,44.329
2023-01-13 20:00:00+02:00,21,41.685
2023-01-13 21:00:00+02:00,21,39.938
2023-01-13 22:00:00+02:00,21,39.181
2023-01-13 23:00:00+02:00,21,38.869
2023-01-14 00:00:00+02:00,21,38.909
2023-01-14 01:00:00+02:00,21,38.453
2023-01-14 02:00:00+02:00,21,136.034
2023-01-14 03:00:00+02:00,21,206.580
2023-01-14 04:00:00+02:00,21,241.718
2023-01-14 05:00:00+02:00,21,266.583
2023-01-14 06:00:00+02:00,21,283.861
2023-01-14 07:00:00+02:00,21,293.415
2023-01-14 08:00:00+02:00,21,298.062
2023-01-14 09:00:00+02:00,21,305.310
2023-01-14 10:00:00+02:00,21,279.996
2023-01-14 11:00:00+02:00,21,256.118
2023-01-14 12:00:00+02:00,21,248.904
2023-01-14 13:00:00+02:00,21,234.141
2023-01-14 14:00:00+02:00,21,215.775
2023-01-14 15:00:00+02:00,21,201.574
2023-01-14 16:00:00+02:00,21,191.505
2023-01-14 17:00:00+02:00,21,180.542
2023-01-14 18:00:00+02:00,21,231.238
2023-01-14 19:00:00+02:00,21,348.172
2023-01-14 20:00:00+02:00,21,397.553
2023-01-14 21:00:00+02:00,21,419.421
2023-01-14 22:00:00+02:00,21,443.350
2023-01-14 23:00:00+02:00,21,452.011
2023-01-15 00:00:00+02:00,21,479.900
2023-01-15 01:00:00+02:00,21,489.309
2023-01-15 02:00:00+02:00,21,468.379
2023-01-15 03:00:00+02:00,21,463.480
2023-01-15 04:00:00+02:00,21,505.217
2023-01-15 05:00:00+02:00,21,580.494
2023-01-15 06:00:00+02:00,21,536.033
2023-01-15 07:00:00+02:00,21,382.801
2023-01-15 08:00:00+02:00,21,281.152
2023-01-15 09:00:00+02:00,21,235.855
2023-01-15 10:00:00+02:00,21,197.505
2023-01-15 11:00:00+02:00,21,164.322
2023-01-15 12:00:00+02:00,21,134.546
2023-01-15 13:00:00+02:00,21,114.486
2023-01-15 14:00:00+02:00,21,99.952
2023-01-15 15:00:00+02:00,21,93.738
2023-01-15 16:00:00+02:00,21,185.620
2023-01-15 17:00:00+02:00,21,301.147
2023-01-15 18:00:00+02:00,21,368.115
2023-01-15 19:00:00+02:00,21,395.825
2023-01-15 20:00:00+02:00,21,410.994
2023-01-15 21:00:00+02:00,21,413.049
2023-01-15 22:00:00+02:00,21,409.968
2023-01-15 23:00:00+02:00,21,410.348
2023-01-16 00:00:00+02:00,21,412.910
2023-01-16 01:00:00+02:00,21,417.645
2023-01-16 02:00:00+02:00,21,460.855
2023-01-16 03:00:00+02:00,21,477.960
2023-01-16 04:00:00+02:00,21,466.831
2023-01-16 05:00:00+02:00,21,455.688
2023-01-16 06:00:00+02:00,21,428.359
2023-01-16 07:00:00+02:00,21,383.119
2023-01-16 08:00:00+02:00,21,350.264
2023-01-16 09:00:00+02:00,21,333.998
2023-01-16 10:00:00+02:00,21,318.327
2023-01-16 11:00:00+02:00,21,302.990
2023-01-16 12:00:00+02:00,21,278.333
2023-01-16 13:00:00+02:00,21,249.666
2023-01-16 14:00:00+02:00,21,219.441
2023-01-16 15:00:00+02:00,21,192.333
2023-01-16 16:00:00+02:00,21,164.918
2023-01-16 17:00:00+02:00,21,131.956
2023-01-16 18:00:00+02:00,21,107.745
2023-01-16 19:00:00+02:00,21,90.749
2023-01-16 20:00:00+02:00,21,80.746
2023-01-16 21:00:00+02:00,21,75.085
2023-01-16 22:00:00+02:00,21,73.105
2023-01-16 23:00:00+02:00,21,72.632
2023-01-17 00:00:00+02:00,21,72.570
2023-01-17 01:00:00+02:00,21,72.358
2023-01-17 02:00:00+02:00,21,71.961
2023-01-17 03:00:00+02:00,21,71.607
2023-01-17 04:00:00+02:00,21,71.334
2023-01-17 05:00:00+02:00,21,70.531
2023-01-17 06:00:00+02:00,21,69.961
2023-01-17 07:00:00+02:00,21,69.760
2023-01-17 08:00:00+02:00,21,69.915
2023-01-17 09:00:00+02:00,21,69.587
2023-01-17 10:00:00+02:00,21,69.021
2023-01-17 11:00:00+02:00,21,67.833
2023-01-17 12:00:00+02:00,21,66.294
2023-01-17 13:00:00+02:00,21,64.362
2023-01-17 14:00:00+02:00,21,61.572
2023-01-17 15:00:00+02:00,21,57.747
2023-01-17 16:00:00+02:00,21,53.110
2023-01-17 17:00:00+02:00,21,48.954
2023-01-17 18:00:00+02:00,21,45.131
2023-01-17 19:00:00+02:00,21,42.655
2023-01-17 20:00:00+02:00,21,41.149
2023-01-17 21:00:00+02:00,21,40.574
2023-01-17 22:00:00+02:00,21,41.174
2023-01-17 23:00:00+02:00,21,42.374
2023-01-18 00:00:00+02:00,21,44.016
2023-01-18 01:00:00+02:00,21,45.674
2023-01-18 02:00:00+02:00,21,47.543
2023-01-18 03:00:00+02:00,21,50.591
2023-01-18 04:00:00+02:00,21,52.674
2023-01-18 05:00:00+02:00,21,53.927
2023-01-18 06:00:00+02:00,21,55.961
2023-01-18 07:00:00+02:00,21,59.614
2023-01-18 08:00:00+02:00,21,63.672
2023-01-18 09:00:00+02:00,21,66.131
2023-01-18 10:00:00+02:00,21,68.961
2023-01-18 11:00:00+02:00,21,70.718
2023-01-18 12:00:00+02:00,21,71.265
2023-01-18 13:00:00+02:00,21,70.182
2023-01-18 14:00:00+02:00,21,67.807
2023-01-18 15:00:00+02:00,21,64.484
2023-01-18 16:00:00+02:00,21,60.491
2023-01-18 17:00:00+02:00,21,56.325
2023-01-18 18:00:00+02:00,21,52.627
2023-01-18 19:00:00+02:00,21,49.138
2023-01-18 20:00:00+02:00,21,46.545
2023-01-18 21:00:00+02:00,21,44.530
2023-01-18 22:00:00+02:00,21,43.381
2023-01-18 23:00:00+02:00,21,42.765
2023-01-19 00:00:00+02:00,21,42.618
2023-01-19 01:00:00+02:00,21,43.115
2023-01-19 02:00:00+02:00,21,42.330
2023-01-19 03:00:00+02:00,21,151.571
2023-01-19 04:00:00+02:00,21,188.333
2023-01-19 05:00:00+02:00,21,200.762
2023-01-19 06:00:00+02:00,21,230.157
2023-01-19 07:00:00+02:00,21,208.657
2023-01-19 08:00:00+02:00,21,143.395
2023-01-19 09:00:00+02:00,21,106.737
2023-01-19 10:00:00+02:00,21,80.660
2023-01-19 11:00:00+02:00,21,69.619
2023-01-19 12:00:00+02:00,21,64.679
2023-01-19 13:00:00+02:00,21,62.030
2023-01-19 14:00:00+02:00,21,60.577
2023-01-19 15:00:00+02:00,21,59.791
2023-01-19 16:00:00+02:00,21,59.331
2023-01-19 17:00:00+02:00,21,78.328
2023-01-19 18:00:00+02:00,21,103.320
2023-01-19 19:00:00+02:00,21,147.068
2023-01-19 20:00:00+02:00,21,181.999
2023-01-19 21:00:00+02:00,21,264.406
2023-01-19 22:00:00+02:00,21,320.005
2023-01-19 23:00:00+02:00,21,346.737
2023-01-20 00:00:00+02:00,21,313.515
2023-01-20 01:00:00+02:00,21,299.437
2023-01-20 02:00:00+02:00,21,307.032
2023-01-20 03:00:00+02:00,21,331.831
2023-01-20 04:00:00+02:00,21,430.259
2023-01-20 05:00:00+02:00,21,451.556
2023-01-20 06:00:00+02:00,21,410.820
2023-01-20 06:00:00+02:00,21,361.347
2023-01-20 07:00:00+02:00,21,404.765
2023-01-20 08:00:00+02:00,21,444.562
2023-01-20 09:00:00+02:00,21,869.574
2023-01-20 10:00:00+02:00,21,1181.801
2023-01-20 11:00:00+02:00,21,1320.838
2023-01-20 12:00:00+02:00,21,1406.125
2023-01-20 13:00:00+02:00,21,1415.794
2023-01-20 14:00:00+02:00,21,1225.550
2023-01-20 15:00:00+02:00,21,1095.176
2023-01-20 16:00:00+02:00,21,1142.311
2023-01-20 17:00:00+02:00,21,1231.718
2023-01-20 18:00:00+02:00,21,1396.490
2023-01-20 19:00:00+02:00,21,1710.637
2023-01-20 20:00:00+02:00,21,2036.148
2023-01-20 21:00:00+02:00,21,2711.829
2023-01-20 22:00:00+02:00,21,2599.502
2023-01-20 23:00:00+02:00,21,2246.379
2023-01-21 00:00:00+02:00,21,1808.977
2023-01-21 01:00:00+02:00,21,1640.329
2023-01-21 02:00:00+02:00,21,1534.255
2023-01-21 03:00:00+02:00,21,1397.802
2023-01-21 04:00:00+02:00,21,1337.944
2023-01-21 05:00:00+02:00,21,1835.845
2023-01-21 06:00:00+02:00,21,2723.924
2023-01-21 07:00:00+02:00,21,3181.407
2023-01-21 08:00:00+02:00,21,3284.349
2023-01-21 09:00:00+02:00,21,4371.500
2023-01-21 10:00:00+02:00,21,4929.198
2023-01-21 11:00:00+02:00,21,5398.331
2023-01-21 12:00:00+02:00,21,5478.211
2023-01-21 13:00:00+02:00,21,5176.127
2023-01-21 14:00:00+02:00,21,4218.309
2023-01-21 15:00:00+02:00,21,2959.535
2023-01-21 16:00:00+02:00,21,2176.715
2023-01-21 17:00:00+02:00,21,1763.654
2023-01-21 18:00:00+02:00,21,1711.109
2023-01-21 19:00:00+02:00,21,1915.391
2023-01-21 20:00:00+02:00,21,2205.321
2023-01-21 21:00:00+02:00,21,2844.136
2023-01-21 22:00:00+02:00,21,2738.625
2023-01-21 23:00:00+02:00,21,2447.025
2023-01-22 00:00:00+02:00,21,2150.808
2023-01-22 01:00:00+02:00,21,2058.254
2023-01-22 02:00:00+02:00,21,2006.262
2023-01-22 03:00:00+02:00,21,2001.833
2023-01-22 04:00:00+02:00,21,2001.592
2023-01-22 05:00:00+02:00,21,2449.920
2022-12-30 06:00:00+02:00,22,751.427
2022-12-30 07:00:00+02:00,22,705.741
2022-12-30 08:00:00+02:00,22,607.458
2022-12-30 09:00:00+02:00,22,524.377
2022-12-30 10:00:00+02:00,22,417.386
2022-12-30 11:00:00+02:00,22,363.949
2022-12-30 12:00:00+02:00,22,372.224
2022-12-30 13:00:00+02:00,22,356.099
2022-12-30 14:00:00+02:00,22,314.221
2022-12-30 15:00:00+02:00,22,280.421
2022-12-30 16:00:00+02:00,22,255.314
2022-12-30 17:00:00+02:00,22,238.872
2022-12-30 18:00:00+02:00,22,229.098
2022-12-30 19:00:00+02:00,22,224.118
2022-12-30 20:00:00+02:00,22,221.415
2022-12-30 21:00:00+02:00,22,226.217
2022-12-30 22:00:00+02:00,22,230.641
2022-12-30 23:00:00+02:00,22,237.981
2022-12-31 00:00:00+02:00,22,239.907
2022-12-31 01:00:00+02:00,22,243.128
2022-12-31 02:00:00+02:00,22,246.574
2022-12-31 03:00:00+02:00,22,259.072
2022-12-31 04:00:00+02:00,22,272.239
2022-12-31 05:00:00+02:00,22,283.782
2022-12-31 06:00:00+02:00,22,304.578
2022-12-31 07:00:00+02:00,22,325.176
2022-12-31 08:00:00+02:00,22,340.014
2022-12-31 09:00:00+02:00,22,363.810
2022-12-31 10:00:00+02:00,22,372.012
2022-12-31 11:00:00+02:00,22,364.383
2022-12-31 12:00:00+02:00,22,355.555
2022-12-31 13:00:00+02:00,22,347.898
2022-12-31 14:00:00+02:00,22,335.862
2022-12-31 15:00:00+02:00,22,324.334
2022-12-31 16:00:00+02:00,22,312.219
2022-12-31 17:00:00+02:00,22,297.797
2022-12-31 18:00:00+02:00,22,284.492
2022-12-31 19:00:00+02:00,22,271.945
2022-12-31 20:00:00+02:00,22,261.442
2022-12-31 21:00:00+02:00,22,252.270
2022-12-31 22:00:00+02:00,22,242.805
2022-12-31 23:00:00+02:00,22,232.653
2023-01-01 00:00:00+02:00,22,224.330
2023-01-01 01:00:00+02:00,22,217.598
2023-01-01 02:00:00+02:00,22,212.584
2023-01-01 03:00:00+02:00,22,208.156
2023-01-01 04:00:00+02:00,22,203.864
2023-01-01 05:00:00+02:00,22,199.716
2023-01-01 06:00:00+02:00,22,195.541
2023-01-01 07:00:00+02:00,22,192.027
2023-01-01 08:00:00+02:00,22,191.723
2023-01-01 09:00:00+02:00,22,192.407
2023-01-01 10:00:00+02:00,22,191.365
2023-01-01 11:00:00+02:00,22,189.909
2023-01-01 12:00:00+02:00,22,188.602
2023-01-01 13:00:00+02:00,22,187.491
2023-01-01 14:00:00+02:00,22,186.627
2023-01-01 15:00:00+02:00,22,186.596
2023-01-01 16:00:00+02:00,22,187.270
2023-01-01 17:00:00+02:00,22,188.034
2023-01-01 18:00:00+02:00,22,188.200
2023-01-01 19:00:00+02:00,22,187.704
2023-01-01 20:00:00+02:00,22,185.953
2023-01-01 21:00:00+02:00,22,182.815
2023-01-01 22:00:00+02:00,22,178.813
2023-01-01 23:00:00+02:00,22,173.629
2023-01-02 00:00:00+02:00,22,166.534
2023-01-02 01:00:00+02:00,22,159.430
2023-01-02 02:00:00+02:00,22,151.839
2023-01-02 03:00:00+02:00,22,144.120
2023-01-02 04:00:00+02:00,22,137.001
2023-01-02 05:00:00+02:00,22,130.440
2023-01-02 06:00:00+02:00,22,124.667
2023-01-02 07:00:00+02:00,22,119.159
2023-01-02 08:00:00+02:00,22,113.945
2023-01-02 09:00:00+02:00,22,109.479
2023-01-02 10:00:00+02:00,22,106.100
2023-01-02 11:00:00+02:00,22,103.215
2023-01-02 12:00:00+02:00,22,100.868
2023-01-02 13:00:00+02:00,22,98.791
2023-01-02 14:00:00+02:00,22,96.861
2023-01-02 15:00:00+02:00,22,95.125
2023-01-02 16:00:00+02:00,22,93.580
2023-01-02 17:00:00+02:00,22,92.348
2023-01-02 18:00:00+02:00,22,91.252
2023-01-02 19:00:00+02:00,22,89.881
2023-01-02 20:00:00+02:00,22,88.418
2023-01-02 21:00:00+02:00,22,86.617
2023-01-02 22:00:00+02:00,22,84.213
2023-01-02 23:00:00+02:00,22,80.982
2023-01-03 00:00:00+02:00,22,77.652
2023-01-03 01:00:00+02:00,22,73.972
2023-01-03 02:00:00+02:00,22,70.064
2023-01-03 03:00:00+02:00,22,66.028
2023-01-03 04:00:00+02:00,22,63.124
2023-01-03 05:00:00+02:00,22,61.304
2023-01-03 06:00:00+02:00,22,60.744
2023-01-03 07:00:00+02:00,22,62.632
2023-01-03 08:00:00+02:00,22,67.527
2023-01-03 09:00:00+02:00,22,72.642
2023-01-03 10:00:00+02:00,22,77.352
2023-01-03 11:00:00+02:00,22,83.340
2023-01-03 12:00:00+02:00,22,87.742
2023-01-03 13:00:00+02:00,22,88.794
2023-01-03 14:00:00+02:00,22,89.663
2023-01-03 15:00:00+02:00,22,90.141
2023-01-03 16:00:00+02:00,22,88.295
2023-01-03 17:00:00+02:00,22,84.442
2023-01-03 18:00:00+02:00,22,80.463
2023-01-03 19:00:00+02:00,22,77.234
2023-01-03 20:00:00+02:00,22,76.140
2023-01-03 21:00:00+02:00,22,77.892
2023-01-03 22:00:00+02:00,22,75.575
2023-01-03 23:00:00+02:00,22,71.083
2023-01-04 00:00:00+02:00,22,67.168
2023-01-04 01:00:00+02:00,22,63.919
2023-01-04 02:00:00+02:00,22,60.763
2023-01-04 03:00:00+02:00,22,58.880
2023-01-04 04:00:00+02:00,22,58.224
2023-01-04 05:00:00+02:00,22,58.625
2023-01-04 06:00:00+02:00,22,59.393
2023-01-04 07:00:00+02:00,22,61.672
2023-01-04 08:00:00+02:00,22,63.991
2023-01-04 09:00:00+02:00,22,67.152
2023-01-04 10:00:00+02:00,22,69.868
2023-01-04 11:00:00+02:00,22,72.119
2023-01-04 12:00:00+02:00,22,74.164
2023-01-04 13:00:00+02:00,22,74.663
2023-01-04 14:00:00+02:00,22,76.006
2023-01-04 15:00:00+02:00,22,76.204
2023-01-04 16:00:00+02:00,22,117.322
2023-01-04 17:00:00+02:00,22,200.192
2023-01-04 18:00:00+02:00,22,232.454
2023-01-04 19:00:00+02:00,22,237.840
2023-01-04 20:00:00+02:00,22,237.251
2023-01-04 21:00:00+02:00,22,236.387
2023-01-04 22:00:00+02:00,22,232.761
2023-01-04 23:00:00+02:00,22,229.252
2023-01-05 00:00:00+02:00,22,228.458
2023-01-05 01:00:00+02:00,22,223.169
2023-01-05 02:00:00+02:00,22,219.630
2023-01-05 03:00:00+02:00,22,218.117
2023-01-05 04:00:00+02:00,22,218.974
2023-01-05 05:00:00+02:00,22,220.791
2023-01-05 06:00:00+02:00,22,219.034
2023-01-05 07:00:00+02:00,22,232.438
2023-01-05 08:00:00+02:00,22,247.401
2023-01-05 09:00:00+02:00,22,254.196
2023-01-05 10:00:00+02:00,22,297.961
2023-01-05 11:00:00+02:00,22,402.225
2023-01-05 12:00:00+02:00,22,472.165
2023-01-05 13:00:00+02:00,22,486.777
2023-01-05 14:00:00+02:00,22,465.106
2023-01-05 15:00:00+02:00,22,420.071
2023-01-05 16:00:00+02:00,22,415.129
2023-01-05 17:00:00+02:00,22,631.662
2023-01-05 18:00:00+02:00,22,1236.407
2023-01-05 19:00:00+02:00,22,1629.048
2023-01-05 20:00:00+02:00,22,2021.912
2023-01-05 21:00:00+02:00,22,3086.064
2023-01-05 22:00:00+02:00,22,4596.030
2023-01-05 23:00:00+02:00,22,6718.132
2023-01-06 00:00:00+02:00,22,7403.980
2023-01-06 01:00:00+02:00,22,5871.308
2023-01-06 02:00:00+02:00,22,4009.233
2023-01-06 03:00:00+02:00,22,3053.064
2023-01-06 04:00:00+02:00,22,2892.235
2023-01-06 05:00:00+02:00,22,2858.374
2023-01-06 06:00:00+02:00,22,2722.645
2023-01-06 07:00:00+02:00,22,2563.743
2023-01-06 08:00:00+02:00,22,2435.982
2023-01-06 09:00:00+02:00,22,2295.140
2023-01-06 10:00:00+02:00,22,2114.667
2023-01-06 11:00:00+02:00,22,1967.781
2023-01-06 12:00:00+02:00,22,1956.940
2023-01-06 13:00:00+02:00,22,2108.067
2023-01-06 14:00:00+02:00,22,2261.267
2023-01-06 15:00:00+02:00,22,2289.511
2023-01-06 16:00:00+02:00,22,2287.699
2023-01-06 17:00:00+02:00,22,2373.104
2023-01-06 18:00:00+02:00,22,2501.821
2023-01-06 19:00:00+02:00,22,2550.732
2023-01-06 20:00:00+02:00,22,2542.649
2023-01-06 21:00:00+02:00,22,2481.395
2023-01-06 22:00:00+02:00,22,2472.762
2023-01-06 23:00:00+02:00,22,2495.842
2023-01-07 00:00:00+02:00,22,2639.290
2023-01-07 01:00:00+02:00,22,2762.550
2023-01-07 02:00:00+02:00,22,2797.570
2023-01-07 03:00:00+02:00,22,2767.112
2023-01-07 04:00:00+02:00,22,2728.894
2023-01-07 05:00:00+02:00,22,2526.247
2023-01-07 06:00:00+02:00,22,2163.851
2023-01-07 07:00:00+02:00,22,1846.276
2023-01-07 08:00:00+02:00,22,1492.858
2023-01-07 09:00:00+02:00,22,1133.063
2023-01-07 10:00:00+02:00,22,893.692
2023-01-07 11:00:00+02:00,22,720.903
2023-01-07 12:00:00+02:00,22,624.208
2023-01-07 13:00:00+02:00,22,577.430
2023-01-07 14:00:00+02:00,22,554.744
2023-01-07 15:00:00+02:00,22,544.475
2023-01-07 16:00:00+02:00,22,539.857
2023-01-07 17:00:00+02:00,22,534.471
2023-01-07 18:00:00+02:00,22,531.101
2023-01-07 19:00:00+02:00,22,534.896
2023-01-07 20:00:00+02:00,22,533.489
2023-01-07 21:00:00+02:00,22,538.544
2023-01-07 22:00:00+02:00,22,536.470
2023-01-07 23:00:00+02:00,22,535.033
2023-01-08 00:00:00+02:00,22,530.744
2023-01-08 01:00:00+02:00,22,542.272
2023-01-08 02:00:00+02:00,22,547.880
2023-01-08 03:00:00+02:00,22,552.797
2023-01-08 04:00:00+02:00,22,561.252
2023-01-08 05:00:00+02:00,22,568.210
2023-01-08 06:00:00+02:00,22,569.147
2023-01-08 07:00:00+02:00,22,577.911
2023-01-08 08:00:00+02:00,22,596.942
2023-01-08 09:00:00+02:00,22,602.933
2023-01-08 10:00:00+02:00,22,607.796
2023-01-08 11:00:00+02:00,22,601.190
2023-01-08 12:00:00+02:00,22,571.424
2023-01-08 13:00:00+02:00,22,549.607
2023-01-08 14:00:00+02:00,22,529.365
2023-01-08 15:00:00+02:00,22,509.877
2023-01-08 16:00:00+02:00,22,483.142
2023-01-08 17:00:00+02:00,22,457.807
2023-01-08 18:00:00+02:00,22,435.791
2023-01-08 19:00:00+02:00,22,418.026
2023-01-08 20:00:00+02:00,22,404.028
2023-01-08 21:00:00+02:00,22,396.628
2023-01-08 22:00:00+02:00,22,401.759
2023-01-08 23:00:00+02:00,22,419.577
2023-01-09 00:00:00+02:00,22,440.594
2023-01-09 01:00:00+02:00,22,460.748
2023-01-09 02:00:00+02:00,22,474.964
2023-01-09 03:00:00+02:00,22,480.655
2023-01-09 04:00:00+02:00,22,473.045
2023-01-09 05:00:00+02:00,22,453.614
2023-01-09 06:00:00+02:00,22,427.662
2023-01-09 07:00:00+02:00,22,391.158
2023-01-09 08:00:00+02:00,22,352.053
2023-01-09 09:00:00+02:00,22,316.119
2023-01-09 10:00:00+02:00,22,280.211
2023-01-09 11:00:00+02:00,22,248.161
2023-01-09 12:00:00+02:00,22,220.087
2023-01-09 13:00:00+02:00,22,190.335
2023-01-09 14:00:00+02:00,22,163.643
2023-01-09 15:00:00+02:00,22,143.163
2023-01-09 16:00:00+02:00,22,125.928
2023-01-09 17:00:00+02:00,22,104.910
2023-01-09 18:00:00+02:00,22,86.273
2023-01-09 19:00:00+02:00,22,72.109
2023-01-09 20:00:00+02:00,22,62.265
2023-01-09 21:00:00+02:00,22,55.846
2023-01-09 22:00:00+02:00,22,51.917
2023-01-09 23:00:00+02:00,22,49.244
2023-01-10 00:00:00+02:00,22,49.021
2023-01-10 01:00:00+02:00,22,50.673
2023-01-10 02:00:00+02:00,22,52.556
2023-01-10 03:00:00+02:00,22,54.669
2023-01-10 04:00:00+02:00,22,56.896
2023-01-10 05:00:00+02:00,22,59.729
2023-01-10 06:00:00+02:00,22,62.950
2023-01-10 07:00:00+02:00,22,67.513
2023-01-10 08:00:00+02:00,22,72.521
2023-01-10 09:00:00+02:00,22,76.418
2023-01-10 10:00:00+02:00,22,77.549
2023-01-10 11:00:00+02:00,22,77.426
2023-01-10 12:00:00+02:00,22,76.444
2023-01-10 13:00:00+02:00,22,74.948
2023-01-10 14:00:00+02:00,22,72.545
2023-01-10 15:00:00+02:00,22,68.237
2023-01-10 16:00:00+02:00,22,62.246
2023-01-10 17:00:00+02:00,22,56.134
2023-01-10 18:00:00+02:00,22,51.400
2023-01-10 19:00:00+02:00,22,47.424
2023-01-10 20:00:00+02:00,22,45.264
2023-01-10 21:00:00+02:00,22,44.149
2023-01-10 22:00:00+02:00,22,43.904
2023-01-10 23:00:00+02:00,22,44.930
2023-01-11 00:00:00+02:00,22,46.106
2023-01-11 01:00:00+02:00,22,48.239
2023-01-11 02:00:00+02:00,22,49.825
2023-01-11 03:00:00+02:00,22,49.912
2023-01-11 04:00:00+02:00,22,50.378
2023-01-11 05:00:00+02:00,22,51.885
2023-01-11 06:00:00+02:00,22,53.492
2023-01-11 07:00:00+02:00,22,54.620
2023-01-11 08:00:00+02:00,22,55.732
2023-01-11 09:00:00+02:00,22,58.193
2023-01-11 10:00:00+02:00,22,63.528
2023-01-11 11:00:00+02:00,22,66.732
2023-01-11 12:00:00+02:00,22,67.718
2023-01-11 13:00:00+02:00,22,68.986
2023-01-11 14:00:00+02:00,22,70.158
2023-01-11 15:00:00+02:00,22,70.772
2023-01-11 16:00:00+02:00,22,71.350
2023-01-11 17:00:00+02:00,22,71.623
2023-01-11 18:00:00+02:00,22,69.380
2023-01-11 19:00:00+02:00,22,65.903
2023-01-11 20:00:00+02:00,22,62.621
2023-01-11 21:00:00+02:00,22,60.377
2023-01-11 22:00:00+02:00,22,59.477
2023-01-11 23:00:00+02:00,22,59.964
2023-01-12 00:00:00+02:00,22,61.191
2023-01-12 01:00:00+02:00,22,62.433
2023-01-12 02:00:00+02:00,22,63.613
2023-01-12 03:00:00+02:00,22,65.816
2023-01-12 04:00:00+02:00,22,67.387
2023-01-12 05:00:00+02:00,22,68.164
2023-01-12 06:00:00+02:00,22,69.507
2023-01-12 07:00:00+02:00,22,70.348
2023-01-12 08:00:00+02:00,22,70.315
2023-01-12 09:00:00+02:00,22,69.489
2023-01-12 10:00:00+02:00,22,68.292
2023-01-12 11:00:00+02:00,22,67.038
2023-01-12 12:00:00+02:00,22,65.593
2023-01-12 13:00:00+02:00,22,63.681
2023-01-12 14:00:00+02:00,22,60.446
2023-01-12 15:00:00+02:00,22,55.389
2023-01-12 16:00:00+02:00,22,48.531
2023-01-12 17:00:00+02:00,22,42.894
2023-01-12 18:00:00+02:00,22,39.213
2023-01-12 19:00:00+02:00,22,37.298
2023-01-12 20:00:00+02:00,22,37.016
2023-01-12 21:00:00+02:00,22,38.020
2023-01-12 22:00:00+02:00,22,39.859
2023-01-12 23:00:00+02:00,22,42.401
2023-01-13 00:00:00+02:00,22,45.768
2023-01-13 01:00:00+02:00,22,48.537
2023-01-13 02:00:00+02:00,22,51.211
2023-01-13 03:00:00+02:00,22,55.433
2023-01-13 04:00:00+02:00,22,59.149
2023-01-13 05:00:00+02:00,22,61.519
2023-01-13 06:00:00+02:00,22,64.832
2023-01-13 07:00:00+02:00,22,68.469
2023-01-13 08:00:00+02:00,22,71.319
2023-01-13 09:00:00+02:00,22,73.604
2023-01-13 10:00:00+02:00,22,73.135
2023-01-13 11:00:00+02:00,22,71.991
2023-01-13 12:00:00+02:00,22,70.638
2023-01-13 13:00:00+02:00,22,68.710
2023-01-13 14:00:00+02:00,22,65.088
2023-01-13 15:00:00+02:00,22,59.541
2023-01-13 16:00:00+02:00,22,54.053
2023-01-13 17:00:00+02:00,22,48.212
2023-01-13 18:00:00+02:00,22,44.340
2023-01-13 19:00:00+02:00,22,41.743
2023-01-13 20:00:00+02:00,22,40.132
2023-01-13 21:00:00+02:00,22,39.649
2023-01-13 22:00:00+02:00,22,39.648
2023-01-13 23:00:00+02:00,22,39.996
2023-01-14 00:00:00+02:00,22,40.686
2023-01-14 01:00:00+02:00,22,40.415
2023-01-14 02:00:00+02:00,22,61.691
2023-01-14 03:00:00+02:00,22,113.126
2023-01-14 04:00:00+02:00,22,154.176
2023-01-14 05:00:00+02:00,22,189.320
2023-01-14 06:00:00+02:00,22,218.972
2023-01-14 07:00:00+02:00,22,231.792
2023-01-14 08:00:00+02:00,22,233.707
2023-01-14 09:00:00+02:00,22,234.492
2023-01-14 10:00:00+02:00,22,212.969
2023-01-14 11:00:00+02:00,22,193.351
2023-01-14 12:00:00+02:00,22,187.788
2023-01-14 13:00:00+02:00,22,176.225
2023-01-14 14:00:00+02:00,22,162.293
2023-01-14 15:00:00+02:00,22,151.928
2023-01-14 16:00:00+02:00,22,144.708
2023-01-14 17:00:00+02:00,22,137.047
2023-01-14 18:00:00+02:00,22,141.443
2023-01-14 19:00:00+02:00,22,179.954
2023-01-14 20:00:00+02:00,22,212.149
2023-01-14 21:00:00+02:00,22,229.830
2023-01-14 22:00:00+02:00,22,249.517
2023-01-14 23:00:00+02:00,22,256.973
2023-01-15 00:00:00+02:00,22,278.001
2023-01-15 01:00:00+02:00,22,285.965
2023-01-15 02:00:00+02:00,22,273.952
2023-01-15 03:00:00+02:00,22,270.416
2023-01-15 04:00:00+02:00,22,288.449
2023-01-15 05:00:00+02:00,22,349.437
2023-01-15 06:00:00+02:00,22,322.479
2023-01-15 07:00:00+02:00,22,235.476
2023-01-15 08:00:00+02:00,22,183.998
2023-01-15 09:00:00+02:00,22,161.418
2023-01-15 10:00:00+02:00,22,141.830
2023-01-15 11:00:00+02:00,22,123.824
2023-01-15 12:00:00+02:00,22,106.055
2023-01-15 13:00:00+02:00,22,92.791
2023-01-15 14:00:00+02:00,22,82.708
2023-01-15 15:00:00+02:00,22,78.238
2023-01-15 16:00:00+02:00,22,99.470
2023-01-15 17:00:00+02:00,22,180.118
2023-01-15 18:00:00+02:00,22,270.776
2023-01-15 19:00:00+02:00,22,321.811
2023-01-15 20:00:00+02:00,22,356.232
2023-01-15 21:00:00+02:00,22,380.065
2023-01-15 22:00:00+02:00,22,385.498
2023-01-15 23:00:00+02:00,22,386.675
2023-01-16 00:00:00+02:00,22,385.092
2023-01-16 01:00:00+02:00,22,382.531
2023-01-16 02:00:00+02:00,22,396.100
2023-01-16 03:00:00+02:00,22,426.368
2023-01-16 04:00:00+02:00,22,428.988
2023-01-16 05:00:00+02:00,22,418.276
2023-01-16 06:00:00+02:00,22,389.499
2023-01-16 07:00:00+02:00,22,347.157
2023-01-16 08:00:00+02:00,22,317.377
2023-01-16 09:00:00+02:00,22,302.319
2023-01-16 10:00:00+02:00,22,287.624
2023-01-16 11:00:00+02:00,22,273.107
2023-01-16 12:00:00+02:00,22,249.309
2023-01-16 13:00:00+02:00,22,221.420
2023-01-16 14:00:00+02:00,22,191.937
2023-01-16 15:00:00+02:00,22,166.093
2023-01-16 16:00:00+02:00,22,141.150
2023-01-16 17:00:00+02:00,22,113.257
2023-01-16 18:00:00+02:00,22,94.386
2023-01-16 19:00:00+02:00,22,82.463
2023-01-16 20:00:00+02:00,22,76.400
2023-01-16 21:00:00+02:00,22,73.865
2023-01-16 22:00:00+02:00,22,73.537
2023-01-16 23:00:00+02:00,22,73.608
2023-01-17 00:00:00+02:00,22,73.709
2023-01-17 01:00:00+02:00,22,73.476
2023-01-17 02:00:00+02:00,22,73.057
2023-01-17 03:00:00+02:00,22,72.730
2023-01-17 04:00:00+02:00,22,72.457
2023-01-17 05:00:00+02:00,22,71.625
2023-01-17 06:00:00+02:00,22,71.177
2023-01-17 07:00:00+02:00,22,71.215
2023-01-17 08:00:00+02:00,22,71.321
2023-01-17 09:00:00+02:00,22,70.634
2023-01-17 10:00:00+02:00,22,69.537
2023-01-17 11:00:00+02:00,22,67.835
2023-01-17 12:00:00+02:00,22,65.911
2023-01-17 13:00:00+02:00,22,63.580
2023-01-17 14:00:00+02:00,22,60.031
2023-01-17 15:00:00+02:00,22,55.259
2023-01-17 16:00:00+02:00,22,50.171
2023-01-17 17:00:00+02:00,22,46.217
2023-01-17 18:00:00+02:00,22,43.154
2023-01-17 19:00:00+02:00,22,41.521
2023-01-17 20:00:00+02:00,22,40.858
2023-01-17 21:00:00+02:00,22,41.350
2023-01-17 22:00:00+02:00,22,42.789
2023-01-17 23:00:00+02:00,22,44.448
2023-01-18 00:00:00+02:00,22,46.450
2023-01-18 01:00:00+02:00,22,48.413
2023-01-18 02:00:00+02:00,22,50.629
2023-01-18 03:00:00+02:00,22,54.120
2023-01-18 04:00:00+02:00,22,56.392
2023-01-18 05:00:00+02:00,22,57.814
2023-01-18 06:00:00+02:00,22,60.262
2023-01-18 07:00:00+02:00,22,64.447
2023-01-18 08:00:00+02:00,22,68.396
2023-01-18 09:00:00+02:00,22,70.370
2023-01-18 10:00:00+02:00,22,72.448
2023-01-18 11:00:00+02:00,22,73.178
2023-01-18 12:00:00+02:00,22,72.344
2023-01-18 13:00:00+02:00,22,69.823
2023-01-18 14:00:00+02:00,22,66.324
2023-01-18 15:00:00+02:00,22,62.201
2023-01-18 16:00:00+02:00,22,57.756
2023-01-18 17:00:00+02:00,22,53.483
2023-01-18 18:00:00+02:00,22,49.990
2023-01-18 19:00:00+02:00,22,47.042
2023-01-18 20:00:00+02:00,22,45.089
2023-01-18 21:00:00+02:00,22,43.910
2023-01-18 22:00:00+02:00,22,43.424
2023-01-18 23:00:00+02:00,22,43.468
2023-01-19 00:00:00+02:00,22,43.993
2023-01-19 01:00:00+02:00,22,45.236
2023-01-19 02:00:00+02:00,22,44.454
2023-01-19 03:00:00+02:00,22,73.732
2023-01-19 04:00:00+02:00,22,96.738
2023-01-19 05:00:00+02:00,22,103.462
2023-01-19 06:00:00+02:00,22,117.573
2023-01-19 07:00:00+02:00,22,107.954
2023-01-19 08:00:00+02:00,22,82.335
2023-01-19 09:00:00+02:00,22,71.323
2023-01-19 10:00:00+02:00,22,66.135
2023-01-19 11:00:00+02:00,22,64.169
2023-01-19 12:00:00+02:00,22,62.577
2023-01-19 13:00:00+02:00,22,61.380
2023-01-19 14:00:00+02:00,22,60.782
2023-01-19 15:00:00+02:00,22,60.856
2023-01-19 16:00:00+02:00,22,61.086
2023-01-19 17:00:00+02:00,22,60.637
2023-01-19 18:00:00+02:00,22,62.456
2023-01-19 19:00:00+02:00,22,70.700
2023-01-19 20:00:00+02:00,22,80.542
2023-01-19 21:00:00+02:00,22,122.613
2023-01-19 22:00:00+02:00,22,179.905
2023-01-19 23:00:00+02:00,22,232.314
2023-01-20 00:00:00+02:00,22,206.852
2023-01-20 01:00:00+02:00,22,196.843
2023-01-20 02:00:00+02:00,22,197.805
2023-01-20 03:00:00+02:00,22,204.681
2023-01-20 04:00:00+02:00,22,272.893
2023-01-20 05:00:00+02:00,22,341.790
2023-01-20 06:00:00+02:00,22,387.678
2023-01-20 06:00:00+02:00,22,379.091
2023-01-20 07:00:00+02:00,22,371.206
2023-01-20 08:00:00+02:00,22,366.228
2023-01-20 09:00:00+02:00,22,463.211
2023-01-20 10:00:00+02:00,22,696.580
2023-01-20 11:00:00+02:00,22,901.341
2023-01-20 12:00:00+02:00,22,1060.236
2023-01-20 13:00:00+02:00,22,1224.259
2023-01-20 14:00:00+02:00,22,1265.389
2023-01-20 15:00:00+02:00,22,1148.824
2023-01-20 16:00:00+02:00,22,1112.553
2023-01-20 17:00:00+02:00,22,1158.833
2023-01-20 18:00:00+02:00,22,1233.712
2023-01-20 19:00:00+02:00,22,1369.202
2023-01-20 20:00:00+02:00,22,1457.006
2023-01-20 21:00:00+02:00,22,1701.843
2023-01-20 22:00:00+02:00,22,1645.330
2023-01-20 23:00:00+02:00,22,1500.055
2023-01-21 00:00:00+02:00,22,1353.735
2023-01-21 01:00:00+02:00,22,1304.604
2023-01-21 02:00:00+02:00,22,1273.278
2023-01-21 03:00:00+02:00,22,1259.702
2023-01-21 04:00:00+02:00,22,1246.062
2023-01-21 05:00:00+02:00,22,1274.421
2023-01-21 06:00:00+02:00,22,1514.067
2023-01-21 07:00:00+02:00,22,1706.709
2023-01-21 08:00:00+02:00,22,1746.864
2023-01-21 09:00:00+02:00,22,2418.681
2023-01-21 10:00:00+02:00,22,2994.568
2023-01-21 11:00:00+02:00,22,3796.553
2023-01-21 12:00:00+02:00,22,4352.934
2023-01-21 13:00:00+02:00,22,4778.668
2023-01-21 14:00:00+02:00,22,4634.239
2023-01-21 15:00:00+02:00,22,3682.295
2023-01-21 16:00:00+02:00,22,2747.468
2023-01-21 17:00:00+02:00,22,2117.670
2023-01-21 18:00:00+02:00,22,1853.822
2023-01-21 19:00:00+02:00,22,1801.222
2023-01-21 20:00:00+02:00,22,1823.893
2023-01-21 21:00:00+02:00,22,1999.133
2023-01-21 22:00:00+02:00,22,1951.581
2023-01-21 23:00:00+02:00,22,1896.725
2023-01-22 00:00:00+02:00,22,1937.360
2023-01-22 01:00:00+02:00,22,1977.785
2023-01-22 02:00:00+02:00,22,2005.353
2023-01-22 03:00:00+02:00,22,2130.260
2023-01-22 04:00:00+02:00,22,2171.452
2023-01-22 05:00:00+02:00,22,2139.273
2022-12-30 06:00:00+02:00,23,725.681
2022-12-30 07:00:00+02:00,23,716.170
2022-12-30 08:00:00+02:00,23,674.774
2022-12-30 09:00:00+02:00,23,620.365
2022-12-30 10:00:00+02:00,23,527.657
2022-12-30 11:00:00+02:00,23,445.702
2022-12-30 12:00:00+02:00,23,398.657
2022-12-30 13:00:00+02:00,23,376.551
2022-12-30 14:00:00+02:00,23,347.830
2022-12-30 15:00:00+02:00,23,319.993
2022-12-30 16:00:00+02:00,23,293.080
2022-12-30 17:00:00+02:00,23,269.997
2022-12-30 18:00:00+02:00,23,251.693
2022-12-30 19:00:00+02:00,23,244.249
2022-12-30 20:00:00+02:00,23,236.003
2022-12-30 21:00:00+02:00,23,228.596
2022-12-30 22:00:00+02:00,23,224.275
2022-12-30 23:00:00+02:00,23,222.041
2022-12-31 00:00:00+02:00,23,219.410
2022-12-31 01:00:00+02:00,23,217.495
2022-12-31 02:00:00+02:00,23,215.896
2022-12-31 03:00:00+02:00,23,217.946
2022-12-31 04:00:00+02:00,23,221.308
2022-12-31 05:00:00+02:00,23,225.010
2022-12-31 06:00:00+02:00,23,235.123
2022-12-31 07:00:00+02:00,23,248.302
2022-12-31 08:00:00+02:00,23,260.643
2022-12-31 09:00:00+02:00,23,288.053
2022-12-31 10:00:00+02:00,23,315.516
2022-12-31 11:00:00+02:00,23,323.820
2022-12-31 12:00:00+02:00,23,323.647
2022-12-31 13:00:00+02:00,23,319.109
2022-12-31 14:00:00+02:00,23,304.849
2022-12-31 15:00:00+02:00,23,292.766
2022-12-31 16:00:00+02:00,23,281.146
2022-12-31 17:00:00+02:00,23,268.859
2022-12-31 18:00:00+02:00,23,258.713
2022-12-31 19:00:00+02:00,23,249.877
2022-12-31 20:00:00+02:00,23,242.590
2022-12-31 21:00:00+02:00,23,236.230
2022-12-31 22:00:00+02:00,23,230.239
2022-12-31 23:00:00+02:00,23,224.744
2023-01-01 00:00:00+02:00,23,219.838
2023-01-01 01:00:00+02:00,23,215.356
2023-01-01 02:00:00+02:00,23,211.183
2023-01-01 03:00:00+02:00,23,206.883
2023-01-01 04:00:00+02:00,23,202.618
2023-01-01 05:00:00+02:00,23,198.451
2023-01-01 06:00:00+02:00,23,194.467
2023-01-01 07:00:00+02:00,23,195.297
2023-01-01 08:00:00+02:00,23,198.850
2023-01-01 09:00:00+02:00,23,200.146
2023-01-01 10:00:00+02:00,23,198.753
2023-01-01 11:00:00+02:00,23,197.024
2023-01-01 12:00:00+02:00,23,195.670
2023-01-01 13:00:00+02:00,23,194.707
2023-01-01 14:00:00+02:00,23,194.062
2023-01-01 15:00:00+02:00,23,194.190
2023-01-01 16:00:00+02:00,23,194.604
2023-01-01 17:00:00+02:00,23,194.522
2023-01-01 18:00:00+02:00,23,193.442
2023-01-01 19:00:00+02:00,23,191.357
2023-01-01 20:00:00+02:00,23,187.815
2023-01-01 21:00:00+02:00,23,183.221
2023-01-01 22:00:00+02:00,23,177.752
2023-01-01 23:00:00+02:00,23,170.898
2023-01-02 00:00:00+02:00,23,161.828
2023-01-02 01:00:00+02:00,23,153.642
2023-01-02 02:00:00+02:00,23,145.599
2023-01-02 03:00:00+02:00,23,137.902
2023-01-02 04:00:00+02:00,23,131.120
2023-01-02 05:00:00+02:00,23,125.159
2023-01-02 06:00:00+02:00,23,120.157
2023-01-02 07:00:00+02:00,23,115.641
2023-01-02 08:00:00+02:00,23,111.373
2023-01-02 09:00:00+02:00,23,107.572
2023-01-02 10:00:00+02:00,23,104.742
2023-01-02 11:00:00+02:00,23,102.568
2023-01-02 12:00:00+02:00,23,100.714
2023-01-02 13:00:00+02:00,23,98.972
2023-01-02 14:00:00+02:00,23,97.385
2023-01-02 15:00:00+02:00,23,96.112
2023-01-02 16:00:00+02:00,23,94.992
2023-01-02 17:00:00+02:00,23,94.070
2023-01-02 18:00:00+02:00,23,92.820
2023-01-02 19:00:00+02:00,23,91.030
2023-01-02 20:00:00+02:00,23,88.948
2023-01-02 21:00:00+02:00,23,86.108
2023-01-02 22:00:00+02:00,23,82.570
2023-01-02 23:00:00+02:00,23,78.209
2023-01-03 00:00:00+02:00,23,74.314
2023-01-03 01:00:00+02:00,23,70.521
2023-01-03 02:00:00+02:00,23,66.920
2023-01-03 03:00:00+02:00,23,63.589
2023-01-03 04:00:00+02:00,23,61.687
2023-01-03 05:00:00+02:00,23,61.220
2023-01-03 06:00:00+02:00,23,62.674
2023-01-03 07:00:00+02:00,23,66.886
2023-01-03 08:00:00+02:00,23,73.657
2023-01-03 09:00:00+02:00,23,79.784
2023-01-03 10:00:00+02:00,23,84.979
2023-01-03 11:00:00+02:00,23,90.639
2023-01-03 12:00:00+02:00,23,93.576
2023-01-03 13:00:00+02:00,23,93.502
2023-01-03 14:00:00+02:00,23,93.156
2023-01-03 15:00:00+02:00,23,91.385
2023-01-03 16:00:00+02:00,23,87.126
2023-01-03 17:00:00+02:00,23,81.298
2023-01-03 18:00:00+02:00,23,76.575
2023-01-03 19:00:00+02:00,23,74.167
2023-01-03 20:00:00+02:00,23,79.422
2023-01-03 21:00:00+02:00,23,78.530
2023-01-03 22:00:00+02:00,23,73.030
2023-01-03 23:00:00+02:00,23,66.757
2023-01-04 00:00:00+02:00,23,62.917
2023-01-04 01:00:00+02:00,23,60.482
2023-01-04 02:00:00+02:00,23,59.108
2023-01-04 03:00:00+02:00,23,59.099
2023-01-04 04:00:00+02:00,23,59.466
2023-01-04 05:00:00+02:00,23,61.149
2023-01-04 06:00:00+02:00,23,62.916
2023-01-04 07:00:00+02:00,23,66.414
2023-01-04 08:00:00+02:00,23,69.389
2023-01-04 09:00:00+02:00,23,73.000
2023-01-04 10:00:00+02:00,23,75.770
2023-01-04 11:00:00+02:00,23,77.890
2023-01-04 12:00:00+02:00,23,79.645
2023-01-04 13:00:00+02:00,23,79.874
2023-01-04 14:00:00+02:00,23,80.918
2023-01-04 15:00:00+02:00,23,80.775
2023-01-04 16:00:00+02:00,23,87.252
2023-01-04 17:00:00+02:00,23,145.038
2023-01-04 18:00:00+02:00,23,196.889
2023-01-04 19:00:00+02:00,23,219.980
2023-01-04 20:00:00+02:00,23,227.464
2023-01-04 21:00:00+02:00,23,230.487
2023-01-04 22:00:00+02:00,23,230.314
2023-01-04 23:00:00+02:00,23,227.094
2023-01-05 00:00:00+02:00,23,225.943
2023-01-05 01:00:00+02:00,23,222.615
2023-01-05 02:00:00+02:00,23,218.604
2023-01-05 03:00:00+02:00,23,215.378
2023-01-05 04:00:00+02:00,23,213.685
2023-01-05 05:00:00+02:00,23,213.537
2023-01-05 06:00:00+02:00,23,210.936
2023-01-05 07:00:00+02:00,23,214.018
2023-01-05 08:00:00+02:00,23,219.774
2023-01-05 09:00:00+02:00,23,221.357
2023-01-05 10:00:00+02:00,23,234.103
2023-01-05 11:00:00+02:00,23,285.606
2023-01-05 12:00:00+02:00,23,351.838
2023-01-05 13:00:00+02:00,23,396.483
2023-01-05 14:00:00+02:00,23,426.803
2023-01-05 15:00:00+02:00,23,426.673
2023-01-05 16:00:00+02:00,23,412.531
2023-01-05 17:00:00+02:00,23,439.407
2023-01-05 18:00:00+02:00,23,598.538
2023-01-05 19:00:00+02:00,23,725.440
2023-01-05 20:00:00+02:00,23,855.767
2023-01-05 21:00:00+02:00,23,1249.994
2023-01-05 22:00:00+02:00,23,2000.854
2023-01-05 23:00:00+02:00,23,3768.117
2023-01-06 00:00:00+02:00,23,5681.070
2023-01-06 01:00:00+02:00,23,6268.759
2023-01-06 02:00:00+02:00,23,5083.489
2023-01-06 03:00:00+02:00,23,3788.400
2023-01-06 04:00:00+02:00,23,3131.897
2023-01-06 05:00:00+02:00,23,2917.008
2023-01-06 06:00:00+02:00,23,2787.873
2023-01-06 07:00:00+02:00,23,2639.673
2023-01-06 08:00:00+02:00,23,2498.894
2023-01-06 09:00:00+02:00,23,2368.565
2023-01-06 10:00:00+02:00,23,2212.363
2023-01-06 11:00:00+02:00,23,2049.950
2023-01-06 12:00:00+02:00,23,1951.087
2023-01-06 13:00:00+02:00,23,1990.081
2023-01-06 14:00:00+02:00,23,2122.191
2023-01-06 15:00:00+02:00,23,2214.816
2023-01-06 16:00:00+02:00,23,2218.881
2023-01-06 17:00:00+02:00,23,2247.435
2023-01-06 18:00:00+02:00,23,2347.797
2023-01-06 19:00:00+02:00,23,2421.921
2023-01-06 20:00:00+02:00,23,2477.041
2023-01-06 21:00:00+02:00,23,2454.054
2023-01-06 22:00:00+02:00,23,2420.094
2023-01-06 23:00:00+02:00,23,2393.434
2023-01-07 00:00:00+02:00,23,2425.677
2023-01-07 01:00:00+02:00,23,2506.657
2023-01-07 02:00:00+02:00,23,2579.632
2023-01-07 03:00:00+02:00,23,2587.942
2023-01-07 04:00:00+02:00,23,2618.782
2023-01-07 05:00:00+02:00,23,2588.670
2023-01-07 06:00:00+02:00,23,2414.461
2023-01-07 07:00:00+02:00,23,2194.971
2023-01-07 08:00:00+02:00,23,1894.178
2023-01-07 09:00:00+02:00,23,1512.404
2023-01-07 10:00:00+02:00,23,1199.354
2023-01-07 11:00:00+02:00,23,927.865
2023-01-07 12:00:00+02:00,23,750.131
2023-01-07 13:00:00+02:00,23,650.971
2023-01-07 14:00:00+02:00,23,592.980
2023-01-07 15:00:00+02:00,23,559.970
2023-01-07 16:00:00+02:00,23,541.905
2023-01-07 17:00:00+02:00,23,531.022
2023-01-07 18:00:00+02:00,23,522.178
2023-01-07 19:00:00+02:00,23,517.322
2023-01-07 20:00:00+02:00,23,511.533
2023-01-07 21:00:00+02:00,23,509.708
2023-01-07 22:00:00+02:00,23,504.493
2023-01-07 23:00:00+02:00,23,499.585
2023-01-08 00:00:00+02:00,23,492.953
2023-01-08 01:00:00+02:00,23,494.502
2023-01-08 02:00:00+02:00,23,493.788
2023-01-08 03:00:00+02:00,23,493.440
2023-01-08 04:00:00+02:00,23,496.108
2023-01-08 05:00:00+02:00,23,498.805
2023-01-08 06:00:00+02:00,23,497.807
2023-01-08 07:00:00+02:00,23,502.981
2023-01-08 08:00:00+02:00,23,518.787
2023-01-08 09:00:00+02:00,23,527.268
2023-01-08 10:00:00+02:00,23,538.372
2023-01-08 11:00:00+02:00,23,535.922
2023-01-08 12:00:00+02:00,23,510.120
2023-01-08 13:00:00+02:00,23,492.389
2023-01-08 14:00:00+02:00,23,476.542
2023-01-08 15:00:00+02:00,23,461.857
2023-01-08 16:00:00+02:00,23,444.633
2023-01-08 17:00:00+02:00,23,429.511
2023-01-08 18:00:00+02:00,23,416.691
2023-01-08 19:00:00+02:00,23,406.613
2023-01-08 20:00:00+02:00,23,400.855
2023-01-08 21:00:00+02:00,23,402.023
2023-01-08 22:00:00+02:00,23,418.816
2023-01-08 23:00:00+02:00,23,445.598
2023-01-09 00:00:00+02:00,23,469.902
2023-01-09 01:00:00+02:00,23,487.888
2023-01-09 02:00:00+02:00,23,495.092
2023-01-09 03:00:00+02:00,23,489.469
2023-01-09 04:00:00+02:00,23,468.453
2023-01-09 05:00:00+02:00,23,438.131
2023-01-09 06:00:00+02:00,23,404.381
2023-01-09 07:00:00+02:00,23,361.070
2023-01-09 08:00:00+02:00,23,318.112
2023-01-09 09:00:00+02:00,23,280.915
2023-01-09 10:00:00+02:00,23,245.345
2023-01-09 11:00:00+02:00,23,214.682
2023-01-09 12:00:00+02:00,23,188.566
2023-01-09 13:00:00+02:00,23,161.498
2023-01-09 14:00:00+02:00,23,137.642
2023-01-09 15:00:00+02:00,23,119.728
2023-01-09 16:00:00+02:00,23,105.092
2023-01-09 17:00:00+02:00,23,87.709
2023-01-09 18:00:00+02:00,23,72.444
2023-01-09 19:00:00+02:00,23,61.420
2023-01-09 20:00:00+02:00,23,54.517
2023-01-09 21:00:00+02:00,23,50.701
2023-01-09 22:00:00+02:00,23,48.947
2023-01-09 23:00:00+02:00,23,48.885
2023-01-10 00:00:00+02:00,23,50.392
2023-01-10 01:00:00+02:00,23,53.270
2023-01-10 02:00:00+02:00,23,56.134
2023-01-10 03:00:00+02:00,23,59.211
2023-01-10 04:00:00+02:00,23,62.260
2023-01-10 05:00:00+02:00,23,65.806
2023-01-10 06:00:00+02:00,23,69.419
2023-01-10 07:00:00+02:00,23,73.881
2023-01-10 08:00:00+02:00,23,77.843
2023-01-10 09:00:00+02:00,23,80.026
2023-01-10 10:00:00+02:00,23,79.842
2023-01-10 11:00:00+02:00,23,78.716
2023-01-10 12:00:00+02:00,23,76.977
2023-01-10 13:00:00+02:00,23,74.587
2023-01-10 14:00:00+02:00,23,70.948
2023-01-10 15:00:00+02:00,23,64.989
2023-01-10 16:00:00+02:00,23,57.969
2023-01-10 17:00:00+02:00,23,51.974
2023-01-10 18:00:00+02:00,23,48.087
2023-01-10 19:00:00+02:00,23,45.478
2023-01-10 20:00:00+02:00,23,44.403
2023-01-10 21:00:00+02:00,23,44.584
2023-01-10 22:00:00+02:00,23,45.289
2023-01-10 23:00:00+02:00,23,47.330
2023-01-11 00:00:00+02:00,23,48.951
2023-01-11 01:00:00+02:00,23,51.499
2023-01-11 02:00:00+02:00,23,53.287
2023-01-11 03:00:00+02:00,23,53.538
2023-01-11 04:00:00+02:00,23,54.553
2023-01-11 05:00:00+02:00,23,57.070
2023-01-11 06:00:00+02:00,23,59.293
2023-01-11 07:00:00+02:00,23,60.713
2023-01-11 08:00:00+02:00,23,62.096
2023-01-11 09:00:00+02:00,23,64.914
2023-01-11 10:00:00+02:00,23,69.446
2023-01-11 11:00:00+02:00,23,71.113
2023-01-11 12:00:00+02:00,23,71.439
2023-01-11 13:00:00+02:00,23,72.476
2023-01-11 14:00:00+02:00,23,73.375
2023-01-11 15:00:00+02:00,23,73.573
2023-01-11 16:00:00+02:00,23,73.519
2023-01-11 17:00:00+02:00,23,71.990
2023-01-11 18:00:00+02:00,23,68.040
2023-01-11 19:00:00+02:00,23,64.165
2023-01-11 20:00:00+02:00,23,61.411
2023-01-11 21:00:00+02:00,23,60.125
2023-01-11 22:00:00+02:00,23,60.268
2023-01-11 23:00:00+02:00,23,61.642
2023-01-12 00:00:00+02:00,23,63.380
2023-01-12 01:00:00+02:00,23,64.944
2023-01-12 02:00:00+02:00,23,66.377
2023-01-12 03:00:00+02:00,23,68.516
2023-01-12 04:00:00+02:00,23,69.688
2023-01-12 05:00:00+02:00,23,70.380
2023-01-12 06:00:00+02:00,23,71.636
2023-01-12 07:00:00+02:00,23,71.975
2023-01-12 08:00:00+02:00,23,71.335
2023-01-12 09:00:00+02:00,23,70.033
2023-01-12 10:00:00+02:00,23,68.603
2023-01-12 11:00:00+02:00,23,67.176
2023-01-12 12:00:00+02:00,23,65.210
2023-01-12 13:00:00+02:00,23,62.485
2023-01-12 14:00:00+02:00,23,57.900
2023-01-12 15:00:00+02:00,23,51.525
2023-01-12 16:00:00+02:00,23,44.288
2023-01-12 17:00:00+02:00,23,39.515
2023-01-12 18:00:00+02:00,23,37.326
2023-01-12 19:00:00+02:00,23,37.150
2023-01-12 20:00:00+02:00,23,38.203
2023-01-12 21:00:00+02:00,23,40.430
2023-01-12 22:00:00+02:00,23,43.089
2023-01-12 23:00:00+02:00,23,46.137
2023-01-13 00:00:00+02:00,23,49.603
2023-01-13 01:00:00+02:00,23,52.263
2023-01-13 02:00:00+02:00,23,54.964
2023-01-13 03:00:00+02:00,23,59.034
2023-01-13 04:00:00+02:00,23,62.693
2023-01-13 05:00:00+02:00,23,65.461
2023-01-13 06:00:00+02:00,23,69.331
2023-01-13 07:00:00+02:00,23,72.889
2023-01-13 08:00:00+02:00,23,75.037
2023-01-13 09:00:00+02:00,23,75.654
2023-01-13 10:00:00+02:00,23,74.094
2023-01-13 11:00:00+02:00,23,72.405
2023-01-13 12:00:00+02:00,23,70.611
2023-01-13 13:00:00+02:00,23,67.563
2023-01-13 14:00:00+02:00,23,62.083
2023-01-13 15:00:00+02:00,23,55.219
2023-01-13 16:00:00+02:00,23,49.605
2023-01-13 17:00:00+02:00,23,44.483
2023-01-13 18:00:00+02:00,23,41.549
2023-01-13 19:00:00+02:00,23,40.120
2023-01-13 20:00:00+02:00,23,39.843
2023-01-13 21:00:00+02:00,23,40.577
2023-01-13 22:00:00+02:00,23,41.244
2023-01-13 23:00:00+02:00,23,42.340
2023-01-14 00:00:00+02:00,23,43.796
2023-01-14 01:00:00+02:00,23,43.746
2023-01-14 02:00:00+02:00,23,44.998
2023-01-14 03:00:00+02:00,23,63.519
2023-01-14 04:00:00+02:00,23,88.859
2023-01-14 05:00:00+02:00,23,117.749
2023-01-14 06:00:00+02:00,23,147.797
2023-01-14 07:00:00+02:00,23,163.290
2023-01-14 08:00:00+02:00,23,166.870
2023-01-14 09:00:00+02:00,23,168.720
2023-01-14 10:00:00+02:00,23,152.567
2023-01-14 11:00:00+02:00,23,139.656
2023-01-14 12:00:00+02:00,23,135.845
2023-01-14 13:00:00+02:00,23,128.779
2023-01-14 14:00:00+02:00,23,121.072
2023-01-14 15:00:00+02:00,23,115.481
2023-01-14 16:00:00+02:00,23,111.423
2023-01-14 17:00:00+02:00,23,107.360
2023-01-14 18:00:00+02:00,23,108.334
2023-01-14 19:00:00+02:00,23,119.410
2023-01-14 20:00:00+02:00,23,130.684
2023-01-14 21:00:00+02:00,23,137.781
2023-01-14 22:00:00+02:00,23,146.833
2023-01-14 23:00:00+02:00,23,150.315
2023-01-15 00:00:00+02:00,23,161.387
2023-01-15 01:00:00+02:00,23,165.739
2023-01-15 02:00:00+02:00,23,159.545
2023-01-15 03:00:00+02:00,23,157.444
2023-01-15 04:00:00+02:00,23,167.066
2023-01-15 05:00:00+02:00,23,201.339
2023-01-15 06:00:00+02:00,23,188.034
2023-01-15 07:00:00+02:00,23,154.910
2023-01-15 08:00:00+02:00,23,135.517
2023-01-15 09:00:00+02:00,23,124.279
2023-01-15 10:00:00+02:00,23,112.839
2023-01-15 11:00:00+02:00,23,100.822
2023-01-15 12:00:00+02:00,23,87.752
2023-01-15 13:00:00+02:00,23,77.732
2023-01-15 14:00:00+02:00,23,70.613
2023-01-15 15:00:00+02:00,23,67.582
2023-01-15 16:00:00+02:00,23,72.933
2023-01-15 17:00:00+02:00,23,107.397
2023-01-15 18:00:00+02:00,23,175.846
2023-01-15 19:00:00+02:00,23,231.766
2023-01-15 20:00:00+02:00,23,278.591
2023-01-15 21:00:00+02:00,23,319.903
2023-01-15 22:00:00+02:00,23,337.782
2023-01-15 23:00:00+02:00,23,346.891
2023-01-16 00:00:00+02:00,23,348.909
2023-01-16 01:00:00+02:00,23,347.597
2023-01-16 02:00:00+02:00,23,355.662
2023-01-16 03:00:00+02:00,23,375.171
2023-01-16 04:00:00+02:00,23,379.971
2023-01-16 05:00:00+02:00,23,370.526
2023-01-16 06:00:00+02:00,23,347.285
2023-01-16 07:00:00+02:00,23,313.527
2023-01-16 08:00:00+02:00,23,285.414
2023-01-16 09:00:00+02:00,23,270.752
2023-01-16 10:00:00+02:00,23,256.414
2023-01-16 11:00:00+02:00,23,242.381
2023-01-16 12:00:00+02:00,23,219.308
2023-01-16 13:00:00+02:00,23,192.013
2023-01-16 14:00:00+02:00,23,163.579
2023-01-16 15:00:00+02:00,23,140.106
2023-01-16 16:00:00+02:00,23,119.129
2023-01-16 17:00:00+02:00,23,97.515
2023-01-16 18:00:00+02:00,23,84.257
2023-01-16 19:00:00+02:00,23,77.183
2023-01-16 20:00:00+02:00,23,74.478
2023-01-16 21:00:00+02:00,23,74.150
2023-01-16 22:00:00+02:00,23,74.637
2023-01-16 23:00:00+02:00,23,74.880
2023-01-17 00:00:00+02:00,23,74.948
2023-01-17 01:00:00+02:00,23,74.630
2023-01-17 02:00:00+02:00,23,74.234
2023-01-17 03:00:00+02:00,23,73.958
2023-01-17 04:00:00+02:00,23,73.612
2023-01-17 05:00:00+02:00,23,72.817
2023-01-17 06:00:00+02:00,23,72.758
2023-01-17 07:00:00+02:00,23,72.941
2023-01-17 08:00:00+02:00,23,72.537
2023-01-17 09:00:00+02:00,23,71.275
2023-01-17 10:00:00+02:00,23,69.538
2023-01-17 11:00:00+02:00,23,67.234
2023-01-17 12:00:00+02:00,23,65.004
2023-01-17 13:00:00+02:00,23,62.316
2023-01-17 14:00:00+02:00,23,57.608
2023-01-17 15:00:00+02:00,23,51.965
2023-01-17 16:00:00+02:00,23,46.972
2023-01-17 17:00:00+02:00,23,43.760
2023-01-17 18:00:00+02:00,23,41.865
2023-01-17 19:00:00+02:00,23,41.256
2023-01-17 20:00:00+02:00,23,41.595
2023-01-17 21:00:00+02:00,23,43.108
2023-01-17 22:00:00+02:00,23,45.060
2023-01-17 23:00:00+02:00,23,47.014
2023-01-18 00:00:00+02:00,23,49.360
2023-01-18 01:00:00+02:00,23,51.678
2023-01-18 02:00:00+02:00,23,54.323
2023-01-18 03:00:00+02:00,23,58.163
2023-01-18 04:00:00+02:00,23,60.618
2023-01-18 05:00:00+02:00,23,62.404
2023-01-18 06:00:00+02:00,23,65.514
2023-01-18 07:00:00+02:00,23,69.853
2023-01-18 08:00:00+02:00,23,73.001
2023-01-18 09:00:00+02:00,23,74.231
2023-01-18 10:00:00+02:00,23,75.329
2023-01-18 11:00:00+02:00,23,74.641
2023-01-18 12:00:00+02:00,23,72.134
2023-01-18 13:00:00+02:00,23,68.127
2023-01-18 14:00:00+02:00,23,63.718
2023-01-18 15:00:00+02:00,23,59.138
2023-01-18 16:00:00+02:00,23,54.566
2023-01-18 17:00:00+02:00,23,50.515
2023-01-18 18:00:00+02:00,23,47.574
2023-01-18 19:00:00+02:00,23,45.483
2023-01-18 20:00:00+02:00,23,44.343
2023-01-18 21:00:00+02:00,23,44.110
2023-01-18 22:00:00+02:00,23,44.336
2023-01-18 23:00:00+02:00,23,45.173
2023-01-19 00:00:00+02:00,23,46.471
2023-01-19 01:00:00+02:00,23,48.447
2023-01-19 02:00:00+02:00,23,47.639
2023-01-19 03:00:00+02:00,23,50.988
2023-01-19 04:00:00+02:00,23,58.421
2023-01-19 05:00:00+02:00,23,60.815
2023-01-19 06:00:00+02:00,23,66.501
2023-01-19 07:00:00+02:00,23,63.317
2023-01-19 08:00:00+02:00,23,61.477
2023-01-19 09:00:00+02:00,23,63.308
2023-01-19 10:00:00+02:00,23,64.818
2023-01-19 11:00:00+02:00,23,63.835
2023-01-19 12:00:00+02:00,23,62.395
2023-01-19 13:00:00+02:00,23,61.846
2023-01-19 14:00:00+02:00,23,62.138
2023-01-19 15:00:00+02:00,23,63.277
2023-01-19 16:00:00+02:00,23,64.332
2023-01-19 17:00:00+02:00,23,62.715
2023-01-19 18:00:00+02:00,23,61.355
2023-01-19 19:00:00+02:00,23,60.882
2023-01-19 20:00:00+02:00,23,61.372
2023-01-19 21:00:00+02:00,23,71.701
2023-01-19 22:00:00+02:00,23,97.294
2023-01-19 23:00:00+02:00,23,133.925
2023-01-20 00:00:00+02:00,23,121.740
2023-01-20 01:00:00+02:00,23,116.877
2023-01-20 02:00:00+02:00,23,118.100
2023-01-20 03:00:00+02:00,23,122.828
2023-01-20 04:00:00+02:00,23,163.826
2023-01-20 05:00:00+02:00,23,221.821
2023-01-20 06:00:00+02:00,23,301.453
2023-01-20 06:00:00+02:00,23,340.084
2023-01-20 07:00:00+02:00,23,338.642
2023-01-20 08:00:00+02:00,23,333.224
2023-01-20 09:00:00+02:00,23,350.771
2023-01-20 10:00:00+02:00,23,437.091
2023-01-20 11:00:00+02:00,23,567.654
2023-01-20 12:00:00+02:00,23,709.797
2023-01-20 13:00:00+02:00,23,914.814
2023-01-20 14:00:00+02:00,23,1117.202
2023-01-20 15:00:00+02:00,23,1159.855
2023-01-20 16:00:00+02:00,23,1116.132
2023-01-20 17:00:00+02:00,23,1116.441
2023-01-20 18:00:00+02:00,23,1145.147
2023-01-20 19:00:00+02:00,23,1199.626
2023-01-20 20:00:00+02:00,23,1224.908
2023-01-20 21:00:00+02:00,23,1301.232
2023-01-20 22:00:00+02:00,23,1266.284
2023-01-20 23:00:00+02:00,23,1223.525
2023-01-21 00:00:00+02:00,23,1254.252
2023-01-21 01:00:00+02:00,23,1267.632
2023-01-21 02:00:00+02:00,23,1270.717
2023-01-21 03:00:00+02:00,23,1303.713
2023-01-21 04:00:00+02:00,23,1294.700
2023-01-21 05:00:00+02:00,23,1264.189
2023-01-21 06:00:00+02:00,23,1270.938
2023-01-21 07:00:00+02:00,23,1296.650
2023-01-21 08:00:00+02:00,23,1290.706
2023-01-21 09:00:00+02:00,23,1520.038
2023-01-21 10:00:00+02:00,23,1810.088
2023-01-21 11:00:00+02:00,23,2383.110
2023-01-21 12:00:00+02:00,23,2965.260
2023-01-21 13:00:00+02:00,23,3717.822
2023-01-21 14:00:00+02:00,23,4303.055
2023-01-21 15:00:00+02:00,23,4095.006
2023-01-21 16:00:00+02:00,23,3340.029
2023-01-21 17:00:00+02:00,23,2609.472
2023-01-21 18:00:00+02:00,23,2199.847
2023-01-21 19:00:00+02:00,23,1983.504
2023-01-21 20:00:00+02:00,23,1907.870
2023-01-21 21:00:00+02:00,23,1873.172
2023-01-21 22:00:00+02:00,23,1846.868
2023-01-21 23:00:00+02:00,23,1915.763
2023-01-22 00:00:00+02:00,23,2156.424
2023-01-22 01:00:00+02:00,23,2257.318
2023-01-22 02:00:00+02:00,23,2311.646
2023-01-22 03:00:00+02:00,23,2462.308
2023-01-22 04:00:00+02:00,23,2490.035
2023-01-22 05:00:00+02:00,23,2393.455
2022-12-30 06:00:00+02:00,24,653.613
2022-12-30 07:00:00+02:00,24,674.800
2022-12-30 08:00:00+02:00,24,675.329
2022-12-30 09:00:00+02:00,24,653.066
2022-12-30 10:00:00+02:00,24,599.071
2022-12-30 11:00:00+02:00,24,530.715
2022-12-30 12:00:00+02:00,24,462.524
2022-12-30 13:00:00+02:00,24,418.283
2022-12-30 14:00:00+02:00,24,381.566
2022-12-30 15:00:00+02:00,24,354.701
2022-12-30 16:00:00+02:00,24,328.952
2022-12-30 17:00:00+02:00,24,304.677
2022-12-30 18:00:00+02:00,24,282.812
2022-12-30 19:00:00+02:00,24,273.190
2022-12-30 20:00:00+02:00,24,262.159
2022-12-30 21:00:00+02:00,24,249.695
2022-12-30 22:00:00+02:00,24,240.724
2022-12-30 23:00:00+02:00,24,232.674
2022-12-31 00:00:00+02:00,24,226.753
2022-12-31 01:00:00+02:00,24,221.365
2022-12-31 02:00:00+02:00,24,216.550
2022-12-31 03:00:00+02:00,24,212.524
2022-12-31 04:00:00+02:00,24,209.648
2022-12-31 05:00:00+02:00,24,207.650
2022-12-31 06:00:00+02:00,24,208.471
2022-12-31 07:00:00+02:00,24,211.941
2022-12-31 08:00:00+02:00,24,216.676
2022-12-31 09:00:00+02:00,24,232.870
2022-12-31 10:00:00+02:00,24,255.429
2022-12-31 11:00:00+02:00,24,266.377
2022-12-31 12:00:00+02:00,24,268.686
2022-12-31 13:00:00+02:00,24,264.885
2022-12-31 14:00:00+02:00,24,259.781
2022-12-31 15:00:00+02:00,24,255.174
2022-12-31 16:00:00+02:00,24,251.055
2022-12-31 17:00:00+02:00,24,247.310
2022-12-31 18:00:00+02:00,24,243.180
2022-12-31 19:00:00+02:00,24,238.965
2022-12-31 20:00:00+02:00,24,234.795
2022-12-31 21:00:00+02:00,24,230.919
2022-12-31 22:00:00+02:00,24,227.546
2022-12-31 23:00:00+02:00,24,223.938
2023-01-01 00:00:00+02:00,24,219.594
2023-01-01 01:00:00+02:00,24,215.858
2023-01-01 02:00:00+02:00,24,212.786
2023-01-01 03:00:00+02:00,24,208.667
2023-01-01 04:00:00+02:00,24,204.348
2023-01-01 05:00:00+02:00,24,200.104
2023-01-01 06:00:00+02:00,24,197.428
2023-01-01 07:00:00+02:00,24,207.487
2023-01-01 08:00:00+02:00,24,209.591
2023-01-01 09:00:00+02:00,24,208.018
2023-01-01 10:00:00+02:00,24,205.871
2023-01-01 11:00:00+02:00,24,204.386
2023-01-01 12:00:00+02:00,24,203.629
2023-01-01 13:00:00+02:00,24,203.162
2023-01-01 14:00:00+02:00,24,202.718
2023-01-01 15:00:00+02:00,24,202.433
2023-01-01 16:00:00+02:00,24,201.603
2023-01-01 17:00:00+02:00,24,199.839
2023-01-01 18:00:00+02:00,24,197.045
2023-01-01 19:00:00+02:00,24,192.962
2023-01-01 20:00:00+02:00,24,187.320
2023-01-01 21:00:00+02:00,24,181.382
2023-01-01 22:00:00+02:00,24,174.455
2023-01-01 23:00:00+02:00,24,165.779
2023-01-02 00:00:00+02:00,24,154.765
2023-01-02 01:00:00+02:00,24,146.302
2023-01-02 02:00:00+02:00,24,138.642
2023-01-02 03:00:00+02:00,24,131.506
2023-01-02 04:00:00+02:00,24,125.534
2023-01-02 05:00:00+02:00,24,120.579
2023-01-02 06:00:00+02:00,24,116.709
2023-01-02 07:00:00+02:00,24,113.201
2023-01-02 08:00:00+02:00,24,109.453
2023-01-02 09:00:00+02:00,24,106.216
2023-01-02 10:00:00+02:00,24,104.298
2023-01-02 11:00:00+02:00,24,102.857
2023-01-02 12:00:00+02:00,24,101.402
2023-01-02 13:00:00+02:00,24,100.175
2023-01-02 14:00:00+02:00,24,99.267
2023-01-02 15:00:00+02:00,24,98.594
2023-01-02 16:00:00+02:00,24,97.671
2023-01-02 17:00:00+02:00,24,96.199
2023-01-02 18:00:00+02:00,24,93.634
2023-01-02 19:00:00+02:00,24,90.997
2023-01-02 20:00:00+02:00,24,88.027
2023-01-02 21:00:00+02:00,24,83.546
2023-01-02 22:00:00+02:00,24,78.832
2023-01-02 23:00:00+02:00,24,73.735
2023-01-03 00:00:00+02:00,24,70.065
2023-01-03 01:00:00+02:00,24,66.991
2023-01-03 02:00:00+02:00,24,64.198
2023-01-03 03:00:00+02:00,24,61.951
2023-01-03 04:00:00+02:00,24,61.900
2023-01-03 05:00:00+02:00,24,63.670
2023-01-03 06:00:00+02:00,24,67.468
2023-01-03 07:00:00+02:00,24,73.455
2023-01-03 08:00:00+02:00,24,81.442
2023-01-03 09:00:00+02:00,24,88.257
2023-01-03 10:00:00+02:00,24,93.433
2023-01-03 11:00:00+02:00,24,97.321
2023-01-03 12:00:00+02:00,24,97.720
2023-01-03 13:00:00+02:00,24,96.618
2023-01-03 14:00:00+02:00,24,94.929
2023-01-03 15:00:00+02:00,24,89.815
2023-01-03 16:00:00+02:00,24,83.230
2023-01-03 17:00:00+02:00,24,76.154
2023-01-03 18:00:00+02:00,24,71.744
2023-01-03 19:00:00+02:00,24,76.641
2023-01-03 20:00:00+02:00,24,85.744
2023-01-03 21:00:00+02:00,24,73.878
2023-01-03 22:00:00+02:00,24,66.479
2023-01-03 23:00:00+02:00,24,61.273
2023-01-04 00:00:00+02:00,24,59.373
2023-01-04 01:00:00+02:00,24,59.098
2023-01-04 02:00:00+02:00,24,59.814
2023-01-04 03:00:00+02:00,24,60.713
2023-01-04 04:00:00+02:00,24,62.286
2023-01-04 05:00:00+02:00,24,65.390
2023-01-04 06:00:00+02:00,24,68.359
2023-01-04 07:00:00+02:00,24,72.665
2023-01-04 08:00:00+02:00,24,76.002
2023-01-04 09:00:00+02:00,24,79.554
2023-01-04 10:00:00+02:00,24,82.026
2023-01-04 11:00:00+02:00,24,83.785
2023-01-04 12:00:00+02:00,24,84.893
2023-01-04 13:00:00+02:00,24,85.009
2023-01-04 14:00:00+02:00,24,85.460
2023-01-04 15:00:00+02:00,24,84.875
2023-01-04 16:00:00+02:00,24,81.991
2023-01-04 17:00:00+02:00,24,107.431
2023-01-04 18:00:00+02:00,24,154.637
2023-01-04 19:00:00+02:00,24,189.603
2023-01-04 20:00:00+02:00,24,207.912
2023-01-04 21:00:00+02:00,24,218.802
2023-01-04 22:00:00+02:00,24,223.938
2023-01-04 23:00:00+02:00,24,223.284
2023-01-05 00:00:00+02:00,24,222.711
2023-01-05 01:00:00+02:00,24,220.716
2023-01-05 02:00:00+02:00,24,217.452
2023-01-05 03:00:00+02:00,24,213.875
2023-01-05 04:00:00+02:00,24,210.885
2023-01-05 05:00:00+02:00,24,208.984
2023-01-05 06:00:00+02:00,24,205.902
2023-01-05 07:00:00+02:00,24,205.471
2023-01-05 08:00:00+02:00,24,206.021
2023-01-05 09:00:00+02:00,24,204.850
2023-01-05 10:00:00+02:00,24,208.246
2023-01-05 11:00:00+02:00,24,228.355
2023-01-05 12:00:00+02:00,24,266.438
2023-01-05 13:00:00+02:00,24,304.883
2023-01-05 14:00:00+02:00,24,349.782
2023-01-05 15:00:00+02:00,24,381.798
2023-01-05 16:00:00+02:00,24,391.912
2023-01-05 17:00:00+02:00,24,396.451
2023-01-05 18:00:00+02:00,24,428.849
2023-01-05 19:00:00+02:00,24,460.636
2023-01-05 20:00:00+02:00,24,496.985
2023-01-05 21:00:00+02:00,24,622.662
2023-01-05 22:00:00+02:00,24,911.934
2023-01-05 23:00:00+02:00,24,1853.636
2023-01-06 00:00:00+02:00,24,3554.578
2023-01-06 01:00:00+02:00,24,5406.258
2023-01-06 02:00:00+02:00,24,5490.590
2023-01-06 03:00:00+02:00,24,4564.498
2023-01-06 04:00:00+02:00,24,3652.012
2023-01-06 05:00:00+02:00,24,3140.436
2023-01-06 06:00:00+02:00,24,2892.441
2023-01-06 07:00:00+02:00,24,2722.661
2023-01-06 08:00:00+02:00,24,2571.501
2023-01-06 09:00:00+02:00,24,2435.719
2023-01-06 10:00:00+02:00,24,2295.267
2023-01-06 11:00:00+02:00,24,2139.769
2023-01-06 12:00:00+02:00,24,2002.783
2023-01-06 13:00:00+02:00,24,1951.070
2023-01-06 14:00:00+02:00,24,2010.013
2023-01-06 15:00:00+02:00,24,2108.903
2023-01-06 16:00:00+02:00,24,2137.433
2023-01-06 17:00:00+02:00,24,2156.952
2023-01-06 18:00:00+02:00,24,2220.487
2023-01-06 19:00:00+02:00,24,2288.731
2023-01-06 20:00:00+02:00,24,2367.612
2023-01-06 21:00:00+02:00,24,2382.158
2023-01-06 22:00:00+02:00,24,2363.373
2023-01-06 23:00:00+02:00,24,2332.886
2023-01-07 00:00:00+02:00,24,2324.106
2023-01-07 01:00:00+02:00,24,2346.598
2023-01-07 02:00:00+02:00,24,2389.540
2023-01-07 03:00:00+02:00,24,2400.548
2023-01-07 04:00:00+02:00,24,2453.626
2023-01-07 05:00:00+02:00,24,2504.498
2023-01-07 06:00:00+02:00,24,2467.004
2023-01-07 07:00:00+02:00,24,2355.499
2023-01-07 08:00:00+02:00,24,2161.731
2023-01-07 09:00:00+02:00,24,1850.786
2023-01-07 10:00:00+02:00,24,1534.839
2023-01-07 11:00:00+02:00,24,1205.784
2023-01-07 12:00:00+02:00,24,951.095
2023-01-07 13:00:00+02:00,24,787.851
2023-01-07 14:00:00+02:00,24,680.882
2023-01-07 15:00:00+02:00,24,611.824
2023-01-07 16:00:00+02:00,24,568.503
2023-01-07 17:00:00+02:00,24,547.049
2023-01-07 18:00:00+02:00,24,531.327
2023-01-07 19:00:00+02:00,24,518.142
2023-01-07 20:00:00+02:00,24,507.830
2023-01-07 21:00:00+02:00,24,499.730
2023-01-07 22:00:00+02:00,24,491.582
2023-01-07 23:00:00+02:00,24,483.957
2023-01-08 00:00:00+02:00,24,475.877
2023-01-08 01:00:00+02:00,24,471.670
2023-01-08 02:00:00+02:00,24,466.837
2023-01-08 03:00:00+02:00,24,462.657
2023-01-08 04:00:00+02:00,24,460.299
2023-01-08 05:00:00+02:00,24,458.573
2023-01-08 06:00:00+02:00,24,455.245
2023-01-08 07:00:00+02:00,24,455.644
2023-01-08 08:00:00+02:00,24,463.637
2023-01-08 09:00:00+02:00,24,467.391
2023-01-08 10:00:00+02:00,24,474.710
2023-01-08 11:00:00+02:00,24,471.329
2023-01-08 12:00:00+02:00,24,461.341
2023-01-08 13:00:00+02:00,24,452.012
2023-01-08 14:00:00+02:00,24,443.342
2023-01-08 15:00:00+02:00,24,435.217
2023-01-08 16:00:00+02:00,24,427.555
2023-01-08 17:00:00+02:00,24,419.122
2023-01-08 18:00:00+02:00,24,411.422
2023-01-08 19:00:00+02:00,24,406.615
2023-01-08 20:00:00+02:00,24,408.309
2023-01-08 21:00:00+02:00,24,418.542
2023-01-08 22:00:00+02:00,24,446.384
2023-01-08 23:00:00+02:00,24,478.896
2023-01-09 00:00:00+02:00,24,501.659
2023-01-09 01:00:00+02:00,24,511.842
2023-01-09 02:00:00+02:00,24,507.074
2023-01-09 03:00:00+02:00,24,486.492
2023-01-09 04:00:00+02:00,24,450.849
2023-01-09 05:00:00+02:00,24,410.830
2023-01-09 06:00:00+02:00,24,371.313
2023-01-09 07:00:00+02:00,24,323.609
2023-01-09 08:00:00+02:00,24,279.117
2023-01-09 09:00:00+02:00,24,242.783
2023-01-09 10:00:00+02:00,24,209.284
2023-01-09 11:00:00+02:00,24,181.207
2023-01-09 12:00:00+02:00,24,157.936
2023-01-09 13:00:00+02:00,24,134.117
2023-01-09 14:00:00+02:00,24,113.445
2023-01-09 15:00:00+02:00,24,98.513
2023-01-09 16:00:00+02:00,24,86.938
2023-01-09 17:00:00+02:00,24,72.916
2023-01-09 18:00:00+02:00,24,60.878
2023-01-09 19:00:00+02:00,24,53.315
2023-01-09 20:00:00+02:00,24,49.618
2023-01-09 21:00:00+02:00,24,48.509
2023-01-09 22:00:00+02:00,24,48.952
2023-01-09 23:00:00+02:00,24,50.472
2023-01-10 00:00:00+02:00,24,52.853
2023-01-10 01:00:00+02:00,24,56.953
2023-01-10 02:00:00+02:00,24,61.154
2023-01-10 03:00:00+02:00,24,65.369
2023-01-10 04:00:00+02:00,24,69.239
2023-01-10 05:00:00+02:00,24,73.179
2023-01-10 06:00:00+02:00,24,76.675
2023-01-10 07:00:00+02:00,24,80.093
2023-01-10 08:00:00+02:00,24,82.184
2023-01-10 09:00:00+02:00,24,82.285
2023-01-10 10:00:00+02:00,24,80.961
2023-01-10 11:00:00+02:00,24,78.892
2023-01-10 12:00:00+02:00,24,76.477
2023-01-10 13:00:00+02:00,24,72.892
2023-01-10 14:00:00+02:00,24,67.749
2023-01-10 15:00:00+02:00,24,60.210
2023-01-10 16:00:00+02:00,24,53.036
2023-01-10 17:00:00+02:00,24,48.111
2023-01-10 18:00:00+02:00,24,45.791
2023-01-10 19:00:00+02:00,24,44.635
2023-01-10 20:00:00+02:00,24,44.977
2023-01-10 21:00:00+02:00,24,46.420
2023-01-10 22:00:00+02:00,24,48.125
2023-01-10 23:00:00+02:00,24,50.568
2023-01-11 00:00:00+02:00,24,52.562
2023-01-11 01:00:00+02:00,24,55.208
2023-01-11 02:00:00+02:00,24,57.398
2023-01-11 03:00:00+02:00,24,58.514
2023-01-11 04:00:00+02:00,24,60.990
2023-01-11 05:00:00+02:00,24,64.366
2023-01-11 06:00:00+02:00,24,66.595
2023-01-11 07:00:00+02:00,24,68.178
2023-01-11 08:00:00+02:00,24,69.936
2023-01-11 09:00:00+02:00,24,72.436
2023-01-11 10:00:00+02:00,24,73.974
2023-01-11 11:00:00+02:00,24,74.236
2023-01-11 12:00:00+02:00,24,74.810
2023-01-11 13:00:00+02:00,24,75.983
2023-01-11 14:00:00+02:00,24,76.285
2023-01-11 15:00:00+02:00,24,75.919
2023-01-11 16:00:00+02:00,24,74.848
2023-01-11 17:00:00+02:00,24,70.694
2023-01-11 18:00:00+02:00,24,65.770
2023-01-11 19:00:00+02:00,24,62.455
2023-01-11 20:00:00+02:00,24,60.788
2023-01-11 21:00:00+02:00,24,60.708
2023-01-11 22:00:00+02:00,24,61.934
2023-01-11 23:00:00+02:00,24,63.935
2023-01-12 00:00:00+02:00,24,66.029
2023-01-12 01:00:00+02:00,24,67.913
2023-01-12 02:00:00+02:00,24,69.582
2023-01-12 03:00:00+02:00,24,71.025
2023-01-12 04:00:00+02:00,24,71.866
2023-01-12 05:00:00+02:00,24,72.819
2023-01-12 06:00:00+02:00,24,73.592
2023-01-12 07:00:00+02:00,24,73.164
2023-01-12 08:00:00+02:00,24,71.771
2023-01-12 09:00:00+02:00,24,70.073
2023-01-12 10:00:00+02:00,24,68.677
2023-01-12 11:00:00+02:00,24,66.930
2023-01-12 12:00:00+02:00,24,63.767
2023-01-12 13:00:00+02:00,24,59.984
2023-01-12 14:00:00+02:00,24,53.789
2023-01-12 15:00:00+02:00,24,46.637
2023-01-12 16:00:00+02:00,24,40.029
2023-01-12 17:00:00+02:00,24,37.121
2023-01-12 18:00:00+02:00,24,36.979
2023-01-12 19:00:00+02:00,24,38.506
2023-01-12 20:00:00+02:00,24,40.924
2023-01-12 21:00:00+02:00,24,44.106
2023-01-12 22:00:00+02:00,24,47.279
2023-01-12 23:00:00+02:00,24,50.465
2023-01-13 00:00:00+02:00,24,53.557
2023-01-13 01:00:00+02:00,24,56.194
2023-01-13 02:00:00+02:00,24,59.038
2023-01-13 03:00:00+02:00,24,62.616
2023-01-13 04:00:00+02:00,24,66.621
2023-01-13 05:00:00+02:00,24,70.315
2023-01-13 06:00:00+02:00,24,74.394
2023-01-13 07:00:00+02:00,24,77.160
2023-01-13 08:00:00+02:00,24,78.043
2023-01-13 09:00:00+02:00,24,76.100
2023-01-13 10:00:00+02:00,24,73.827
2023-01-13 11:00:00+02:00,24,72.117
2023-01-13 12:00:00+02:00,24,69.795
2023-01-13 13:00:00+02:00,24,64.635
2023-01-13 14:00:00+02:00,24,57.200
2023-01-13 15:00:00+02:00,24,49.940
2023-01-13 16:00:00+02:00,24,45.238
2023-01-13 17:00:00+02:00,24,41.354
2023-01-13 18:00:00+02:00,24,39.954
2023-01-13 19:00:00+02:00,24,40.136
2023-01-13 20:00:00+02:00,24,41.167
2023-01-13 21:00:00+02:00,24,42.612
2023-01-13 22:00:00+02:00,24,44.141
2023-01-13 23:00:00+02:00,24,46.269
2023-01-14 00:00:00+02:00,24,48.586
2023-01-14 01:00:00+02:00,24,49.163
2023-01-14 02:00:00+02:00,24,46.165
2023-01-14 03:00:00+02:00,24,48.669
2023-01-14 04:00:00+02:00,24,58.062
2023-01-14 05:00:00+02:00,24,73.571
2023-01-14 06:00:00+02:00,24,94.125
2023-01-14 07:00:00+02:00,24,106.982
2023-01-14 08:00:00+02:00,24,110.203
2023-01-14 09:00:00+02:00,24,111.356
2023-01-14 10:00:00+02:00,24,108.962
2023-01-14 11:00:00+02:00,24,106.276
2023-01-14 12:00:00+02:00,24,104.153
2023-01-14 13:00:00+02:00,24,102.782
2023-01-14 14:00:00+02:00,24,101.300
2023-01-14 15:00:00+02:00,24,99.407
2023-01-14 16:00:00+02:00,24,97.661
2023-01-14 17:00:00+02:00,24,96.266
2023-01-14 18:00:00+02:00,24,95.262
2023-01-14 19:00:00+02:00,24,97.974
2023-01-14 20:00:00+02:00,24,100.762
2023-01-14 21:00:00+02:00,24,102.046
2023-01-14 22:00:00+02:00,24,103.862
2023-01-14 23:00:00+02:00,24,103.579
2023-01-15 00:00:00+02:00,24,106.780
2023-01-15 01:00:00+02:00,24,106.994
2023-01-15 02:00:00+02:00,24,107.125
2023-01-15 03:00:00+02:00,24,105.059
2023-01-15 04:00:00+02:00,24,109.260
2023-01-15 05:00:00+02:00,24,125.922
2023-01-15 06:00:00+02:00,24,126.454
2023-01-15 07:00:00+02:00,24,127.833
2023-01-15 08:00:00+02:00,24,115.057
2023-01-15 09:00:00+02:00,24,104.983
2023-01-15 10:00:00+02:00,24,94.821
2023-01-15 11:00:00+02:00,24,84.326
2023-01-15 12:00:00+02:00,24,73.462
2023-01-15 13:00:00+02:00,24,66.437
2023-01-15 14:00:00+02:00,24,62.847
2023-01-15 15:00:00+02:00,24,61.967
2023-01-15 16:00:00+02:00,24,63.466
2023-01-15 17:00:00+02:00,24,75.702
2023-01-15 18:00:00+02:00,24,112.781
2023-01-15 19:00:00+02:00,24,155.634
2023-01-15 20:00:00+02:00,24,200.205
2023-01-15 21:00:00+02:00,24,247.675
2023-01-15 22:00:00+02:00,24,273.945
2023-01-15 23:00:00+02:00,24,290.810
2023-01-16 00:00:00+02:00,24,298.026
2023-01-16 01:00:00+02:00,24,300.488
2023-01-16 02:00:00+02:00,24,312.885
2023-01-16 03:00:00+02:00,24,330.912
2023-01-16 04:00:00+02:00,24,335.393
2023-01-16 05:00:00+02:00,24,328.027
2023-01-16 06:00:00+02:00,24,315.238
2023-01-16 07:00:00+02:00,24,282.655
2023-01-16 08:00:00+02:00,24,251.503
2023-01-16 09:00:00+02:00,24,236.594
2023-01-16 10:00:00+02:00,24,222.898
2023-01-16 11:00:00+02:00,24,210.076
2023-01-16 12:00:00+02:00,24,188.170
2023-01-16 13:00:00+02:00,24,161.275
2023-01-16 14:00:00+02:00,24,135.307
2023-01-16 15:00:00+02:00,24,116.269
2023-01-16 16:00:00+02:00,24,100.689
2023-01-16 17:00:00+02:00,24,85.541
2023-01-16 18:00:00+02:00,24,77.780
2023-01-16 19:00:00+02:00,24,74.878
2023-01-16 20:00:00+02:00,24,74.690
2023-01-16 21:00:00+02:00,24,75.427
2023-01-16 22:00:00+02:00,24,76.027
2023-01-16 23:00:00+02:00,24,76.287
2023-01-17 00:00:00+02:00,24,76.152
2023-01-17 01:00:00+02:00,24,75.820
2023-01-17 02:00:00+02:00,24,75.572
2023-01-17 03:00:00+02:00,24,75.267
2023-01-17 04:00:00+02:00,24,74.710
2023-01-17 05:00:00+02:00,24,74.492
2023-01-17 06:00:00+02:00,24,74.947
2023-01-17 07:00:00+02:00,24,74.608
2023-01-17 08:00:00+02:00,24,73.078
2023-01-17 09:00:00+02:00,24,71.396
2023-01-17 10:00:00+02:00,24,68.778
2023-01-17 11:00:00+02:00,24,65.961
2023-01-17 12:00:00+02:00,24,63.744
2023-01-17 13:00:00+02:00,24,60.341
2023-01-17 14:00:00+02:00,24,53.957
2023-01-17 15:00:00+02:00,24,48.143
2023-01-17 16:00:00+02:00,24,44.019
2023-01-17 17:00:00+02:00,24,42.162
2023-01-17 18:00:00+02:00,24,41.551
2023-01-17 19:00:00+02:00,24,42.163
2023-01-17 20:00:00+02:00,24,43.649
2023-01-17 21:00:00+02:00,24,45.708
2023-01-17 22:00:00+02:00,24,47.770
2023-01-17 23:00:00+02:00,24,50.065
2023-01-18 00:00:00+02:00,24,52.787
2023-01-18 01:00:00+02:00,24,55.613
2023-01-18 02:00:00+02:00,24,58.749
2023-01-18 03:00:00+02:00,24,62.580
2023-01-18 04:00:00+02:00,24,65.577
2023-01-18 05:00:00+02:00,24,68.258
2023-01-18 06:00:00+02:00,24,71.889
2023-01-18 07:00:00+02:00,24,75.161
2023-01-18 08:00:00+02:00,24,76.892
2023-01-18 09:00:00+02:00,24,77.534
2023-01-18 10:00:00+02:00,24,77.138
2023-01-18 11:00:00+02:00,24,74.638
2023-01-18 12:00:00+02:00,24,70.301
2023-01-18 13:00:00+02:00,24,65.043
2023-01-18 14:00:00+02:00,24,60.224
2023-01-18 15:00:00+02:00,24,55.578
2023-01-18 16:00:00+02:00,24,51.207
2023-01-18 17:00:00+02:00,24,47.780
2023-01-18 18:00:00+02:00,24,45.850
2023-01-18 19:00:00+02:00,24,44.748
2023-01-18 20:00:00+02:00,24,44.614
2023-01-18 21:00:00+02:00,24,45.225
2023-01-18 22:00:00+02:00,24,46.372
2023-01-18 23:00:00+02:00,24,48.188
2023-01-19 00:00:00+02:00,24,50.286
2023-01-19 01:00:00+02:00,24,52.706
2023-01-19 02:00:00+02:00,24,51.930
2023-01-19 03:00:00+02:00,24,49.379
2023-01-19 04:00:00+02:00,24,49.758
2023-01-19 05:00:00+02:00,24,49.701
2023-01-19 06:00:00+02:00,24,50.710
2023-01-19 07:00:00+02:00,24,53.804
2023-01-19 08:00:00+02:00,24,65.522
2023-01-19 09:00:00+02:00,24,67.905
2023-01-19 10:00:00+02:00,24,66.225
2023-01-19 11:00:00+02:00,24,63.615
2023-01-19 12:00:00+02:00,24,62.582
2023-01-19 13:00:00+02:00,24,63.308
2023-01-19 14:00:00+02:00,24,65.043
2023-01-19 15:00:00+02:00,24,67.475
2023-01-19 16:00:00+02:00,24,69.551
2023-01-19 17:00:00+02:00,24,67.673
2023-01-19 18:00:00+02:00,24,65.785
2023-01-19 19:00:00+02:00,24,63.840
2023-01-19 20:00:00+02:00,24,62.278
2023-01-19 21:00:00+02:00,24,62.216
2023-01-19 22:00:00+02:00,24,68.469
2023-01-19 23:00:00+02:00,24,83.601
2023-01-20 00:00:00+02:00,24,84.419
2023-01-20 01:00:00+02:00,24,83.639
2023-01-20 02:00:00+02:00,24,83.548
2023-01-20 03:00:00+02:00,24,85.180
2023-01-20 04:00:00+02:00,24,105.190
2023-01-20 05:00:00+02:00,24,139.815
2023-01-20 06:00:00+02:00,24,207.502
2023-01-20 06:00:00+02:00,24,264.843
2023-01-20 07:00:00+02:00,24,272.130
2023-01-20 08:00:00+02:00,24,270.788
2023-01-20 09:00:00+02:00,24,287.900
2023-01-20 10:00:00+02:00,24,320.610
2023-01-20 11:00:00+02:00,24,377.817
2023-01-20 12:00:00+02:00,24,456.248
2023-01-20 13:00:00+02:00,24,609.631
2023-01-20 14:00:00+02:00,24,848.151
2023-01-20 15:00:00+02:00,24,1054.122
2023-01-20 16:00:00+02:00,24,1094.599
2023-01-20 17:00:00+02:00,24,1092.330
2023-01-20 18:00:00+02:00,24,1096.367
2023-01-20 19:00:00+02:00,24,1111.996
2023-01-20 20:00:00+02:00,24,1112.291
2023-01-20 21:00:00+02:00,24,1133.510
2023-01-20 22:00:00+02:00,24,1126.366
2023-01-20 23:00:00+02:00,24,1245.962
2023-01-21 00:00:00+02:00,24,1380.108
2023-01-21 01:00:00+02:00,24,1397.645
2023-01-21 02:00:00+02:00,24,1404.301
2023-01-21 03:00:00+02:00,24,1395.704
2023-01-21 04:00:00+02:00,24,1345.845
2023-01-21 05:00:00+02:00,24,1309.571
2023-01-21 06:00:00+02:00,24,1274.003
2023-01-21 07:00:00+02:00,24,1251.301
2023-01-21 08:00:00+02:00,24,1229.044
2023-01-21 09:00:00+02:00,24,1261.487
2023-01-21 10:00:00+02:00,24,1339.493
2023-01-21 11:00:00+02:00,24,1579.129
2023-01-21 12:00:00+02:00,24,1909.407
2023-01-21 13:00:00+02:00,24,2527.460
2023-01-21 14:00:00+02:00,24,3393.328
2023-01-21 15:00:00+02:00,24,3951.885
2023-01-21 16:00:00+02:00,24,3705.037
2023-01-21 17:00:00+02:00,24,3119.848
2023-01-21 18:00:00+02:00,24,2674.117
2023-01-21 19:00:00+02:00,24,2367.645
2023-01-21 20:00:00+02:00,24,2235.488
2023-01-21 21:00:00+02:00,24,2099.374
2023-01-21 22:00:00+02:00,24,2089.026
2023-01-21 23:00:00+02:00,24,2316.479
2023-01-22 00:00:00+02:00,24,2640.519
2023-01-22 01:00:00+02:00,24,2721.595
2023-01-22 02:00:00+02:00,24,2754.032
2023-01-22 03:00:00+02:00,24,2811.725
2023-01-22 04:00:00+02:00,24,2769.284
2023-01-22 05:00:00+02:00,24,2664.163
2022-12-30 06:00:00+02:00,25,641.723
2022-12-30 07:00:00+02:00,25,643.072
2022-12-30 08:00:00+02:00,25,657.359
2022-12-30 09:00:00+02:00,25,657.204
2022-12-30 10:00:00+02:00,25,637.857
2022-12-30 11:00:00+02:00,25,624.929
2022-12-30 12:00:00+02:00,25,553.537
2022-12-30 13:00:00+02:00,25,496.219
2022-12-30 14:00:00+02:00,25,443.635
2022-12-30 15:00:00+02:00,25,411.853
2022-12-30 16:00:00+02:00,25,384.552
2022-12-30 17:00:00+02:00,25,359.770
2022-12-30 18:00:00+02:00,25,337.044
2022-12-30 19:00:00+02:00,25,332.472
2022-12-30 20:00:00+02:00,25,323.608
2022-12-30 21:00:00+02:00,25,309.158
2022-12-30 22:00:00+02:00,25,300.616
2022-12-30 23:00:00+02:00,25,290.836
2022-12-31 00:00:00+02:00,25,287.023
2022-12-31 01:00:00+02:00,25,283.055
2022-12-31 02:00:00+02:00,25,280.072
2022-12-31 03:00:00+02:00,25,272.674
2022-12-31 04:00:00+02:00,25,266.636
2022-12-31 05:00:00+02:00,25,262.059
2022-12-31 06:00:00+02:00,25,255.030
2022-12-31 07:00:00+02:00,25,249.515
2022-12-31 08:00:00+02:00,25,246.727
2022-12-31 09:00:00+02:00,25,243.487
2022-12-31 10:00:00+02:00,25,247.896
2022-12-31 11:00:00+02:00,25,255.100
2022-12-31 12:00:00+02:00,25,260.845
2022-12-31 13:00:00+02:00,25,265.394
2022-12-31 14:00:00+02:00,25,263.015
2022-12-31 15:00:00+02:00,25,260.822
2022-12-31 16:00:00+02:00,25,257.691
2022-12-31 17:00:00+02:00,25,251.570
2022-12-31 18:00:00+02:00,25,246.468
2022-12-31 19:00:00+02:00,25,241.637
2022-12-31 20:00:00+02:00,25,238.419
2022-12-31 21:00:00+02:00,25,236.200
2022-12-31 22:00:00+02:00,25,232.047
2022-12-31 23:00:00+02:00,25,224.925
2023-01-01 00:00:00+02:00,25,220.253
2023-01-01 01:00:00+02:00,25,218.209
2023-01-01 02:00:00+02:00,25,220.570
2023-01-01 03:00:00+02:00,25,225.586
2023-01-01 04:00:00+02:00,25,230.526
2023-01-01 05:00:00+02:00,25,234.971
2023-01-01 06:00:00+02:00,25,238.550
2023-01-01 07:00:00+02:00,25,224.651
2023-01-01 08:00:00+02:00,25,215.581
2023-01-01 09:00:00+02:00,25,212.213
2023-01-01 10:00:00+02:00,25,212.732
2023-01-01 11:00:00+02:00,25,213.340
2023-01-01 12:00:00+02:00,25,213.200
2023-01-01 13:00:00+02:00,25,212.572
2023-01-01 14:00:00+02:00,25,211.594
2023-01-01 15:00:00+02:00,25,209.400
2023-01-01 16:00:00+02:00,25,206.407
2023-01-01 17:00:00+02:00,25,202.704
2023-01-01 18:00:00+02:00,25,198.270
2023-01-01 19:00:00+02:00,25,191.787
2023-01-01 20:00:00+02:00,25,183.975
2023-01-01 21:00:00+02:00,25,177.510
2023-01-01 22:00:00+02:00,25,168.713
2023-01-01 23:00:00+02:00,25,158.086
2023-01-02 00:00:00+02:00,25,145.641
2023-01-02 01:00:00+02:00,25,138.875
2023-01-02 02:00:00+02:00,25,132.034
2023-01-02 03:00:00+02:00,25,125.654
2023-01-02 04:00:00+02:00,25,121.073
2023-01-02 05:00:00+02:00,25,117.412
2023-01-02 06:00:00+02:00,25,115.021
2023-01-02 07:00:00+02:00,25,111.830
2023-01-02 08:00:00+02:00,25,107.978
2023-01-02 09:00:00+02:00,25,105.520
2023-01-02 10:00:00+02:00,25,105.397
2023-01-02 11:00:00+02:00,25,103.735
2023-01-02 12:00:00+02:00,25,102.728
2023-01-02 13:00:00+02:00,25,103.084
2023-01-02 14:00:00+02:00,25,103.514
2023-01-02 15:00:00+02:00,25,102.274
2023-01-02 16:00:00+02:00,25,100.464
2023-01-02 17:00:00+02:00,25,96.202
2023-01-02 18:00:00+02:00,25,91.346
2023-01-02 19:00:00+02:00,25,89.245
2023-01-02 20:00:00+02:00,25,84.947
2023-01-02 21:00:00+02:00,25,77.981
2023-01-02 22:00:00+02:00,25,73.430
2023-01-02 23:00:00+02:00,25,68.348
2023-01-03 00:00:00+02:00,25,66.780
2023-01-03 01:00:00+02:00,25,64.670
2023-01-03 02:00:00+02:00,25,62.658
2023-01-03 03:00:00+02:00,25,61.878
2023-01-03 04:00:00+02:00,25,65.200
2023-01-03 05:00:00+02:00,25,70.122
2023-01-03 06:00:00+02:00,25,75.286
2023-01-03 07:00:00+02:00,25,81.888
2023-01-03 08:00:00+02:00,25,90.305
2023-01-03 09:00:00+02:00,25,97.357
2023-01-03 10:00:00+02:00,25,101.542
2023-01-03 11:00:00+02:00,25,101.480
2023-01-03 12:00:00+02:00,25,98.926
2023-01-03 13:00:00+02:00,25,98.426
2023-01-03 14:00:00+02:00,25,94.156
2023-01-03 15:00:00+02:00,25,84.528
2023-01-03 16:00:00+02:00,25,77.191
2023-01-03 17:00:00+02:00,25,69.933
2023-01-03 18:00:00+02:00,25,67.810
2023-01-03 19:00:00+02:00,25,107.346
2023-01-03 20:00:00+02:00,25,85.553
2023-01-03 21:00:00+02:00,25,62.285
2023-01-03 22:00:00+02:00,25,59.732
2023-01-03 23:00:00+02:00,25,57.892
2023-01-04 00:00:00+02:00,25,59.918
2023-01-04 01:00:00+02:00,25,62.401
2023-01-04 02:00:00+02:00,25,62.567
2023-01-04 03:00:00+02:00,25,63.198
2023-01-04 04:00:00+02:00,25,67.310
2023-01-04 05:00:00+02:00,25,71.350
2023-01-04 06:00:00+02:00,25,76.109
2023-01-04 07:00:00+02:00,25,79.578
2023-01-04 08:00:00+02:00,25,83.433
2023-01-04 09:00:00+02:00,25,85.914
2023-01-04 10:00:00+02:00,25,87.976
2023-01-04 11:00:00+02:00,25,89.143
2023-01-04 12:00:00+02:00,25,88.951
2023-01-04 13:00:00+02:00,25,90.641
2023-01-04 14:00:00+02:00,25,88.132
2023-01-04 15:00:00+02:00,25,88.530
2023-01-04 16:00:00+02:00,25,90.719
2023-01-04 17:00:00+02:00,25,97.630
2023-01-04 18:00:00+02:00,25,127.770
2023-01-04 19:00:00+02:00,25,163.056
2023-01-04 20:00:00+02:00,25,189.429
2023-01-04 21:00:00+02:00,25,209.009
2023-01-04 22:00:00+02:00,25,221.098
2023-01-04 23:00:00+02:00,25,226.201
2023-01-05 00:00:00+02:00,25,227.117
2023-01-05 01:00:00+02:00,25,227.059
2023-01-05 02:00:00+02:00,25,225.741
2023-01-05 03:00:00+02:00,25,224.231
2023-01-05 04:00:00+02:00,25,222.190
2023-01-05 05:00:00+02:00,25,220.119
2023-01-05 06:00:00+02:00,25,221.919
2023-01-05 07:00:00+02:00,25,224.979
2023-01-05 08:00:00+02:00,25,222.537
2023-01-05 09:00:00+02:00,25,252.170
2023-01-05 10:00:00+02:00,25,257.626
2023-01-05 11:00:00+02:00,25,257.333
2023-01-05 12:00:00+02:00,25,261.373
2023-01-05 13:00:00+02:00,25,274.694
2023-01-05 14:00:00+02:00,25,302.365
2023-01-05 15:00:00+02:00,25,342.147
2023-01-05 16:00:00+02:00,25,414.438
2023-01-05 17:00:00+02:00,25,702.779
2023-01-05 18:00:00+02:00,25,976.846
2023-01-05 19:00:00+02:00,25,1280.732
2023-01-05 20:00:00+02:00,25,1518.301
2023-01-05 21:00:00+02:00,25,1545.715
2023-01-05 22:00:00+02:00,25,1531.521
2023-01-05 23:00:00+02:00,25,1632.971
2023-01-06 00:00:00+02:00,25,2400.869
2023-01-06 01:00:00+02:00,25,4147.844
2023-01-06 02:00:00+02:00,25,5207.885
2023-01-06 03:00:00+02:00,25,5173.126
2023-01-06 04:00:00+02:00,25,4477.016
2023-01-06 05:00:00+02:00,25,3770.862
2023-01-06 06:00:00+02:00,25,3310.631
2023-01-06 07:00:00+02:00,25,3032.076
2023-01-06 08:00:00+02:00,25,2829.612
2023-01-06 09:00:00+02:00,25,2648.947
2023-01-06 10:00:00+02:00,25,2490.272
2023-01-06 11:00:00+02:00,25,2341.593
2023-01-06 12:00:00+02:00,25,2222.147
2023-01-06 13:00:00+02:00,25,2141.747
2023-01-06 14:00:00+02:00,25,2118.608
2023-01-06 15:00:00+02:00,25,2166.318
2023-01-06 16:00:00+02:00,25,2231.417
2023-01-06 17:00:00+02:00,25,2268.823
2023-01-06 18:00:00+02:00,25,2310.552
2023-01-06 19:00:00+02:00,25,2365.515
2023-01-06 20:00:00+02:00,25,2415.412
2023-01-06 21:00:00+02:00,25,2467.371
2023-01-06 22:00:00+02:00,25,2501.527
2023-01-06 23:00:00+02:00,25,2521.135
2023-01-07 00:00:00+02:00,25,2493.569
2023-01-07 01:00:00+02:00,25,2471.612
2023-01-07 02:00:00+02:00,25,2468.335
2023-01-07 03:00:00+02:00,25,2475.208
2023-01-07 04:00:00+02:00,25,2468.601
2023-01-07 05:00:00+02:00,25,2478.793
2023-01-07 06:00:00+02:00,25,2465.274
2023-01-07 07:00:00+02:00,25,2410.747
2023-01-07 08:00:00+02:00,25,2306.310
2023-01-07 09:00:00+02:00,25,2100.831
2023-01-07 10:00:00+02:00,25,1842.802
2023-01-07 11:00:00+02:00,25,1519.086
2023-01-07 12:00:00+02:00,25,1221.786
2023-01-07 13:00:00+02:00,25,1002.599
2023-01-07 14:00:00+02:00,25,842.190
2023-01-07 15:00:00+02:00,25,727.288
2023-01-07 16:00:00+02:00,25,647.144
2023-01-07 17:00:00+02:00,25,611.387
2023-01-07 18:00:00+02:00,25,587.580
2023-01-07 19:00:00+02:00,25,563.110
2023-01-07 20:00:00+02:00,25,550.377
2023-01-07 21:00:00+02:00,25,535.590
2023-01-07 22:00:00+02:00,25,527.598
2023-01-07 23:00:00+02:00,25,520.185
2023-01-08 00:00:00+02:00,25,514.821
2023-01-08 01:00:00+02:00,25,504.139
2023-01-08 02:00:00+02:00,25,497.413
2023-01-08 03:00:00+02:00,25,491.370
2023-01-08 04:00:00+02:00,25,485.337
2023-01-08 05:00:00+02:00,25,480.407
2023-01-08 06:00:00+02:00,25,477.071
2023-01-08 07:00:00+02:00,25,472.900
2023-01-08 08:00:00+02:00,25,469.284
2023-01-08 09:00:00+02:00,25,468.716
2023-01-08 10:00:00+02:00,25,469.446
2023-01-08 11:00:00+02:00,25,469.920
2023-01-08 12:00:00+02:00,25,460.714
2023-01-08 13:00:00+02:00,25,454.436
2023-01-08 14:00:00+02:00,25,448.025
2023-01-08 15:00:00+02:00,25,441.185
2023-01-08 16:00:00+02:00,25,429.402
2023-01-08 17:00:00+02:00,25,419.889
2023-01-08 18:00:00+02:00,25,415.078
2023-01-08 19:00:00+02:00,25,416.602
2023-01-08 20:00:00+02:00,25,427.197
2023-01-08 21:00:00+02:00,25,447.435
2023-01-08 22:00:00+02:00,25,483.302
2023-01-08 23:00:00+02:00,25,515.518
2023-01-09 00:00:00+02:00,25,529.844
2023-01-09 01:00:00+02:00,25,525.971
2023-01-09 02:00:00+02:00,25,505.315
2023-01-09 03:00:00+02:00,25,468.367
2023-01-09 04:00:00+02:00,25,419.641
2023-01-09 05:00:00+02:00,25,373.073
2023-01-09 06:00:00+02:00,25,330.779
2023-01-09 07:00:00+02:00,25,281.183
2023-01-09 08:00:00+02:00,25,238.263
2023-01-09 09:00:00+02:00,25,205.171
2023-01-09 10:00:00+02:00,25,174.870
2023-01-09 11:00:00+02:00,25,150.382
2023-01-09 12:00:00+02:00,25,130.635
2023-01-09 13:00:00+02:00,25,109.642
2023-01-09 14:00:00+02:00,25,92.489
2023-01-09 15:00:00+02:00,25,81.396
2023-01-09 16:00:00+02:00,25,73.061
2023-01-09 17:00:00+02:00,25,60.774
2023-01-09 18:00:00+02:00,25,52.242
2023-01-09 19:00:00+02:00,25,48.526
2023-01-09 20:00:00+02:00,25,48.077
2023-01-09 21:00:00+02:00,25,49.553
2023-01-09 22:00:00+02:00,25,52.082
2023-01-09 23:00:00+02:00,25,53.125
2023-01-10 00:00:00+02:00,25,56.256
2023-01-10 01:00:00+02:00,25,61.754
2023-01-10 02:00:00+02:00,25,67.824
2023-01-10 03:00:00+02:00,25,73.085
2023-01-10 04:00:00+02:00,25,77.626
2023-01-10 05:00:00+02:00,25,81.111
2023-01-10 06:00:00+02:00,25,83.921
2023-01-10 07:00:00+02:00,25,85.060
2023-01-10 08:00:00+02:00,25,84.914
2023-01-10 09:00:00+02:00,25,82.857
2023-01-10 10:00:00+02:00,25,80.887
2023-01-10 11:00:00+02:00,25,77.765
2023-01-10 12:00:00+02:00,25,74.970
2023-01-10 13:00:00+02:00,25,69.390
2023-01-10 14:00:00+02:00,25,62.914
2023-01-10 15:00:00+02:00,25,54.423
2023-01-10 16:00:00+02:00,25,48.429
2023-01-10 17:00:00+02:00,25,45.420
2023-01-10 18:00:00+02:00,25,45.244
2023-01-10 19:00:00+02:00,25,44.977
2023-01-10 20:00:00+02:00,25,47.472
2023-01-10 21:00:00+02:00,25,49.455
2023-01-10 22:00:00+02:00,25,52.510
2023-01-10 23:00:00+02:00,25,53.955
2023-01-11 00:00:00+02:00,25,56.999
2023-01-11 01:00:00+02:00,25,58.998
2023-01-11 02:00:00+02:00,25,62.494
2023-01-11 03:00:00+02:00,25,67.967
2023-01-11 04:00:00+02:00,25,71.390
2023-01-11 05:00:00+02:00,25,72.362
2023-01-11 06:00:00+02:00,25,74.173
2023-01-11 07:00:00+02:00,25,76.943
2023-01-11 08:00:00+02:00,25,79.188
2023-01-11 09:00:00+02:00,25,78.745
2023-01-11 10:00:00+02:00,25,75.771
2023-01-11 11:00:00+02:00,25,76.725
2023-01-11 12:00:00+02:00,25,79.280
2023-01-11 13:00:00+02:00,25,79.170
2023-01-11 14:00:00+02:00,25,78.214
2023-01-11 15:00:00+02:00,25,77.557
2023-01-11 16:00:00+02:00,25,74.729
2023-01-11 17:00:00+02:00,25,67.728
2023-01-11 18:00:00+02:00,25,63.387
2023-01-11 19:00:00+02:00,25,61.472
2023-01-11 20:00:00+02:00,25,61.138
2023-01-11 21:00:00+02:00,25,62.286
2023-01-11 22:00:00+02:00,25,64.437
2023-01-11 23:00:00+02:00,25,66.620
2023-01-12 00:00:00+02:00,25,68.958
2023-01-12 01:00:00+02:00,25,71.201
2023-01-12 02:00:00+02:00,25,73.062
2023-01-12 03:00:00+02:00,25,72.975
2023-01-12 04:00:00+02:00,25,74.038
2023-01-12 05:00:00+02:00,25,75.655
2023-01-12 06:00:00+02:00,25,74.970
2023-01-12 07:00:00+02:00,25,73.640
2023-01-12 08:00:00+02:00,25,71.323
2023-01-12 09:00:00+02:00,25,69.591
2023-01-12 10:00:00+02:00,25,68.963
2023-01-12 11:00:00+02:00,25,65.651
2023-01-12 12:00:00+02:00,25,60.431
2023-01-12 13:00:00+02:00,25,56.167
2023-01-12 14:00:00+02:00,25,48.228
2023-01-12 15:00:00+02:00,25,41.620
2023-01-12 16:00:00+02:00,25,36.702
2023-01-12 17:00:00+02:00,25,36.514
2023-01-12 18:00:00+02:00,25,38.592
2023-01-12 19:00:00+02:00,25,41.284
2023-01-12 20:00:00+02:00,25,45.181
2023-01-12 21:00:00+02:00,25,48.636
2023-01-12 22:00:00+02:00,25,52.051
2023-01-12 23:00:00+02:00,25,54.923
2023-01-13 00:00:00+02:00,25,57.283
2023-01-13 01:00:00+02:00,25,60.454
2023-01-13 02:00:00+02:00,25,63.448
2023-01-13 03:00:00+02:00,25,66.231
2023-01-13 04:00:00+02:00,25,71.202
2023-01-13 05:00:00+02:00,25,76.303
2023-01-13 06:00:00+02:00,25,79.375
2023-01-13 07:00:00+02:00,25,80.519
2023-01-13 08:00:00+02:00,25,79.643
2023-01-13 09:00:00+02:00,25,74.310
2023-01-13 10:00:00+02:00,25,72.983
2023-01-13 11:00:00+02:00,25,71.897
2023-01-13 12:00:00+02:00,25,67.545
2023-01-13 13:00:00+02:00,25,59.207
2023-01-13 14:00:00+02:00,25,51.016
2023-01-13 15:00:00+02:00,25,44.730
2023-01-13 16:00:00+02:00,25,42.055
2023-01-13 17:00:00+02:00,25,39.272
2023-01-13 18:00:00+02:00,25,40.347
2023-01-13 19:00:00+02:00,25,42.325
2023-01-13 20:00:00+02:00,25,43.931
2023-01-13 21:00:00+02:00,25,45.305
2023-01-13 22:00:00+02:00,25,48.908
2023-01-13 23:00:00+02:00,25,52.186
2023-01-14 00:00:00+02:00,25,55.124
2023-01-14 01:00:00+02:00,25,61.384
2023-01-14 02:00:00+02:00,25,62.788
2023-01-14 03:00:00+02:00,25,62.537
2023-01-14 04:00:00+02:00,25,66.098
2023-01-14 05:00:00+02:00,25,72.943
2023-01-14 06:00:00+02:00,25,83.726
2023-01-14 07:00:00+02:00,25,94.838
2023-01-14 08:00:00+02:00,25,103.602
2023-01-14 09:00:00+02:00,25,111.497
2023-01-14 10:00:00+02:00,25,108.068
2023-01-14 11:00:00+02:00,25,104.015
2023-01-14 12:00:00+02:00,25,108.604
2023-01-14 13:00:00+02:00,25,107.124
2023-01-14 14:00:00+02:00,25,102.372
2023-01-14 15:00:00+02:00,25,100.337
2023-01-14 16:00:00+02:00,25,101.188
2023-01-14 17:00:00+02:00,25,100.560
2023-01-14 18:00:00+02:00,25,107.755
2023-01-14 19:00:00+02:00,25,111.825
2023-01-14 20:00:00+02:00,25,116.643
2023-01-14 21:00:00+02:00,25,122.358
2023-01-14 22:00:00+02:00,25,127.740
2023-01-14 23:00:00+02:00,25,134.098
2023-01-15 00:00:00+02:00,25,138.267
2023-01-15 01:00:00+02:00,25,144.158
2023-01-15 02:00:00+02:00,25,146.764
2023-01-15 03:00:00+02:00,25,152.965
2023-01-15 04:00:00+02:00,25,154.322
2023-01-15 05:00:00+02:00,25,151.180
2023-01-15 06:00:00+02:00,25,151.089
2023-01-15 07:00:00+02:00,25,119.719
2023-01-15 08:00:00+02:00,25,96.464
2023-01-15 09:00:00+02:00,25,87.756
2023-01-15 10:00:00+02:00,25,78.926
2023-01-15 11:00:00+02:00,25,70.224
2023-01-15 12:00:00+02:00,25,62.278
2023-01-15 13:00:00+02:00,25,60.116
2023-01-15 14:00:00+02:00,25,61.244
2023-01-15 15:00:00+02:00,25,66.544
2023-01-15 16:00:00+02:00,25,72.400
2023-01-15 17:00:00+02:00,25,76.747
2023-01-15 18:00:00+02:00,25,92.182
2023-01-15 19:00:00+02:00,25,118.416
2023-01-15 20:00:00+02:00,25,151.772
2023-01-15 21:00:00+02:00,25,193.166
2023-01-15 22:00:00+02:00,25,222.978
2023-01-15 23:00:00+02:00,25,245.973
2023-01-16 00:00:00+02:00,25,260.757
2023-01-16 01:00:00+02:00,25,271.097
2023-01-16 02:00:00+02:00,25,296.849
2023-01-16 03:00:00+02:00,25,310.730
2023-01-16 04:00:00+02:00,25,318.780
2023-01-16 05:00:00+02:00,25,319.900
2023-01-16 06:00:00+02:00,25,295.589
2023-01-16 07:00:00+02:00,25,245.217
2023-01-16 08:00:00+02:00,25,212.259
2023-01-16 09:00:00+02:00,25,202.389
2023-01-16 10:00:00+02:00,25,191.943
2023-01-16 11:00:00+02:00,25,181.432
2023-01-16 12:00:00+02:00,25,156.782
2023-01-16 13:00:00+02:00,25,131.240
2023-01-16 14:00:00+02:00,25,110.582
2023-01-16 15:00:00+02:00,25,97.914
2023-01-16 16:00:00+02:00,25,87.789
2023-01-16 17:00:00+02:00,25,77.920
2023-01-16 18:00:00+02:00,25,75.129
2023-01-16 19:00:00+02:00,25,75.138
2023-01-16 20:00:00+02:00,25,76.447
2023-01-16 21:00:00+02:00,25,77.103
2023-01-16 22:00:00+02:00,25,77.375
2023-01-16 23:00:00+02:00,25,77.644
2023-01-17 00:00:00+02:00,25,77.141
2023-01-17 01:00:00+02:00,25,77.044
2023-01-17 02:00:00+02:00,25,77.098
2023-01-17 03:00:00+02:00,25,76.513
2023-01-17 04:00:00+02:00,25,75.657
2023-01-17 05:00:00+02:00,25,77.911
2023-01-17 06:00:00+02:00,25,77.318
2023-01-17 07:00:00+02:00,25,75.466
2023-01-17 08:00:00+02:00,25,72.580
2023-01-17 09:00:00+02:00,25,71.211
2023-01-17 10:00:00+02:00,25,66.914
2023-01-17 11:00:00+02:00,25,64.158
2023-01-17 12:00:00+02:00,25,62.578
2023-01-17 13:00:00+02:00,25,57.125
2023-01-17 14:00:00+02:00,25,49.275
2023-01-17 15:00:00+02:00,25,44.616
2023-01-17 16:00:00+02:00,25,41.972
2023-01-17 17:00:00+02:00,25,41.992
2023-01-17 18:00:00+02:00,25,42.299
2023-01-17 19:00:00+02:00,25,44.475
2023-01-17 20:00:00+02:00,25,47.091
2023-01-17 21:00:00+02:00,25,48.647
2023-01-17 22:00:00+02:00,25,50.723
2023-01-17 23:00:00+02:00,25,53.640
2023-01-18 00:00:00+02:00,25,56.685
2023-01-18 01:00:00+02:00,25,60.290
2023-01-18 02:00:00+02:00,25,63.851
2023-01-18 03:00:00+02:00,25,67.107
2023-01-18 04:00:00+02:00,25,71.774
2023-01-18 05:00:00+02:00,25,76.214
2023-01-18 06:00:00+02:00,25,78.535
2023-01-18 07:00:00+02:00,25,79.212
2023-01-18 08:00:00+02:00,25,79.610
2023-01-18 09:00:00+02:00,25,80.336
2023-01-18 10:00:00+02:00,25,77.100
2023-01-18 11:00:00+02:00,25,72.832
2023-01-18 12:00:00+02:00,25,66.794
2023-01-18 13:00:00+02:00,25,60.893
2023-01-18 14:00:00+02:00,25,56.411
2023-01-18 15:00:00+02:00,25,51.966
2023-01-18 16:00:00+02:00,25,48.133
2023-01-18 17:00:00+02:00,25,45.795
2023-01-18 18:00:00+02:00,25,45.392
2023-01-18 19:00:00+02:00,25,44.959
2023-01-18 20:00:00+02:00,25,46.205
2023-01-18 21:00:00+02:00,25,47.139
2023-01-18 22:00:00+02:00,25,49.905
2023-01-18 23:00:00+02:00,25,52.641
2023-01-19 00:00:00+02:00,25,55.368
2023-01-19 01:00:00+02:00,25,57.499
2023-01-19 02:00:00+02:00,25,65.800
2023-01-19 03:00:00+02:00,25,65.286
2023-01-19 04:00:00+02:00,25,68.892
2023-01-19 05:00:00+02:00,25,75.115
2023-01-19 06:00:00+02:00,25,79.378
2023-01-19 07:00:00+02:00,25,84.314
2023-01-19 08:00:00+02:00,25,75.687
2023-01-19 09:00:00+02:00,25,70.541
2023-01-19 10:00:00+02:00,25,64.553
2023-01-19 11:00:00+02:00,25,62.924
2023-01-19 12:00:00+02:00,25,63.894
2023-01-19 13:00:00+02:00,25,66.352
2023-01-19 14:00:00+02:00,25,70.118
2023-01-19 15:00:00+02:00,25,73.468
2023-01-19 16:00:00+02:00,25,77.096
2023-01-19 17:00:00+02:00,25,84.409
2023-01-19 18:00:00+02:00,25,90.389
2023-01-19 19:00:00+02:00,25,94.193
2023-01-19 20:00:00+02:00,25,98.102
2023-01-19 21:00:00+02:00,25,94.916
2023-01-19 22:00:00+02:00,25,91.720
2023-01-19 23:00:00+02:00,25,93.005
2023-01-20 00:00:00+02:00,25,97.738
2023-01-20 01:00:00+02:00,25,104.408
2023-01-20 02:00:00+02:00,25,110.962
2023-01-20 03:00:00+02:00,25,115.853
2023-01-20 04:00:00+02:00,25,114.501
2023-01-20 05:00:00+02:00,25,123.779
2023-01-20 06:00:00+02:00,25,157.183
2023-01-20 06:00:00+02:00,25,203.785
2023-01-20 07:00:00+02:00,25,268.192
2023-01-20 08:00:00+02:00,25,323.658
2023-01-20 09:00:00+02:00,25,357.005
2023-01-20 10:00:00+02:00,25,377.462
2023-01-20 11:00:00+02:00,25,413.697
2023-01-20 12:00:00+02:00,25,460.502
2023-01-20 13:00:00+02:00,25,533.502
2023-01-20 14:00:00+02:00,25,685.872
2023-01-20 15:00:00+02:00,25,949.681
2023-01-20 16:00:00+02:00,25,1107.282
2023-01-20 17:00:00+02:00,25,1169.489
2023-01-20 18:00:00+02:00,25,1211.839
2023-01-20 19:00:00+02:00,25,1276.510
2023-01-20 20:00:00+02:00,25,1398.443
2023-01-20 21:00:00+02:00,25,1476.645
2023-01-20 22:00:00+02:00,25,1641.327
2023-01-20 23:00:00+02:00,25,1666.387
2023-01-21 00:00:00+02:00,25,1535.003
2023-01-21 01:00:00+02:00,25,1546.983
2023-01-21 02:00:00+02:00,25,1597.160
2023-01-21 03:00:00+02:00,25,1328.915
2023-01-21 04:00:00+02:00,25,1229.000
2023-01-21 05:00:00+02:00,25,1258.456
2023-01-21 06:00:00+02:00,25,1298.359
2023-01-21 07:00:00+02:00,25,1325.040
2023-01-21 08:00:00+02:00,25,1353.341
2023-01-21 09:00:00+02:00,25,1347.490
2023-01-21 10:00:00+02:00,25,1366.185
2023-01-21 11:00:00+02:00,25,1423.861
2023-01-21 12:00:00+02:00,25,1548.208
2023-01-21 13:00:00+02:00,25,1856.146
2023-01-21 14:00:00+02:00,25,2516.785
2023-01-21 15:00:00+02:00,25,3421.031
2023-01-21 16:00:00+02:00,25,3743.207
2023-01-21 17:00:00+02:00,25,3542.059
2023-01-21 18:00:00+02:00,25,3244.033
2023-01-21 19:00:00+02:00,25,3010.290
2023-01-21 20:00:00+02:00,25,2991.865
2023-01-21 21:00:00+02:00,25,2893.281
2023-01-21 22:00:00+02:00,25,3040.372
2023-01-21 23:00:00+02:00,25,3135.297
2023-01-22 00:00:00+02:00,25,3117.458
2023-01-22 01:00:00+02:00,25,3147.410
2023-01-22 02:00:00+02:00,25,3190.043
2023-01-22 03:00:00+02:00,25,2924.241
2023-01-22 04:00:00+02:00,25,2799.826
2023-01-22 05:00:00+02:00,25,2769.792
2022-12-30 06:00:00+02:00,26,606.781
2022-12-30 07:00:00+02:00,26,612.437
2022-12-30 08:00:00+02:00,26,621.804
2022-12-30 09:00:00+02:00,26,625.130
2022-12-30 10:00:00+02:00,26,627.742
2022-12-30 11:00:00+02:00,26,621.115
2022-12-30 12:00:00+02:00,26,593.555
2022-12-30 13:00:00+02:00,26,550.528
2022-12-30 14:00:00+02:00,26,498.783
2022-12-30 15:00:00+02:00,26,461.011
2022-12-30 16:00:00+02:00,26,428.684
2022-12-30 17:00:00+02:00,26,400.249
2022-12-30 18:00:00+02:00,26,374.730
2022-12-30 19:00:00+02:00,26,362.714
2022-12-30 20:00:00+02:00,26,349.907
2022-12-30 21:00:00+02:00,26,335.316
2022-12-30 22:00:00+02:00,26,323.646
2022-12-30 23:00:00+02:00,26,312.118
2022-12-31 00:00:00+02:00,26,303.347
2022-12-31 01:00:00+02:00,26,295.316
2022-12-31 02:00:00+02:00,26,288.139
2022-12-31 03:00:00+02:00,26,280.745
2022-12-31 04:00:00+02:00,26,273.675
2022-12-31 05:00:00+02:00,26,267.098
2022-12-31 06:00:00+02:00,26,260.414
2022-12-31 07:00:00+02:00,26,253.878
2022-12-31 08:00:00+02:00,26,248.022
2022-12-31 09:00:00+02:00,26,242.606
2022-12-31 10:00:00+02:00,26,239.438
2022-12-31 11:00:00+02:00,26,237.717
2022-12-31 12:00:00+02:00,26,235.290
2022-12-31 13:00:00+02:00,26,230.895
2022-12-31 14:00:00+02:00,26,225.730
2022-12-31 15:00:00+02:00,26,221.002
2022-12-31 16:00:00+02:00,26,216.656
2022-12-31 17:00:00+02:00,26,212.970
2022-12-31 18:00:00+02:00,26,209.820
2022-12-31 19:00:00+02:00,26,207.234
2022-12-31 20:00:00+02:00,26,204.820
2022-12-31 21:00:00+02:00,26,202.480
2022-12-31 22:00:00+02:00,26,201.094
2022-12-31 23:00:00+02:00,26,202.051
2023-01-01 00:00:00+02:00,26,204.350
2023-01-01 01:00:00+02:00,26,207.821
2023-01-01 02:00:00+02:00,26,206.969
2023-01-01 03:00:00+02:00,26,202.931
2023-01-01 04:00:00+02:00,26,199.083
2023-01-01 05:00:00+02:00,26,195.728
2023-01-01 06:00:00+02:00,26,192.077
2023-01-01 07:00:00+02:00,26,193.879
2023-01-01 08:00:00+02:00,26,196.867
2023-01-01 09:00:00+02:00,26,199.258
2023-01-01 10:00:00+02:00,26,199.166
2023-01-01 11:00:00+02:00,26,198.475
2023-01-01 12:00:00+02:00,26,197.760
2023-01-01 13:00:00+02:00,26,196.843
2023-01-01 14:00:00+02:00,26,195.540
2023-01-01 15:00:00+02:00,26,193.999
2023-01-01 16:00:00+02:00,26,191.548
2023-01-01 17:00:00+02:00,26,187.471
2023-01-01 18:00:00+02:00,26,181.493
2023-01-01 19:00:00+02:00,26,173.360
2023-01-01 20:00:00+02:00,26,163.659
2023-01-01 21:00:00+02:00,26,154.545
2023-01-01 22:00:00+02:00,26,144.738
2023-01-01 23:00:00+02:00,26,134.531
2023-01-02 00:00:00+02:00,26,124.144
2023-01-02 01:00:00+02:00,26,116.954
2023-01-02 02:00:00+02:00,26,110.836
2023-01-02 03:00:00+02:00,26,105.893
2023-01-02 04:00:00+02:00,26,102.280
2023-01-02 05:00:00+02:00,26,99.662
2023-01-02 06:00:00+02:00,26,97.784
2023-01-02 07:00:00+02:00,26,96.499
2023-01-02 08:00:00+02:00,26,95.646
2023-01-02 09:00:00+02:00,26,94.224
2023-01-02 10:00:00+02:00,26,91.837
2023-01-02 11:00:00+02:00,26,88.542
2023-01-02 12:00:00+02:00,26,84.875
2023-01-02 13:00:00+02:00,26,81.481
2023-01-02 14:00:00+02:00,26,78.255
2023-01-02 15:00:00+02:00,26,74.809
2023-01-02 16:00:00+02:00,26,71.335
2023-01-02 17:00:00+02:00,26,67.395
2023-01-02 18:00:00+02:00,26,63.326
2023-01-02 19:00:00+02:00,26,59.985
2023-01-02 20:00:00+02:00,26,56.445
2023-01-02 21:00:00+02:00,26,52.674
2023-01-02 22:00:00+02:00,26,49.777
2023-01-02 23:00:00+02:00,26,47.610
2023-01-03 00:00:00+02:00,26,46.589
2023-01-03 01:00:00+02:00,26,46.636
2023-01-03 02:00:00+02:00,26,48.387
2023-01-03 03:00:00+02:00,26,53.172
2023-01-03 04:00:00+02:00,26,58.835
2023-01-03 05:00:00+02:00,26,64.296
2023-01-03 06:00:00+02:00,26,71.576
2023-01-03 07:00:00+02:00,26,81.186
2023-01-03 08:00:00+02:00,26,90.667
2023-01-03 09:00:00+02:00,26,94.711
2023-01-03 10:00:00+02:00,26,94.759
2023-01-03 11:00:00+02:00,26,91.445
2023-01-03 12:00:00+02:00,26,85.298
2023-01-03 13:00:00+02:00,26,80.078
2023-01-03 14:00:00+02:00,26,73.746
2023-01-03 15:00:00+02:00,26,65.288
2023-01-03 16:00:00+02:00,26,58.122
2023-01-03 17:00:00+02:00,26,51.951
2023-01-03 18:00:00+02:00,26,48.376
2023-01-03 19:00:00+02:00,26,46.085
2023-01-03 20:00:00+02:00,26,43.490
2023-01-03 21:00:00+02:00,26,43.082
2023-01-03 22:00:00+02:00,26,43.598
2023-01-03 23:00:00+02:00,26,45.278
2023-01-04 00:00:00+02:00,26,46.706
2023-01-04 01:00:00+02:00,26,48.135
2023-01-04 02:00:00+02:00,26,51.230
2023-01-04 03:00:00+02:00,26,56.772
2023-01-04 04:00:00+02:00,26,61.052
2023-01-04 05:00:00+02:00,26,66.006
2023-01-04 06:00:00+02:00,26,69.355
2023-01-04 07:00:00+02:00,26,73.518
2023-01-04 08:00:00+02:00,26,75.941
2023-01-04 09:00:00+02:00,26,77.571
2023-01-04 10:00:00+02:00,26,77.503
2023-01-04 11:00:00+02:00,26,76.161
2023-01-04 12:00:00+02:00,26,73.812
2023-01-04 13:00:00+02:00,26,71.341
2023-01-04 14:00:00+02:00,26,67.977
2023-01-04 15:00:00+02:00,26,65.086
2023-01-04 16:00:00+02:00,26,77.702
2023-01-04 17:00:00+02:00,26,87.061
2023-01-04 18:00:00+02:00,26,103.783
2023-01-04 19:00:00+02:00,26,130.143
2023-01-04 20:00:00+02:00,26,155.954
2023-01-04 21:00:00+02:00,26,181.435
2023-01-04 22:00:00+02:00,26,201.618
2023-01-04 23:00:00+02:00,26,210.786
2023-01-05 00:00:00+02:00,26,218.841
2023-01-05 01:00:00+02:00,26,220.988
2023-01-05 02:00:00+02:00,26,221.027
2023-01-05 03:00:00+02:00,26,219.703
2023-01-05 04:00:00+02:00,26,217.989
2023-01-05 05:00:00+02:00,26,216.068
2023-01-05 06:00:00+02:00,26,213.245
2023-01-05 07:00:00+02:00,26,214.355
2023-01-05 08:00:00+02:00,26,213.814
2023-01-05 09:00:00+02:00,26,214.083
2023-01-05 10:00:00+02:00,26,222.473
2023-01-05 11:00:00+02:00,26,233.638
2023-01-05 12:00:00+02:00,26,240.272
2023-01-05 13:00:00+02:00,26,246.379
2023-01-05 14:00:00+02:00,26,260.746
2023-01-05 15:00:00+02:00,26,285.555
2023-01-05 16:00:00+02:00,26,322.726
2023-01-05 17:00:00+02:00,26,416.610
2023-01-05 18:00:00+02:00,26,555.216
2023-01-05 19:00:00+02:00,26,641.106
2023-01-05 20:00:00+02:00,26,729.801
2023-01-05 21:00:00+02:00,26,903.422
2023-01-05 22:00:00+02:00,26,1066.632
2023-01-05 23:00:00+02:00,26,1263.207
2023-01-06 00:00:00+02:00,26,1643.956
2023-01-06 01:00:00+02:00,26,2839.929
2023-01-06 02:00:00+02:00,26,4186.751
2023-01-06 03:00:00+02:00,26,4871.618
2023-01-06 04:00:00+02:00,26,4747.573
2023-01-06 05:00:00+02:00,26,4206.808
2023-01-06 06:00:00+02:00,26,3659.582
2023-01-06 07:00:00+02:00,26,3258.507
2023-01-06 08:00:00+02:00,26,2979.872
2023-01-06 09:00:00+02:00,26,2765.482
2023-01-06 10:00:00+02:00,26,2587.241
2023-01-06 11:00:00+02:00,26,2430.092
2023-01-06 12:00:00+02:00,26,2293.024
2023-01-06 13:00:00+02:00,26,2182.256
2023-01-06 14:00:00+02:00,26,2113.172
2023-01-06 15:00:00+02:00,26,2106.937
2023-01-06 16:00:00+02:00,26,2127.296
2023-01-06 17:00:00+02:00,26,2160.901
2023-01-06 18:00:00+02:00,26,2210.237
2023-01-06 19:00:00+02:00,26,2251.399
2023-01-06 20:00:00+02:00,26,2307.682
2023-01-06 21:00:00+02:00,26,2340.074
2023-01-06 22:00:00+02:00,26,2356.018
2023-01-06 23:00:00+02:00,26,2355.055
2023-01-07 00:00:00+02:00,26,2372.914
2023-01-07 01:00:00+02:00,26,2376.521
2023-01-07 02:00:00+02:00,26,2372.534
2023-01-07 03:00:00+02:00,26,2356.221
2023-01-07 04:00:00+02:00,26,2365.892
2023-01-07 05:00:00+02:00,26,2386.135
2023-01-07 06:00:00+02:00,26,2394.968
2023-01-07 07:00:00+02:00,26,2374.555
2023-01-07 08:00:00+02:00,26,2330.368
2023-01-07 09:00:00+02:00,26,2223.433
2023-01-07 10:00:00+02:00,26,2050.191
2023-01-07 11:00:00+02:00,26,1788.773
2023-01-07 12:00:00+02:00,26,1500.860
2023-01-07 13:00:00+02:00,26,1254.136
2023-01-07 14:00:00+02:00,26,1051.007
2023-01-07 15:00:00+02:00,26,889.854
2023-01-07 16:00:00+02:00,26,766.159
2023-01-07 17:00:00+02:00,26,704.366
2023-01-07 18:00:00+02:00,26,661.802
2023-01-07 19:00:00+02:00,26,620.380
2023-01-07 20:00:00+02:00,26,595.298
2023-01-07 21:00:00+02:00,26,570.077
2023-01-07 22:00:00+02:00,26,552.900
2023-01-07 23:00:00+02:00,26,537.860
2023-01-08 00:00:00+02:00,26,525.169
2023-01-08 01:00:00+02:00,26,511.890
2023-01-08 02:00:00+02:00,26,500.338
2023-01-08 03:00:00+02:00,26,489.898
2023-01-08 04:00:00+02:00,26,480.455
2023-01-08 05:00:00+02:00,26,471.873
2023-01-08 06:00:00+02:00,26,463.745
2023-01-08 07:00:00+02:00,26,457.187
2023-01-08 08:00:00+02:00,26,452.787
2023-01-08 09:00:00+02:00,26,447.435
2023-01-08 10:00:00+02:00,26,443.962
2023-01-08 11:00:00+02:00,26,437.231
2023-01-08 12:00:00+02:00,26,426.738
2023-01-08 13:00:00+02:00,26,417.928
2023-01-08 14:00:00+02:00,26,410.049
2023-01-08 15:00:00+02:00,26,403.162
2023-01-08 16:00:00+02:00,26,400.026
2023-01-08 17:00:00+02:00,26,401.631
2023-01-08 18:00:00+02:00,26,409.275
2023-01-08 19:00:00+02:00,26,422.758
2023-01-08 20:00:00+02:00,26,447.095
2023-01-08 21:00:00+02:00,26,477.023
2023-01-08 22:00:00+02:00,26,517.401
2023-01-08 23:00:00+02:00,26,539.758
2023-01-09 00:00:00+02:00,26,536.539
2023-01-09 01:00:00+02:00,26,513.243
2023-01-09 02:00:00+02:00,26,474.963
2023-01-09 03:00:00+02:00,26,423.872
2023-01-09 04:00:00+02:00,26,366.253
2023-01-09 05:00:00+02:00,26,315.615
2023-01-09 06:00:00+02:00,26,272.330
2023-01-09 07:00:00+02:00,26,225.853
2023-01-09 08:00:00+02:00,26,186.666
2023-01-09 09:00:00+02:00,26,156.557
2023-01-09 10:00:00+02:00,26,130.043
2023-01-09 11:00:00+02:00,26,108.742
2023-01-09 12:00:00+02:00,26,91.697
2023-01-09 13:00:00+02:00,26,75.305
2023-01-09 14:00:00+02:00,26,62.197
2023-01-09 15:00:00+02:00,26,53.262
2023-01-09 16:00:00+02:00,26,46.729
2023-01-09 17:00:00+02:00,26,40.448
2023-01-09 18:00:00+02:00,26,37.045
2023-01-09 19:00:00+02:00,26,36.482
2023-01-09 20:00:00+02:00,26,37.696
2023-01-09 21:00:00+02:00,26,39.747
2023-01-09 22:00:00+02:00,26,41.988
2023-01-09 23:00:00+02:00,26,46.454
2023-01-10 00:00:00+02:00,26,52.831
2023-01-10 01:00:00+02:00,26,59.698
2023-01-10 02:00:00+02:00,26,64.324
2023-01-10 03:00:00+02:00,26,67.911
2023-01-10 04:00:00+02:00,26,70.628
2023-01-10 05:00:00+02:00,26,73.109
2023-01-10 06:00:00+02:00,26,74.991
2023-01-10 07:00:00+02:00,26,76.551
2023-01-10 08:00:00+02:00,26,76.256
2023-01-10 09:00:00+02:00,26,72.655
2023-01-10 10:00:00+02:00,26,67.456
2023-01-10 11:00:00+02:00,26,61.728
2023-01-10 12:00:00+02:00,26,56.511
2023-01-10 13:00:00+02:00,26,50.750
2023-01-10 14:00:00+02:00,26,45.140
2023-01-10 15:00:00+02:00,26,39.610
2023-01-10 16:00:00+02:00,26,36.034
2023-01-10 17:00:00+02:00,26,34.735
2023-01-10 18:00:00+02:00,26,35.036
2023-01-10 19:00:00+02:00,26,36.936
2023-01-10 20:00:00+02:00,26,38.881
2023-01-10 21:00:00+02:00,26,41.431
2023-01-10 22:00:00+02:00,26,43.454
2023-01-10 23:00:00+02:00,26,46.553
2023-01-11 00:00:00+02:00,26,48.922
2023-01-11 01:00:00+02:00,26,52.254
2023-01-11 02:00:00+02:00,26,54.773
2023-01-11 03:00:00+02:00,26,55.247
2023-01-11 04:00:00+02:00,26,56.073
2023-01-11 05:00:00+02:00,26,57.762
2023-01-11 06:00:00+02:00,26,59.211
2023-01-11 07:00:00+02:00,26,60.101
2023-01-11 08:00:00+02:00,26,60.930
2023-01-11 09:00:00+02:00,26,62.661
2023-01-11 10:00:00+02:00,26,66.154
2023-01-11 11:00:00+02:00,26,67.847
2023-01-11 12:00:00+02:00,26,67.700
2023-01-11 13:00:00+02:00,26,66.870
2023-01-11 14:00:00+02:00,26,65.048
2023-01-11 15:00:00+02:00,26,62.699
2023-01-11 16:00:00+02:00,26,59.830
2023-01-11 17:00:00+02:00,26,56.141
2023-01-11 18:00:00+02:00,26,53.629
2023-01-11 19:00:00+02:00,26,52.981
2023-01-11 20:00:00+02:00,26,54.094
2023-01-11 21:00:00+02:00,26,56.416
2023-01-11 22:00:00+02:00,26,59.022
2023-01-11 23:00:00+02:00,26,61.562
2023-01-12 00:00:00+02:00,26,63.301
2023-01-12 01:00:00+02:00,26,64.277
2023-01-12 02:00:00+02:00,26,64.875
2023-01-12 03:00:00+02:00,26,66.160
2023-01-12 04:00:00+02:00,26,67.228
2023-01-12 05:00:00+02:00,26,67.441
2023-01-12 06:00:00+02:00,26,66.714
2023-01-12 07:00:00+02:00,26,63.858
2023-01-12 08:00:00+02:00,26,59.285
2023-01-12 09:00:00+02:00,26,54.590
2023-01-12 10:00:00+02:00,26,50.601
2023-01-12 11:00:00+02:00,26,46.107
2023-01-12 12:00:00+02:00,26,41.218
2023-01-12 13:00:00+02:00,26,36.911
2023-01-12 14:00:00+02:00,26,32.074
2023-01-12 15:00:00+02:00,26,28.517
2023-01-12 16:00:00+02:00,26,27.356
2023-01-12 17:00:00+02:00,26,28.830
2023-01-12 18:00:00+02:00,26,31.610
2023-01-12 19:00:00+02:00,26,35.544
2023-01-12 20:00:00+02:00,26,38.979
2023-01-12 21:00:00+02:00,26,42.425
2023-01-12 22:00:00+02:00,26,45.352
2023-01-12 23:00:00+02:00,26,48.144
2023-01-13 00:00:00+02:00,26,51.338
2023-01-13 01:00:00+02:00,26,54.127
2023-01-13 02:00:00+02:00,26,57.239
2023-01-13 03:00:00+02:00,26,62.891
2023-01-13 04:00:00+02:00,26,68.630
2023-01-13 05:00:00+02:00,26,71.577
2023-01-13 06:00:00+02:00,26,73.193
2023-01-13 07:00:00+02:00,26,72.253
2023-01-13 08:00:00+02:00,26,68.663
2023-01-13 09:00:00+02:00,26,61.726
2023-01-13 10:00:00+02:00,26,56.412
2023-01-13 11:00:00+02:00,26,51.902
2023-01-13 12:00:00+02:00,26,46.781
2023-01-13 13:00:00+02:00,26,40.631
2023-01-13 14:00:00+02:00,26,34.972
2023-01-13 15:00:00+02:00,26,30.967
2023-01-13 16:00:00+02:00,26,29.161
2023-01-13 17:00:00+02:00,26,29.158
2023-01-13 18:00:00+02:00,26,30.292
2023-01-13 19:00:00+02:00,26,31.879
2023-01-13 20:00:00+02:00,26,34.094
2023-01-13 21:00:00+02:00,26,37.222
2023-01-13 22:00:00+02:00,26,39.317
2023-01-13 23:00:00+02:00,26,41.181
2023-01-14 00:00:00+02:00,26,42.904
2023-01-14 01:00:00+02:00,26,42.850
2023-01-14 02:00:00+02:00,26,49.424
2023-01-14 03:00:00+02:00,26,54.054
2023-01-14 04:00:00+02:00,26,56.681
2023-01-14 05:00:00+02:00,26,60.064
2023-01-14 06:00:00+02:00,26,65.325
2023-01-14 07:00:00+02:00,26,69.558
2023-01-14 08:00:00+02:00,26,70.692
2023-01-14 09:00:00+02:00,26,71.034
2023-01-14 10:00:00+02:00,26,65.978
2023-01-14 11:00:00+02:00,26,61.451
2023-01-14 12:00:00+02:00,26,59.485
2023-01-14 13:00:00+02:00,26,56.554
2023-01-14 14:00:00+02:00,26,53.381
2023-01-14 15:00:00+02:00,26,50.920
2023-01-14 16:00:00+02:00,26,49.055
2023-01-14 17:00:00+02:00,26,47.211
2023-01-14 18:00:00+02:00,26,50.031
2023-01-14 19:00:00+02:00,26,62.689
2023-01-14 20:00:00+02:00,26,69.828
2023-01-14 21:00:00+02:00,26,72.854
2023-01-14 22:00:00+02:00,26,75.686
2023-01-14 23:00:00+02:00,26,75.840
2023-01-15 00:00:00+02:00,26,79.594
2023-01-15 01:00:00+02:00,26,79.896
2023-01-15 02:00:00+02:00,26,76.484
2023-01-15 03:00:00+02:00,26,74.678
2023-01-15 04:00:00+02:00,26,81.512
2023-01-15 05:00:00+02:00,26,96.757
2023-01-15 06:00:00+02:00,26,90.518
2023-01-15 07:00:00+02:00,26,69.425
2023-01-15 08:00:00+02:00,26,55.841
2023-01-15 09:00:00+02:00,26,49.731
2023-01-15 10:00:00+02:00,26,45.126
2023-01-15 11:00:00+02:00,26,42.305
2023-01-15 12:00:00+02:00,26,42.284
2023-01-15 13:00:00+02:00,26,45.023
2023-01-15 14:00:00+02:00,26,49.465
2023-01-15 15:00:00+02:00,26,51.285
2023-01-15 16:00:00+02:00,26,56.015
2023-01-15 17:00:00+02:00,26,64.055
2023-01-15 18:00:00+02:00,26,73.685
2023-01-15 19:00:00+02:00,26,87.089
2023-01-15 20:00:00+02:00,26,107.229
2023-01-15 21:00:00+02:00,26,137.316
2023-01-15 22:00:00+02:00,26,160.434
2023-01-15 23:00:00+02:00,26,180.094
2023-01-16 00:00:00+02:00,26,192.204
2023-01-16 01:00:00+02:00,26,200.086
2023-01-16 02:00:00+02:00,26,224.413
2023-01-16 03:00:00+02:00,26,253.874
2023-01-16 04:00:00+02:00,26,262.327
2023-01-16 05:00:00+02:00,26,254.877
2023-01-16 06:00:00+02:00,26,227.372
2023-01-16 07:00:00+02:00,26,183.575
2023-01-16 08:00:00+02:00,26,155.217
2023-01-16 09:00:00+02:00,26,143.196
2023-01-16 10:00:00+02:00,26,132.061
2023-01-16 11:00:00+02:00,26,121.882
2023-01-16 12:00:00+02:00,26,106.428
2023-01-16 13:00:00+02:00,26,91.601
2023-01-16 14:00:00+02:00,26,80.128
2023-01-16 15:00:00+02:00,26,73.069
2023-01-16 16:00:00+02:00,26,68.520
2023-01-16 17:00:00+02:00,26,66.579
2023-01-16 18:00:00+02:00,26,67.250
2023-01-16 19:00:00+02:00,26,68.916
2023-01-16 20:00:00+02:00,26,70.338
2023-01-16 21:00:00+02:00,26,71.403
2023-01-16 22:00:00+02:00,26,71.429
2023-01-16 23:00:00+02:00,26,70.520
2023-01-17 00:00:00+02:00,26,69.341
2023-01-17 01:00:00+02:00,26,68.179
2023-01-17 02:00:00+02:00,26,67.151
2023-01-17 03:00:00+02:00,26,66.365
2023-01-17 04:00:00+02:00,26,65.840
2023-01-17 05:00:00+02:00,26,64.993
2023-01-17 06:00:00+02:00,26,64.191
2023-01-17 07:00:00+02:00,26,63.064
2023-01-17 08:00:00+02:00,26,60.978
2023-01-17 09:00:00+02:00,26,58.041
2023-01-17 10:00:00+02:00,26,53.592
2023-01-17 11:00:00+02:00,26,49.166
2023-01-17 12:00:00+02:00,26,45.383
2023-01-17 13:00:00+02:00,26,40.882
2023-01-17 14:00:00+02:00,26,36.127
2023-01-17 15:00:00+02:00,26,33.182
2023-01-17 16:00:00+02:00,26,32.155
2023-01-17 17:00:00+02:00,26,32.633
2023-01-17 18:00:00+02:00,26,34.451
2023-01-17 19:00:00+02:00,26,36.544
2023-01-17 20:00:00+02:00,26,38.575
2023-01-17 21:00:00+02:00,26,41.366
2023-01-17 22:00:00+02:00,26,44.529
2023-01-17 23:00:00+02:00,26,47.599
2023-01-18 00:00:00+02:00,26,51.035
2023-01-18 01:00:00+02:00,26,54.350
2023-01-18 02:00:00+02:00,26,57.849
2023-01-18 03:00:00+02:00,26,62.861
2023-01-18 04:00:00+02:00,26,65.937
2023-01-18 05:00:00+02:00,26,67.550
2023-01-18 06:00:00+02:00,26,69.454
2023-01-18 07:00:00+02:00,26,71.212
2023-01-18 08:00:00+02:00,26,70.945
2023-01-18 09:00:00+02:00,26,68.716
2023-01-18 10:00:00+02:00,26,64.349
2023-01-18 11:00:00+02:00,26,58.584
2023-01-18 12:00:00+02:00,26,51.930
2023-01-18 13:00:00+02:00,26,45.799
2023-01-18 14:00:00+02:00,26,41.095
2023-01-18 15:00:00+02:00,26,37.473
2023-01-18 16:00:00+02:00,26,35.107
2023-01-18 17:00:00+02:00,26,34.075
2023-01-18 18:00:00+02:00,26,34.058
2023-01-18 19:00:00+02:00,26,35.018
2023-01-18 20:00:00+02:00,26,36.448
2023-01-18 21:00:00+02:00,26,38.838
2023-01-18 22:00:00+02:00,26,40.979
2023-01-18 23:00:00+02:00,26,43.198
2023-01-19 00:00:00+02:00,26,45.436
2023-01-19 01:00:00+02:00,26,48.212
2023-01-19 02:00:00+02:00,26,47.370
2023-01-19 03:00:00+02:00,26,54.525
2023-01-19 04:00:00+02:00,26,56.514
2023-01-19 05:00:00+02:00,26,56.830
2023-01-19 06:00:00+02:00,26,58.489
2023-01-19 07:00:00+02:00,26,56.375
2023-01-19 08:00:00+02:00,26,52.473
2023-01-19 09:00:00+02:00,26,50.758
2023-01-19 10:00:00+02:00,26,51.031
2023-01-19 11:00:00+02:00,26,53.069
2023-01-19 12:00:00+02:00,26,56.239
2023-01-19 13:00:00+02:00,26,60.083
2023-01-19 14:00:00+02:00,26,62.894
2023-01-19 15:00:00+02:00,26,65.149
2023-01-19 16:00:00+02:00,26,66.166
2023-01-19 17:00:00+02:00,26,65.932
2023-01-19 18:00:00+02:00,26,66.686
2023-01-19 19:00:00+02:00,26,68.918
2023-01-19 20:00:00+02:00,26,70.585
2023-01-19 21:00:00+02:00,26,76.159
2023-01-19 22:00:00+02:00,26,80.116
2023-01-19 23:00:00+02:00,26,82.556
2023-01-20 00:00:00+02:00,26,78.719
2023-01-20 01:00:00+02:00,26,76.637
2023-01-20 02:00:00+02:00,26,76.503
2023-01-20 03:00:00+02:00,26,78.143
2023-01-20 04:00:00+02:00,26,89.391
2023-01-20 05:00:00+02:00,26,99.121
2023-01-20 06:00:00+02:00,26,118.922
2023-01-20 06:00:00+02:00,26,148.174
2023-01-20 07:00:00+02:00,26,159.982
2023-01-20 08:00:00+02:00,26,165.963
2023-01-20 09:00:00+02:00,26,215.779
2023-01-20 10:00:00+02:00,26,262.931
2023-01-20 11:00:00+02:00,26,300.045
2023-01-20 12:00:00+02:00,26,334.502
2023-01-20 13:00:00+02:00,26,393.691
2023-01-20 14:00:00+02:00,26,504.917
2023-01-20 15:00:00+02:00,26,724.965
2023-01-20 16:00:00+02:00,26,928.182
2023-01-20 17:00:00+02:00,26,1055.598
2023-01-20 18:00:00+02:00,26,1109.395
2023-01-20 19:00:00+02:00,26,1148.799
2023-01-20 20:00:00+02:00,26,1164.456
2023-01-20 21:00:00+02:00,26,1215.529
2023-01-20 22:00:00+02:00,26,1185.564
2023-01-20 23:00:00+02:00,26,1116.695
2023-01-21 00:00:00+02:00,26,1012.360
2023-01-21 01:00:00+02:00,26,951.771
2023-01-21 02:00:00+02:00,26,906.548
2023-01-21 03:00:00+02:00,26,833.845
2023-01-21 04:00:00+02:00,26,790.466
2023-01-21 05:00:00+02:00,26,847.088
2023-01-21 06:00:00+02:00,26,941.199
2023-01-21 07:00:00+02:00,26,983.835
2023-01-21 08:00:00+02:00,26,988.094
2023-01-21 09:00:00+02:00,26,1079.036
2023-01-21 10:00:00+02:00,26,1123.317
2023-01-21 11:00:00+02:00,26,1187.690
2023-01-21 12:00:00+02:00,26,1252.397
2023-01-21 13:00:00+02:00,26,1411.348
2023-01-21 14:00:00+02:00,26,1818.180
2023-01-21 15:00:00+02:00,26,2632.190
2023-01-21 16:00:00+02:00,26,3265.543
2023-01-21 17:00:00+02:00,26,3470.828
2023-01-21 18:00:00+02:00,26,3375.860
2023-01-21 19:00:00+02:00,26,3217.106
2023-01-21 20:00:00+02:00,26,3116.428
2023-01-21 21:00:00+02:00,26,3015.417
2023-01-21 22:00:00+02:00,26,2954.214
2023-01-21 23:00:00+02:00,26,2893.977
2023-01-22 00:00:00+02:00,26,2795.971
2023-01-22 01:00:00+02:00,26,2701.153
2023-01-22 02:00:00+02:00,26,2615.403
2023-01-22 03:00:00+02:00,26,2483.409
2023-01-22 04:00:00+02:00,26,2387.816
2023-01-22 05:00:00+02:00,26,2405.186
2022-12-30 06:00:00+02:00,27,627.646
2022-12-30 07:00:00+02:00,27,610.262
2022-12-30 08:00:00+02:00,27,604.190
2022-12-30 09:00:00+02:00,27,601.255
2022-12-30 10:00:00+02:00,27,605.463
2022-12-30 11:00:00+02:00,27,605.040
2022-12-30 12:00:00+02:00,27,597.552
2022-12-30 13:00:00+02:00,27,575.990
2022-12-30 14:00:00+02:00,27,540.124
2022-12-30 15:00:00+02:00,27,506.628
2022-12-30 16:00:00+02:00,27,474.451
2022-12-30 17:00:00+02:00,27,444.471
2022-12-30 18:00:00+02:00,27,416.865
2022-12-30 19:00:00+02:00,27,403.208
2022-12-30 20:00:00+02:00,27,387.746
2022-12-30 21:00:00+02:00,27,369.961
2022-12-30 22:00:00+02:00,27,356.061
2022-12-30 23:00:00+02:00,27,342.127
2022-12-31 00:00:00+02:00,27,331.564
2022-12-31 01:00:00+02:00,27,321.452
2022-12-31 02:00:00+02:00,27,312.213
2022-12-31 03:00:00+02:00,27,301.885
2022-12-31 04:00:00+02:00,27,292.415
2022-12-31 05:00:00+02:00,27,283.749
2022-12-31 06:00:00+02:00,27,274.646
2022-12-31 07:00:00+02:00,27,266.038
2022-12-31 08:00:00+02:00,27,258.240
2022-12-31 09:00:00+02:00,27,249.703
2022-12-31 10:00:00+02:00,27,242.427
2022-12-31 11:00:00+02:00,27,237.121
2022-12-31 12:00:00+02:00,27,232.418
2022-12-31 13:00:00+02:00,27,227.670
2022-12-31 14:00:00+02:00,27,224.455
2022-12-31 15:00:00+02:00,27,221.344
2022-12-31 16:00:00+02:00,27,218.612
2022-12-31 17:00:00+02:00,27,217.009
2022-12-31 18:00:00+02:00,27,215.647
2022-12-31 19:00:00+02:00,27,214.699
2022-12-31 20:00:00+02:00,27,213.520
2022-12-31 21:00:00+02:00,27,212.116
2022-12-31 22:00:00+02:00,27,211.845
2022-12-31 23:00:00+02:00,27,214.342
2023-01-01 00:00:00+02:00,27,217.873
2023-01-01 01:00:00+02:00,27,222.116
2023-01-01 02:00:00+02:00,27,221.245
2023-01-01 03:00:00+02:00,27,216.927
2023-01-01 04:00:00+02:00,27,212.292
2023-01-01 05:00:00+02:00,27,207.658
2023-01-01 06:00:00+02:00,27,203.833
2023-01-01 07:00:00+02:00,27,206.097
2023-01-01 08:00:00+02:00,27,208.971
2023-01-01 09:00:00+02:00,27,210.721
2023-01-01 10:00:00+02:00,27,209.913
2023-01-01 11:00:00+02:00,27,208.423
2023-01-01 12:00:00+02:00,27,206.720
2023-01-01 13:00:00+02:00,27,204.585
2023-01-01 14:00:00+02:00,27,201.801
2023-01-01 15:00:00+02:00,27,198.178
2023-01-01 16:00:00+02:00,27,192.959
2023-01-01 17:00:00+02:00,27,185.635
2023-01-01 18:00:00+02:00,27,176.492
2023-01-01 19:00:00+02:00,27,165.463
2023-01-01 20:00:00+02:00,27,153.777
2023-01-01 21:00:00+02:00,27,143.882
2023-01-01 22:00:00+02:00,27,133.977
2023-01-01 23:00:00+02:00,27,124.459
2023-01-02 00:00:00+02:00,27,115.673
2023-01-02 01:00:00+02:00,27,110.067
2023-01-02 02:00:00+02:00,27,105.720
2023-01-02 03:00:00+02:00,27,102.635
2023-01-02 04:00:00+02:00,27,100.673
2023-01-02 05:00:00+02:00,27,99.462
2023-01-02 06:00:00+02:00,27,98.571
2023-01-02 07:00:00+02:00,27,97.905
2023-01-02 08:00:00+02:00,27,96.866
2023-01-02 09:00:00+02:00,27,94.163
2023-01-02 10:00:00+02:00,27,90.390
2023-01-02 11:00:00+02:00,27,85.518
2023-01-02 12:00:00+02:00,27,80.659
2023-01-02 13:00:00+02:00,27,76.561
2023-01-02 14:00:00+02:00,27,72.865
2023-01-02 15:00:00+02:00,27,69.016
2023-01-02 16:00:00+02:00,27,65.278
2023-01-02 17:00:00+02:00,27,61.179
2023-01-02 18:00:00+02:00,27,57.188
2023-01-02 19:00:00+02:00,27,54.131
2023-01-02 20:00:00+02:00,27,51.138
2023-01-02 21:00:00+02:00,27,48.430
2023-01-02 22:00:00+02:00,27,46.887
2023-01-02 23:00:00+02:00,27,46.649
2023-01-03 00:00:00+02:00,27,47.402
2023-01-03 01:00:00+02:00,27,49.606
2023-01-03 02:00:00+02:00,27,53.994
2023-01-03 03:00:00+02:00,27,62.000
2023-01-03 04:00:00+02:00,27,69.922
2023-01-03 05:00:00+02:00,27,76.681
2023-01-03 06:00:00+02:00,27,84.641
2023-01-03 07:00:00+02:00,27,93.484
2023-01-03 08:00:00+02:00,27,99.601
2023-01-03 09:00:00+02:00,27,99.391
2023-01-03 10:00:00+02:00,27,95.475
2023-01-03 11:00:00+02:00,27,87.887
2023-01-03 12:00:00+02:00,27,78.874
2023-01-03 13:00:00+02:00,27,72.635
2023-01-03 14:00:00+02:00,27,65.681
2023-01-03 15:00:00+02:00,27,57.340
2023-01-03 16:00:00+02:00,27,51.171
2023-01-03 17:00:00+02:00,27,46.643
2023-01-03 18:00:00+02:00,27,44.408
2023-01-03 19:00:00+02:00,27,43.098
2023-01-03 20:00:00+02:00,27,42.710
2023-01-03 21:00:00+02:00,27,44.735
2023-01-03 22:00:00+02:00,27,46.523
2023-01-03 23:00:00+02:00,27,49.610
2023-01-04 00:00:00+02:00,27,51.930
2023-01-04 01:00:00+02:00,27,54.046
2023-01-04 02:00:00+02:00,27,58.069
2023-01-04 03:00:00+02:00,27,64.616
2023-01-04 04:00:00+02:00,27,69.310
2023-01-04 05:00:00+02:00,27,74.355
2023-01-04 06:00:00+02:00,27,77.364
2023-01-04 07:00:00+02:00,27,80.533
2023-01-04 08:00:00+02:00,27,81.541
2023-01-04 09:00:00+02:00,27,81.096
2023-01-04 10:00:00+02:00,27,78.928
2023-01-04 11:00:00+02:00,27,75.667
2023-01-04 12:00:00+02:00,27,71.586
2023-01-04 13:00:00+02:00,27,68.210
2023-01-04 14:00:00+02:00,27,63.794
2023-01-04 15:00:00+02:00,27,60.454
2023-01-04 16:00:00+02:00,27,66.162
2023-01-04 17:00:00+02:00,27,76.783
2023-01-04 18:00:00+02:00,27,88.088
2023-01-04 19:00:00+02:00,27,105.328
2023-01-04 20:00:00+02:00,27,125.776
2023-01-04 21:00:00+02:00,27,150.930
2023-01-04 22:00:00+02:00,27,175.823
2023-01-04 23:00:00+02:00,27,189.437
2023-01-05 00:00:00+02:00,27,204.430
2023-01-05 01:00:00+02:00,27,211.011
2023-01-05 02:00:00+02:00,27,213.660
2023-01-05 03:00:00+02:00,27,213.640
2023-01-05 04:00:00+02:00,27,212.719
2023-01-05 05:00:00+02:00,27,211.341
2023-01-05 06:00:00+02:00,27,208.139
2023-01-05 07:00:00+02:00,27,207.153
2023-01-05 08:00:00+02:00,27,205.896
2023-01-05 09:00:00+02:00,27,203.296
2023-01-05 10:00:00+02:00,27,204.130
2023-01-05 11:00:00+02:00,27,211.389
2023-01-05 12:00:00+02:00,27,218.777
2023-01-05 13:00:00+02:00,27,223.921
2023-01-05 14:00:00+02:00,27,232.711
2023-01-05 15:00:00+02:00,27,247.041
2023-01-05 16:00:00+02:00,27,266.522
2023-01-05 17:00:00+02:00,27,298.975
2023-01-05 18:00:00+02:00,27,353.883
2023-01-05 19:00:00+02:00,27,385.931
2023-01-05 20:00:00+02:00,27,416.695
2023-01-05 21:00:00+02:00,27,501.240
2023-01-05 22:00:00+02:00,27,629.407
2023-01-05 23:00:00+02:00,27,858.398
2023-01-06 00:00:00+02:00,27,1156.960
2023-01-06 01:00:00+02:00,27,1903.021
2023-01-06 02:00:00+02:00,27,3052.856
2023-01-06 03:00:00+02:00,27,4084.661
2023-01-06 04:00:00+02:00,27,4543.024
2023-01-06 05:00:00+02:00,27,4418.274
2023-01-06 06:00:00+02:00,27,4000.732
2023-01-06 07:00:00+02:00,27,3558.096
2023-01-06 08:00:00+02:00,27,3199.912
2023-01-06 09:00:00+02:00,27,2926.962
2023-01-06 10:00:00+02:00,27,2711.522
2023-01-06 11:00:00+02:00,27,2532.592
2023-01-06 12:00:00+02:00,27,2377.853
2023-01-06 13:00:00+02:00,27,2246.286
2023-01-06 14:00:00+02:00,27,2145.455
2023-01-06 15:00:00+02:00,27,2091.324
2023-01-06 16:00:00+02:00,27,2072.841
2023-01-06 17:00:00+02:00,27,2078.694
2023-01-06 18:00:00+02:00,27,2115.776
2023-01-06 19:00:00+02:00,27,2148.725
2023-01-06 20:00:00+02:00,27,2200.950
2023-01-06 21:00:00+02:00,27,2225.741
2023-01-06 22:00:00+02:00,27,2232.554
2023-01-06 23:00:00+02:00,27,2223.553
2023-01-07 00:00:00+02:00,27,2238.996
2023-01-07 01:00:00+02:00,27,2254.869
2023-01-07 02:00:00+02:00,27,2262.007
2023-01-07 03:00:00+02:00,27,2247.162
2023-01-07 04:00:00+02:00,27,2257.971
2023-01-07 05:00:00+02:00,27,2285.022
2023-01-07 06:00:00+02:00,27,2304.120
2023-01-07 07:00:00+02:00,27,2299.661
2023-01-07 08:00:00+02:00,27,2288.441
2023-01-07 09:00:00+02:00,27,2249.162
2023-01-07 10:00:00+02:00,27,2154.964
2023-01-07 11:00:00+02:00,27,1980.138
2023-01-07 12:00:00+02:00,27,1746.415
2023-01-07 13:00:00+02:00,27,1512.234
2023-01-07 14:00:00+02:00,27,1294.155
2023-01-07 15:00:00+02:00,27,1101.887
2023-01-07 16:00:00+02:00,27,939.476
2023-01-07 17:00:00+02:00,27,852.536
2023-01-07 18:00:00+02:00,27,790.085
2023-01-07 19:00:00+02:00,27,726.061
2023-01-07 20:00:00+02:00,27,687.985
2023-01-07 21:00:00+02:00,27,647.088
2023-01-07 22:00:00+02:00,27,620.986
2023-01-07 23:00:00+02:00,27,597.673
2023-01-08 00:00:00+02:00,27,579.029
2023-01-08 01:00:00+02:00,27,554.649
2023-01-08 02:00:00+02:00,27,536.062
2023-01-08 03:00:00+02:00,27,519.257
2023-01-08 04:00:00+02:00,27,503.357
2023-01-08 05:00:00+02:00,27,489.173
2023-01-08 06:00:00+02:00,27,476.948
2023-01-08 07:00:00+02:00,27,465.025
2023-01-08 08:00:00+02:00,27,454.088
2023-01-08 09:00:00+02:00,27,444.854
2023-01-08 10:00:00+02:00,27,436.840
2023-01-08 11:00:00+02:00,27,428.466
2023-01-08 12:00:00+02:00,27,424.505
2023-01-08 13:00:00+02:00,27,419.995
2023-01-08 14:00:00+02:00,27,416.216
2023-01-08 15:00:00+02:00,27,413.542
2023-01-08 16:00:00+02:00,27,418.385
2023-01-08 17:00:00+02:00,27,429.206
2023-01-08 18:00:00+02:00,27,446.545
2023-01-08 19:00:00+02:00,27,468.564
2023-01-08 20:00:00+02:00,27,499.772
2023-01-08 21:00:00+02:00,27,530.526
2023-01-08 22:00:00+02:00,27,559.944
2023-01-08 23:00:00+02:00,27,560.052
2023-01-09 00:00:00+02:00,27,533.500
2023-01-09 01:00:00+02:00,27,489.525
2023-01-09 02:00:00+02:00,27,435.898
2023-01-09 03:00:00+02:00,27,374.917
2023-01-09 04:00:00+02:00,27,313.690
2023-01-09 05:00:00+02:00,27,264.168
2023-01-09 06:00:00+02:00,27,224.012
2023-01-09 07:00:00+02:00,27,182.416
2023-01-09 08:00:00+02:00,27,148.399
2023-01-09 09:00:00+02:00,27,122.854
2023-01-09 10:00:00+02:00,27,100.809
2023-01-09 11:00:00+02:00,27,83.534
2023-01-09 12:00:00+02:00,27,70.118
2023-01-09 13:00:00+02:00,27,57.737
2023-01-09 14:00:00+02:00,27,48.434
2023-01-09 15:00:00+02:00,27,42.583
2023-01-09 16:00:00+02:00,27,38.740
2023-01-09 17:00:00+02:00,27,35.994
2023-01-09 18:00:00+02:00,27,35.918
2023-01-09 19:00:00+02:00,27,37.961
2023-01-09 20:00:00+02:00,27,41.052
2023-01-09 21:00:00+02:00,27,44.364
2023-01-09 22:00:00+02:00,27,47.388
2023-01-09 23:00:00+02:00,27,52.622
2023-01-10 00:00:00+02:00,27,59.444
2023-01-10 01:00:00+02:00,27,66.594
2023-01-10 02:00:00+02:00,27,71.378
2023-01-10 03:00:00+02:00,27,74.937
2023-01-10 04:00:00+02:00,27,77.360
2023-01-10 05:00:00+02:00,27,79.166
2023-01-10 06:00:00+02:00,27,79.914
2023-01-10 07:00:00+02:00,27,79.411
2023-01-10 08:00:00+02:00,27,76.044
2023-01-10 09:00:00+02:00,27,69.134
2023-01-10 10:00:00+02:00,27,62.069
2023-01-10 11:00:00+02:00,27,55.427
2023-01-10 12:00:00+02:00,27,50.022
2023-01-10 13:00:00+02:00,27,44.573
2023-01-10 14:00:00+02:00,27,39.828
2023-01-10 15:00:00+02:00,27,35.951
2023-01-10 16:00:00+02:00,27,34.451
2023-01-10 17:00:00+02:00,27,35.172
2023-01-10 18:00:00+02:00,27,36.986
2023-01-10 19:00:00+02:00,27,40.245
2023-01-10 20:00:00+02:00,27,42.836
2023-01-10 21:00:00+02:00,27,45.787
2023-01-10 22:00:00+02:00,27,47.960
2023-01-10 23:00:00+02:00,27,51.207
2023-01-11 00:00:00+02:00,27,53.706
2023-01-11 01:00:00+02:00,27,57.372
2023-01-11 02:00:00+02:00,27,60.266
2023-01-11 03:00:00+02:00,27,60.864
2023-01-11 04:00:00+02:00,27,61.870
2023-01-11 05:00:00+02:00,27,63.844
2023-01-11 06:00:00+02:00,27,65.470
2023-01-11 07:00:00+02:00,27,66.388
2023-01-11 08:00:00+02:00,27,67.142
2023-01-11 09:00:00+02:00,27,68.596
2023-01-11 10:00:00+02:00,27,70.908
2023-01-11 11:00:00+02:00,27,70.865
2023-01-11 12:00:00+02:00,27,69.361
2023-01-11 13:00:00+02:00,27,66.927
2023-01-11 14:00:00+02:00,27,63.796
2023-01-11 15:00:00+02:00,27,60.719
2023-01-11 16:00:00+02:00,27,57.521
2023-01-11 17:00:00+02:00,27,54.324
2023-01-11 18:00:00+02:00,27,53.217
2023-01-11 19:00:00+02:00,27,54.221
2023-01-11 20:00:00+02:00,27,56.732
2023-01-11 21:00:00+02:00,27,59.771
2023-01-11 22:00:00+02:00,27,62.379
2023-01-11 23:00:00+02:00,27,64.503
2023-01-12 00:00:00+02:00,27,65.845
2023-01-12 01:00:00+02:00,27,66.635
2023-01-12 02:00:00+02:00,27,67.210
2023-01-12 03:00:00+02:00,27,68.573
2023-01-12 04:00:00+02:00,27,69.422
2023-01-12 05:00:00+02:00,27,68.883
2023-01-12 06:00:00+02:00,27,66.377
2023-01-12 07:00:00+02:00,27,61.326
2023-01-12 08:00:00+02:00,27,54.946
2023-01-12 09:00:00+02:00,27,49.284
2023-01-12 10:00:00+02:00,27,44.908
2023-01-12 11:00:00+02:00,27,40.268
2023-01-12 12:00:00+02:00,27,35.593
2023-01-12 13:00:00+02:00,27,31.854
2023-01-12 14:00:00+02:00,27,28.298
2023-01-12 15:00:00+02:00,27,26.720
2023-01-12 16:00:00+02:00,27,28.209
2023-01-12 17:00:00+02:00,27,31.784
2023-01-12 18:00:00+02:00,27,35.895
2023-01-12 19:00:00+02:00,27,40.551
2023-01-12 20:00:00+02:00,27,44.062
2023-01-12 21:00:00+02:00,27,47.271
2023-01-12 22:00:00+02:00,27,49.878
2023-01-12 23:00:00+02:00,27,52.442
2023-01-13 00:00:00+02:00,27,55.679
2023-01-13 01:00:00+02:00,27,58.789
2023-01-13 02:00:00+02:00,27,62.416
2023-01-13 03:00:00+02:00,27,68.785
2023-01-13 04:00:00+02:00,27,74.285
2023-01-13 05:00:00+02:00,27,75.993
2023-01-13 06:00:00+02:00,27,75.267
2023-01-13 07:00:00+02:00,27,71.342
2023-01-13 08:00:00+02:00,27,65.030
2023-01-13 09:00:00+02:00,27,55.679
2023-01-13 10:00:00+02:00,27,49.718
2023-01-13 11:00:00+02:00,27,45.086
2023-01-13 12:00:00+02:00,27,40.168
2023-01-13 13:00:00+02:00,27,34.811
2023-01-13 14:00:00+02:00,27,30.641
2023-01-13 15:00:00+02:00,27,28.635
2023-01-13 16:00:00+02:00,27,28.693
2023-01-13 17:00:00+02:00,27,30.776
2023-01-13 18:00:00+02:00,27,33.204
2023-01-13 19:00:00+02:00,27,35.633
2023-01-13 20:00:00+02:00,27,38.477
2023-01-13 21:00:00+02:00,27,42.090
2023-01-13 22:00:00+02:00,27,44.395
2023-01-13 23:00:00+02:00,27,46.426
2023-01-14 00:00:00+02:00,27,48.314
2023-01-14 01:00:00+02:00,27,48.242
2023-01-14 02:00:00+02:00,27,46.852
2023-01-14 03:00:00+02:00,27,48.240
2023-01-14 04:00:00+02:00,27,49.849
2023-01-14 05:00:00+02:00,27,51.813
2023-01-14 06:00:00+02:00,27,54.551
2023-01-14 07:00:00+02:00,27,56.342
2023-01-14 08:00:00+02:00,27,56.345
2023-01-14 09:00:00+02:00,27,55.878
2023-01-14 10:00:00+02:00,27,53.029
2023-01-14 11:00:00+02:00,27,50.515
2023-01-14 12:00:00+02:00,27,49.174
2023-01-14 13:00:00+02:00,27,47.458
2023-01-14 14:00:00+02:00,27,45.730
2023-01-14 15:00:00+02:00,27,44.355
2023-01-14 16:00:00+02:00,27,43.227
2023-01-14 17:00:00+02:00,27,42.174
2023-01-14 18:00:00+02:00,27,41.743
2023-01-14 19:00:00+02:00,27,44.296
2023-01-14 20:00:00+02:00,27,46.904
2023-01-14 21:00:00+02:00,27,48.067
2023-01-14 22:00:00+02:00,27,49.184
2023-01-14 23:00:00+02:00,27,48.969
2023-01-15 00:00:00+02:00,27,50.418
2023-01-15 01:00:00+02:00,27,50.274
2023-01-15 02:00:00+02:00,27,48.594
2023-01-15 03:00:00+02:00,27,47.509
2023-01-15 04:00:00+02:00,27,49.698
2023-01-15 05:00:00+02:00,27,58.015
2023-01-15 06:00:00+02:00,27,54.993
2023-01-15 07:00:00+02:00,27,46.131
2023-01-15 08:00:00+02:00,27,41.329
2023-01-15 09:00:00+02:00,27,39.658
2023-01-15 10:00:00+02:00,27,39.297
2023-01-15 11:00:00+02:00,27,40.932
2023-01-15 12:00:00+02:00,27,46.164
2023-01-15 13:00:00+02:00,27,53.252
2023-01-15 14:00:00+02:00,27,61.063
2023-01-15 15:00:00+02:00,27,63.945
2023-01-15 16:00:00+02:00,27,59.841
2023-01-15 17:00:00+02:00,27,59.333
2023-01-15 18:00:00+02:00,27,63.500
2023-01-15 19:00:00+02:00,27,69.967
2023-01-15 20:00:00+02:00,27,80.594
2023-01-15 21:00:00+02:00,27,98.985
2023-01-15 22:00:00+02:00,27,114.626
2023-01-15 23:00:00+02:00,27,128.933
2023-01-16 00:00:00+02:00,27,138.177
2023-01-16 01:00:00+02:00,27,144.295
2023-01-16 02:00:00+02:00,27,163.530
2023-01-16 03:00:00+02:00,27,192.162
2023-01-16 04:00:00+02:00,27,202.351
2023-01-16 05:00:00+02:00,27,196.430
2023-01-16 06:00:00+02:00,27,173.794
2023-01-16 07:00:00+02:00,27,139.586
2023-01-16 08:00:00+02:00,27,118.767
2023-01-16 09:00:00+02:00,27,110.144
2023-01-16 10:00:00+02:00,27,102.294
2023-01-16 11:00:00+02:00,27,95.248
2023-01-16 12:00:00+02:00,27,85.156
2023-01-16 13:00:00+02:00,27,76.292
2023-01-16 14:00:00+02:00,27,70.360
2023-01-16 15:00:00+02:00,27,67.400
2023-01-16 16:00:00+02:00,27,66.296
2023-01-16 17:00:00+02:00,27,67.551
2023-01-16 18:00:00+02:00,27,69.651
2023-01-16 19:00:00+02:00,27,71.633
2023-01-16 20:00:00+02:00,27,72.697
2023-01-16 21:00:00+02:00,27,72.961
2023-01-16 22:00:00+02:00,27,72.152
2023-01-16 23:00:00+02:00,27,70.827
2023-01-17 00:00:00+02:00,27,69.571
2023-01-17 01:00:00+02:00,27,68.532
2023-01-17 02:00:00+02:00,27,67.719
2023-01-17 03:00:00+02:00,27,67.209
2023-01-17 04:00:00+02:00,27,66.865
2023-01-17 05:00:00+02:00,27,65.955
2023-01-17 06:00:00+02:00,27,64.817
2023-01-17 07:00:00+02:00,27,62.879
2023-01-17 08:00:00+02:00,27,59.388
2023-01-17 09:00:00+02:00,27,55.204
2023-01-17 10:00:00+02:00,27,49.520
2023-01-17 11:00:00+02:00,27,44.591
2023-01-17 12:00:00+02:00,27,40.803
2023-01-17 13:00:00+02:00,27,36.745
2023-01-17 14:00:00+02:00,27,33.241
2023-01-17 15:00:00+02:00,27,31.958
2023-01-17 16:00:00+02:00,27,32.715
2023-01-17 17:00:00+02:00,27,34.572
2023-01-17 18:00:00+02:00,27,37.523
2023-01-17 19:00:00+02:00,27,40.183
2023-01-17 20:00:00+02:00,27,42.457
2023-01-17 21:00:00+02:00,27,45.387
2023-01-17 22:00:00+02:00,27,48.696
2023-01-17 23:00:00+02:00,27,52.058
2023-01-18 00:00:00+02:00,27,55.989
2023-01-18 01:00:00+02:00,27,59.812
2023-01-18 02:00:00+02:00,27,63.737
2023-01-18 03:00:00+02:00,27,69.033
2023-01-18 04:00:00+02:00,27,71.905
2023-01-18 05:00:00+02:00,27,73.055
2023-01-18 06:00:00+02:00,27,74.008
2023-01-18 07:00:00+02:00,27,73.810
2023-01-18 08:00:00+02:00,27,70.904
2023-01-18 09:00:00+02:00,27,66.626
2023-01-18 10:00:00+02:00,27,60.089
2023-01-18 11:00:00+02:00,27,53.075
2023-01-18 12:00:00+02:00,27,46.163
2023-01-18 13:00:00+02:00,27,40.701
2023-01-18 14:00:00+02:00,27,37.127
2023-01-18 15:00:00+02:00,27,34.912
2023-01-18 16:00:00+02:00,27,34.050
2023-01-18 17:00:00+02:00,27,34.400
2023-01-18 18:00:00+02:00,27,35.474
2023-01-18 19:00:00+02:00,27,37.480
2023-01-18 20:00:00+02:00,27,39.706
2023-01-18 21:00:00+02:00,27,42.890
2023-01-18 22:00:00+02:00,27,45.567
2023-01-18 23:00:00+02:00,27,48.229
2023-01-19 00:00:00+02:00,27,50.841
2023-01-19 01:00:00+02:00,27,54.013
2023-01-19 02:00:00+02:00,27,53.072
2023-01-19 03:00:00+02:00,27,51.638
2023-01-19 04:00:00+02:00,27,51.582
2023-01-19 05:00:00+02:00,27,51.012
2023-01-19 06:00:00+02:00,27,50.890
2023-01-19 07:00:00+02:00,27,49.914
2023-01-19 08:00:00+02:00,27,50.013
2023-01-19 09:00:00+02:00,27,50.956
2023-01-19 10:00:00+02:00,27,53.759
2023-01-19 11:00:00+02:00,27,57.505
2023-01-19 12:00:00+02:00,27,61.800
2023-01-19 13:00:00+02:00,27,66.154
2023-01-19 14:00:00+02:00,27,68.819
2023-01-19 15:00:00+02:00,27,70.509
2023-01-19 16:00:00+02:00,27,70.856
2023-01-19 17:00:00+02:00,27,69.104
2023-01-19 18:00:00+02:00,27,67.487
2023-01-19 19:00:00+02:00,27,66.233
2023-01-19 20:00:00+02:00,27,65.316
2023-01-19 21:00:00+02:00,27,66.321
2023-01-19 22:00:00+02:00,27,68.893
2023-01-19 23:00:00+02:00,27,71.637
2023-01-20 00:00:00+02:00,27,69.048
2023-01-20 01:00:00+02:00,27,67.394
2023-01-20 02:00:00+02:00,27,66.435
2023-01-20 03:00:00+02:00,27,66.018
2023-01-20 04:00:00+02:00,27,71.178
2023-01-20 05:00:00+02:00,27,78.796
2023-01-20 06:00:00+02:00,27,92.968
2023-01-20 06:00:00+02:00,27,111.156
2023-01-20 07:00:00+02:00,27,115.707
2023-01-20 08:00:00+02:00,27,116.443
2023-01-20 09:00:00+02:00,27,136.642
2023-01-20 10:00:00+02:00,27,168.546
2023-01-20 11:00:00+02:00,27,200.272
2023-01-20 12:00:00+02:00,27,229.690
2023-01-20 13:00:00+02:00,27,278.745
2023-01-20 14:00:00+02:00,27,365.181
2023-01-20 15:00:00+02:00,27,532.308
2023-01-20 16:00:00+02:00,27,725.837
2023-01-20 17:00:00+02:00,27,890.618
2023-01-20 18:00:00+02:00,27,972.048
2023-01-20 19:00:00+02:00,27,1018.994
2023-01-20 20:00:00+02:00,27,1025.175
2023-01-20 21:00:00+02:00,27,1048.458
2023-01-20 22:00:00+02:00,27,1022.648
2023-01-20 23:00:00+02:00,27,962.587
2023-01-21 00:00:00+02:00,27,867.590
2023-01-21 01:00:00+02:00,27,811.774
2023-01-21 02:00:00+02:00,27,770.345
2023-01-21 03:00:00+02:00,27,702.139
2023-01-21 04:00:00+02:00,27,662.376
2023-01-21 05:00:00+02:00,27,673.818
2023-01-21 06:00:00+02:00,27,716.362
2023-01-21 07:00:00+02:00,27,741.641
2023-01-21 08:00:00+02:00,27,742.654
2023-01-21 09:00:00+02:00,27,815.898
2023-01-21 10:00:00+02:00,27,865.117
2023-01-21 11:00:00+02:00,27,938.943
2023-01-21 12:00:00+02:00,27,1001.184
2023-01-21 13:00:00+02:00,27,1113.105
2023-01-21 14:00:00+02:00,27,1361.444
2023-01-21 15:00:00+02:00,27,1944.902
2023-01-21 16:00:00+02:00,27,2608.717
2023-01-21 17:00:00+02:00,27,3075.158
2023-01-21 18:00:00+02:00,27,3200.535
2023-01-21 19:00:00+02:00,27,3185.369
2023-01-21 20:00:00+02:00,27,3121.923
2023-01-21 21:00:00+02:00,27,3051.299
2023-01-21 22:00:00+02:00,27,2983.553
2023-01-21 23:00:00+02:00,27,2870.420
2023-01-22 00:00:00+02:00,27,2682.158
2023-01-22 01:00:00+02:00,27,2549.653
2023-01-22 02:00:00+02:00,27,2443.195
2023-01-22 03:00:00+02:00,27,2270.427
2023-01-22 04:00:00+02:00,27,2160.985
2023-01-22 05:00:00+02:00,27,2155.948
2022-12-30 06:00:00+02:00,28,691.486
2022-12-30 07:00:00+02:00,28,649.672
2022-12-30 08:00:00+02:00,28,620.005
2022-12-30 09:00:00+02:00,28,603.442
2022-12-30 10:00:00+02:00,28,594.480
2022-12-30 11:00:00+02:00,28,590.316
2022-12-30 12:00:00+02:00,28,587.012
2022-12-30 13:00:00+02:00,28,577.756
2022-12-30 14:00:00+02:00,28,558.866
2022-12-30 15:00:00+02:00,28,535.510
2022-12-30 16:00:00+02:00,28,509.694
2022-12-30 17:00:00+02:00,28,483.116
2022-12-30 18:00:00+02:00,28,456.890
2022-12-30 19:00:00+02:00,28,442.767
2022-12-30 20:00:00+02:00,28,426.716
2022-12-30 21:00:00+02:00,28,407.859
2022-12-30 22:00:00+02:00,28,392.717
2022-12-30 23:00:00+02:00,28,377.289
2022-12-31 00:00:00+02:00,28,365.494
2022-12-31 01:00:00+02:00,28,354.087
2022-12-31 02:00:00+02:00,28,343.573
2022-12-31 03:00:00+02:00,28,331.417
2022-12-31 04:00:00+02:00,28,320.083
2022-12-31 05:00:00+02:00,28,309.629
2022-12-31 06:00:00+02:00,28,298.201
2022-12-31 07:00:00+02:00,28,287.225
2022-12-31 08:00:00+02:00,28,277.295
2022-12-31 09:00:00+02:00,28,265.345
2022-12-31 10:00:00+02:00,28,254.381
2022-12-31 11:00:00+02:00,28,246.667
2022-12-31 12:00:00+02:00,28,240.634
2022-12-31 13:00:00+02:00,28,235.559
2022-12-31 14:00:00+02:00,28,233.469
2022-12-31 15:00:00+02:00,28,231.314
2022-12-31 16:00:00+02:00,28,229.573
2022-12-31 17:00:00+02:00,28,229.323
2022-12-31 18:00:00+02:00,28,229.064
2022-12-31 19:00:00+02:00,28,229.052
2022-12-31 20:00:00+02:00,28,228.480
2022-12-31 21:00:00+02:00,28,227.458
2022-12-31 22:00:00+02:00,28,227.642
2022-12-31 23:00:00+02:00,28,230.724
2023-01-01 00:00:00+02:00,28,234.446
2023-01-01 01:00:00+02:00,28,238.369
2023-01-01 02:00:00+02:00,28,237.014
2023-01-01 03:00:00+02:00,28,232.358
2023-01-01 04:00:00+02:00,28,227.391
2023-01-01 05:00:00+02:00,28,222.408
2023-01-01 06:00:00+02:00,28,218.255
2023-01-01 07:00:00+02:00,28,219.650
2023-01-01 08:00:00+02:00,28,221.213
2023-01-01 09:00:00+02:00,28,221.467
2023-01-01 10:00:00+02:00,28,219.452
2023-01-01 11:00:00+02:00,28,216.711
2023-01-01 12:00:00+02:00,28,213.477
2023-01-01 13:00:00+02:00,28,209.470
2023-01-01 14:00:00+02:00,28,204.454
2023-01-01 15:00:00+02:00,28,197.843
2023-01-01 16:00:00+02:00,28,189.044
2023-01-01 17:00:00+02:00,28,178.132
2023-01-01 18:00:00+02:00,28,166.161
2023-01-01 19:00:00+02:00,28,153.262
2023-01-01 20:00:00+02:00,28,141.040
2023-01-01 21:00:00+02:00,28,131.624
2023-01-01 22:00:00+02:00,28,122.906
2023-01-01 23:00:00+02:00,28,115.270
2023-01-02 00:00:00+02:00,28,109.094
2023-01-02 01:00:00+02:00,28,105.537
2023-01-02 02:00:00+02:00,28,103.243
2023-01-02 03:00:00+02:00,28,102.113
2023-01-02 04:00:00+02:00,28,101.665
2023-01-02 05:00:00+02:00,28,101.457
2023-01-02 06:00:00+02:00,28,100.918
2023-01-02 07:00:00+02:00,28,99.877
2023-01-02 08:00:00+02:00,28,97.223
2023-01-02 09:00:00+02:00,28,91.979
2023-01-02 10:00:00+02:00,28,86.300
2023-01-02 11:00:00+02:00,28,79.720
2023-01-02 12:00:00+02:00,28,73.857
2023-01-02 13:00:00+02:00,28,69.327
2023-01-02 14:00:00+02:00,28,65.457
2023-01-02 15:00:00+02:00,28,61.574
2023-01-02 16:00:00+02:00,28,57.983
2023-01-02 17:00:00+02:00,28,54.288
2023-01-02 18:00:00+02:00,28,51.037
2023-01-02 19:00:00+02:00,28,48.806
2023-01-02 20:00:00+02:00,28,47.031
2023-01-02 21:00:00+02:00,28,46.270
2023-01-02 22:00:00+02:00,28,46.842
2023-01-02 23:00:00+02:00,28,49.301
2023-01-03 00:00:00+02:00,28,52.298
2023-01-03 01:00:00+02:00,28,57.034
2023-01-03 02:00:00+02:00,28,64.263
2023-01-03 03:00:00+02:00,28,75.275
2023-01-03 04:00:00+02:00,28,84.722
2023-01-03 05:00:00+02:00,28,91.760
2023-01-03 06:00:00+02:00,28,98.793
2023-01-03 07:00:00+02:00,28,104.433
2023-01-03 08:00:00+02:00,28,104.584
2023-01-03 09:00:00+02:00,28,98.919
2023-01-03 10:00:00+02:00,28,90.923
2023-01-03 11:00:00+02:00,28,79.853
2023-01-03 12:00:00+02:00,28,69.315
2023-01-03 13:00:00+02:00,28,62.997
2023-01-03 14:00:00+02:00,28,56.532
2023-01-03 15:00:00+02:00,28,49.706
2023-01-03 16:00:00+02:00,28,45.528
2023-01-03 17:00:00+02:00,28,43.372
2023-01-03 18:00:00+02:00,28,42.765
2023-01-03 19:00:00+02:00,28,42.527
2023-01-03 20:00:00+02:00,28,44.394
2023-01-03 21:00:00+02:00,28,48.721
2023-01-03 22:00:00+02:00,28,51.731
2023-01-03 23:00:00+02:00,28,56.215
2023-01-04 00:00:00+02:00,28,59.344
2023-01-04 01:00:00+02:00,28,62.017
2023-01-04 02:00:00+02:00,28,66.718
2023-01-04 03:00:00+02:00,28,73.840
2023-01-04 04:00:00+02:00,28,78.541
2023-01-04 05:00:00+02:00,28,83.035
2023-01-04 06:00:00+02:00,28,85.017
2023-01-04 07:00:00+02:00,28,86.121
2023-01-04 08:00:00+02:00,28,84.813
2023-01-04 09:00:00+02:00,28,81.507
2023-01-04 10:00:00+02:00,28,76.902
2023-01-04 11:00:00+02:00,28,71.757
2023-01-04 12:00:00+02:00,28,66.286
2023-01-04 13:00:00+02:00,28,62.374
2023-01-04 14:00:00+02:00,28,57.549
2023-01-04 15:00:00+02:00,28,54.261
2023-01-04 16:00:00+02:00,28,58.113
2023-01-04 17:00:00+02:00,28,66.792
2023-01-04 18:00:00+02:00,28,76.210
2023-01-04 19:00:00+02:00,28,87.749
2023-01-04 20:00:00+02:00,28,102.142
2023-01-04 21:00:00+02:00,28,122.805
2023-01-04 22:00:00+02:00,28,147.503
2023-01-04 23:00:00+02:00,28,163.659
2023-01-05 00:00:00+02:00,28,184.010
2023-01-05 01:00:00+02:00,28,195.672
2023-01-05 02:00:00+02:00,28,202.141
2023-01-05 03:00:00+02:00,28,204.505
2023-01-05 04:00:00+02:00,28,205.219
2023-01-05 05:00:00+02:00,28,205.005
2023-01-05 06:00:00+02:00,28,202.192
2023-01-05 07:00:00+02:00,28,201.084
2023-01-05 08:00:00+02:00,28,199.337
2023-01-05 09:00:00+02:00,28,196.415
2023-01-05 10:00:00+02:00,28,194.938
2023-01-05 11:00:00+02:00,28,197.136
2023-01-05 12:00:00+02:00,28,201.358
2023-01-05 13:00:00+02:00,28,205.010
2023-01-05 14:00:00+02:00,28,211.221
2023-01-05 15:00:00+02:00,28,220.217
2023-01-05 16:00:00+02:00,28,231.253
2023-01-05 17:00:00+02:00,28,245.540
2023-01-05 18:00:00+02:00,28,266.215
2023-01-05 19:00:00+02:00,28,277.169
2023-01-05 20:00:00+02:00,28,287.135
2023-01-05 21:00:00+02:00,28,319.590
2023-01-05 22:00:00+02:00,28,380.896
2023-01-05 23:00:00+02:00,28,534.134
2023-01-06 00:00:00+02:00,28,775.487
2023-01-06 01:00:00+02:00,28,1274.045
2023-01-06 02:00:00+02:00,28,2099.279
2023-01-06 03:00:00+02:00,28,3112.724
2023-01-06 04:00:00+02:00,28,3918.048
2023-01-06 05:00:00+02:00,28,4252.034
2023-01-06 06:00:00+02:00,28,4152.938
2023-01-06 07:00:00+02:00,28,3827.953
2023-01-06 08:00:00+02:00,28,3460.892
2023-01-06 09:00:00+02:00,28,3138.428
2023-01-06 10:00:00+02:00,28,2875.699
2023-01-06 11:00:00+02:00,28,2662.067
2023-01-06 12:00:00+02:00,28,2483.271
2023-01-06 13:00:00+02:00,28,2331.176
2023-01-06 14:00:00+02:00,28,2205.601
2023-01-06 15:00:00+02:00,28,2114.741
2023-01-06 16:00:00+02:00,28,2065.370
2023-01-06 17:00:00+02:00,28,2038.884
2023-01-06 18:00:00+02:00,28,2045.427
2023-01-06 19:00:00+02:00,28,2062.558
2023-01-06 20:00:00+02:00,28,2102.358
2023-01-06 21:00:00+02:00,28,2121.453
2023-01-06 22:00:00+02:00,28,2123.428
2023-01-06 23:00:00+02:00,28,2110.803
2023-01-07 00:00:00+02:00,28,2118.632
2023-01-07 01:00:00+02:00,28,2132.015
2023-01-07 02:00:00+02:00,28,2142.488
2023-01-07 03:00:00+02:00,28,2131.378
2023-01-07 04:00:00+02:00,28,2145.183
2023-01-07 05:00:00+02:00,28,2176.332
2023-01-07 06:00:00+02:00,28,2201.516
2023-01-07 07:00:00+02:00,28,2205.233
2023-01-07 08:00:00+02:00,28,2210.576
2023-01-07 09:00:00+02:00,28,2210.285
2023-01-07 10:00:00+02:00,28,2173.035
2023-01-07 11:00:00+02:00,28,2079.309
2023-01-07 12:00:00+02:00,28,1920.456
2023-01-07 13:00:00+02:00,28,1731.424
2023-01-07 14:00:00+02:00,28,1531.163
2023-01-07 15:00:00+02:00,28,1334.264
2023-01-07 16:00:00+02:00,28,1150.892
2023-01-07 17:00:00+02:00,28,1045.097
2023-01-07 18:00:00+02:00,28,965.787
2023-01-07 19:00:00+02:00,28,880.666
2023-01-07 20:00:00+02:00,28,829.230
2023-01-07 21:00:00+02:00,28,771.666
2023-01-07 22:00:00+02:00,28,735.460
2023-01-07 23:00:00+02:00,28,702.865
2023-01-08 00:00:00+02:00,28,677.443
2023-01-08 01:00:00+02:00,28,640.481
2023-01-08 02:00:00+02:00,28,612.949
2023-01-08 03:00:00+02:00,28,587.884
2023-01-08 04:00:00+02:00,28,563.394
2023-01-08 05:00:00+02:00,28,541.492
2023-01-08 06:00:00+02:00,28,523.629
2023-01-08 07:00:00+02:00,28,504.526
2023-01-08 08:00:00+02:00,28,483.895
2023-01-08 09:00:00+02:00,28,468.671
2023-01-08 10:00:00+02:00,28,454.287
2023-01-08 11:00:00+02:00,28,443.660
2023-01-08 12:00:00+02:00,28,446.663
2023-01-08 13:00:00+02:00,28,446.381
2023-01-08 14:00:00+02:00,28,446.564
2023-01-08 15:00:00+02:00,28,447.988
2023-01-08 16:00:00+02:00,28,460.973
2023-01-08 17:00:00+02:00,28,480.581
2023-01-08 18:00:00+02:00,28,505.636
2023-01-08 19:00:00+02:00,28,532.081
2023-01-08 20:00:00+02:00,28,562.382
2023-01-08 21:00:00+02:00,28,583.353
2023-01-08 22:00:00+02:00,28,587.350
2023-01-08 23:00:00+02:00,28,556.127
2023-01-09 00:00:00+02:00,28,504.573
2023-01-09 01:00:00+02:00,28,443.002
2023-01-09 02:00:00+02:00,28,379.724
2023-01-09 03:00:00+02:00,28,315.779
2023-01-09 04:00:00+02:00,28,257.176
2023-01-09 05:00:00+02:00,28,212.609
2023-01-09 06:00:00+02:00,28,177.740
2023-01-09 07:00:00+02:00,28,142.402
2023-01-09 08:00:00+02:00,28,114.079
2023-01-09 09:00:00+02:00,28,93.236
2023-01-09 10:00:00+02:00,28,75.726
2023-01-09 11:00:00+02:00,28,62.532
2023-01-09 12:00:00+02:00,28,52.784
2023-01-09 13:00:00+02:00,28,44.437
2023-01-09 14:00:00+02:00,28,38.899
2023-01-09 15:00:00+02:00,28,36.022
2023-01-09 16:00:00+02:00,28,34.715
2023-01-09 17:00:00+02:00,28,35.219
2023-01-09 18:00:00+02:00,28,38.045
2023-01-09 19:00:00+02:00,28,42.230
2023-01-09 20:00:00+02:00,28,46.738
2023-01-09 21:00:00+02:00,28,50.866
2023-01-09 22:00:00+02:00,28,54.273
2023-01-09 23:00:00+02:00,28,59.752
2023-01-10 00:00:00+02:00,28,66.684
2023-01-10 01:00:00+02:00,28,74.131
2023-01-10 02:00:00+02:00,28,79.008
2023-01-10 03:00:00+02:00,28,82.213
2023-01-10 04:00:00+02:00,28,83.797
2023-01-10 05:00:00+02:00,28,84.154
2023-01-10 06:00:00+02:00,28,82.908
2023-01-10 07:00:00+02:00,28,79.386
2023-01-10 08:00:00+02:00,28,72.395
2023-01-10 09:00:00+02:00,28,62.566
2023-01-10 10:00:00+02:00,28,54.529
2023-01-10 11:00:00+02:00,28,47.948
2023-01-10 12:00:00+02:00,28,43.142
2023-01-10 13:00:00+02:00,28,38.795
2023-01-10 14:00:00+02:00,28,35.593
2023-01-10 15:00:00+02:00,28,33.981
2023-01-10 16:00:00+02:00,28,34.895
2023-01-10 17:00:00+02:00,28,37.648
2023-01-10 18:00:00+02:00,28,40.740
2023-01-10 19:00:00+02:00,28,44.887
2023-01-10 20:00:00+02:00,28,47.740
2023-01-10 21:00:00+02:00,28,50.775
2023-01-10 22:00:00+02:00,28,52.950
2023-01-10 23:00:00+02:00,28,56.322
2023-01-11 00:00:00+02:00,28,59.062
2023-01-11 01:00:00+02:00,28,63.315
2023-01-11 02:00:00+02:00,28,66.788
2023-01-11 03:00:00+02:00,28,67.562
2023-01-11 04:00:00+02:00,28,68.780
2023-01-11 05:00:00+02:00,28,70.982
2023-01-11 06:00:00+02:00,28,72.578
2023-01-11 07:00:00+02:00,28,73.249
2023-01-11 08:00:00+02:00,28,73.574
2023-01-11 09:00:00+02:00,28,74.111
2023-01-11 10:00:00+02:00,28,74.024
2023-01-11 11:00:00+02:00,28,71.547
2023-01-11 12:00:00+02:00,28,68.565
2023-01-11 13:00:00+02:00,28,64.750
2023-01-11 14:00:00+02:00,28,60.880
2023-01-11 15:00:00+02:00,28,57.726
2023-01-11 16:00:00+02:00,28,54.987
2023-01-11 17:00:00+02:00,28,53.321
2023-01-11 18:00:00+02:00,28,54.266
2023-01-11 19:00:00+02:00,28,57.033
2023-01-11 20:00:00+02:00,28,60.533
2023-01-11 21:00:00+02:00,28,63.612
2023-01-11 22:00:00+02:00,28,65.684
2023-01-11 23:00:00+02:00,28,67.190
2023-01-12 00:00:00+02:00,28,68.242
2023-01-12 01:00:00+02:00,28,69.032
2023-01-12 02:00:00+02:00,28,69.731
2023-01-12 03:00:00+02:00,28,71.137
2023-01-12 04:00:00+02:00,28,71.208
2023-01-12 05:00:00+02:00,28,69.136
2023-01-12 06:00:00+02:00,28,63.968
2023-01-12 07:00:00+02:00,28,56.470
2023-01-12 08:00:00+02:00,28,48.636
2023-01-12 09:00:00+02:00,28,42.546
2023-01-12 10:00:00+02:00,28,38.259
2023-01-12 11:00:00+02:00,28,34.036
2023-01-12 12:00:00+02:00,28,30.211
2023-01-12 13:00:00+02:00,28,27.602
2023-01-12 14:00:00+02:00,28,26.031
2023-01-12 15:00:00+02:00,28,26.992
2023-01-12 16:00:00+02:00,28,31.345
2023-01-12 17:00:00+02:00,28,36.718
2023-01-12 18:00:00+02:00,28,41.582
2023-01-12 19:00:00+02:00,28,46.237
2023-01-12 20:00:00+02:00,28,49.328
2023-01-12 21:00:00+02:00,28,52.031
2023-01-12 22:00:00+02:00,28,54.313
2023-01-12 23:00:00+02:00,28,56.854
2023-01-13 00:00:00+02:00,28,60.516
2023-01-13 01:00:00+02:00,28,64.265
2023-01-13 02:00:00+02:00,28,68.579
2023-01-13 03:00:00+02:00,28,75.350
2023-01-13 04:00:00+02:00,28,79.366
2023-01-13 05:00:00+02:00,28,78.628
2023-01-13 06:00:00+02:00,28,74.450
2023-01-13 07:00:00+02:00,28,67.104
2023-01-13 08:00:00+02:00,28,58.396
2023-01-13 09:00:00+02:00,28,47.726
2023-01-13 10:00:00+02:00,28,41.913
2023-01-13 11:00:00+02:00,28,37.778
2023-01-13 12:00:00+02:00,28,33.742
2023-01-13 13:00:00+02:00,28,29.951
2023-01-13 14:00:00+02:00,28,27.949
2023-01-13 15:00:00+02:00,28,28.415
2023-01-13 16:00:00+02:00,28,30.475
2023-01-13 17:00:00+02:00,28,34.462
2023-01-13 18:00:00+02:00,28,37.837
2023-01-13 19:00:00+02:00,28,40.757
2023-01-13 20:00:00+02:00,28,43.896
2023-01-13 21:00:00+02:00,28,47.742
2023-01-13 22:00:00+02:00,28,50.199
2023-01-13 23:00:00+02:00,28,52.422
2023-01-14 00:00:00+02:00,28,54.546
2023-01-14 01:00:00+02:00,28,54.473
2023-01-14 02:00:00+02:00,28,50.993
2023-01-14 03:00:00+02:00,28,48.787
2023-01-14 04:00:00+02:00,28,48.051
2023-01-14 05:00:00+02:00,28,48.127
2023-01-14 06:00:00+02:00,28,48.944
2023-01-14 07:00:00+02:00,28,49.412
2023-01-14 08:00:00+02:00,28,48.978
2023-01-14 09:00:00+02:00,28,48.308
2023-01-14 10:00:00+02:00,28,46.829
2023-01-14 11:00:00+02:00,28,45.600
2023-01-14 12:00:00+02:00,28,44.631
2023-01-14 13:00:00+02:00,28,43.711
2023-01-14 14:00:00+02:00,28,42.993
2023-01-14 15:00:00+02:00,28,42.406
2023-01-14 16:00:00+02:00,28,41.820
2023-01-14 17:00:00+02:00,28,41.382
2023-01-14 18:00:00+02:00,28,40.590
2023-01-14 19:00:00+02:00,28,40.331
2023-01-14 20:00:00+02:00,28,40.357
2023-01-14 21:00:00+02:00,28,40.148
2023-01-14 22:00:00+02:00,28,39.999
2023-01-14 23:00:00+02:00,28,39.445
2023-01-15 00:00:00+02:00,28,39.497
2023-01-15 01:00:00+02:00,28,39.009
2023-01-15 02:00:00+02:00,28,38.112
2023-01-15 03:00:00+02:00,28,37.315
2023-01-15 04:00:00+02:00,28,37.691
2023-01-15 05:00:00+02:00,28,40.608
2023-01-15 06:00:00+02:00,28,39.284
2023-01-15 07:00:00+02:00,28,37.269
2023-01-15 08:00:00+02:00,28,37.734
2023-01-15 09:00:00+02:00,28,39.037
2023-01-15 10:00:00+02:00,28,42.021
2023-01-15 11:00:00+02:00,28,47.790
2023-01-15 12:00:00+02:00,28,58.224
2023-01-15 13:00:00+02:00,28,69.168
2023-01-15 14:00:00+02:00,28,79.244
2023-01-15 15:00:00+02:00,28,82.451
2023-01-15 16:00:00+02:00,28,75.026
2023-01-15 17:00:00+02:00,28,66.558
2023-01-15 18:00:00+02:00,28,62.956
2023-01-15 19:00:00+02:00,28,63.580
2023-01-15 20:00:00+02:00,28,67.447
2023-01-15 21:00:00+02:00,28,76.574
2023-01-15 22:00:00+02:00,28,85.447
2023-01-15 23:00:00+02:00,28,94.271
2023-01-16 00:00:00+02:00,28,100.259
2023-01-16 01:00:00+02:00,28,104.333
2023-01-16 02:00:00+02:00,28,117.890
2023-01-16 03:00:00+02:00,28,139.966
2023-01-16 04:00:00+02:00,28,148.955
2023-01-16 05:00:00+02:00,28,144.612
2023-01-16 06:00:00+02:00,28,128.455
2023-01-16 07:00:00+02:00,28,105.330
2023-01-16 08:00:00+02:00,28,91.986
2023-01-16 09:00:00+02:00,28,86.459
2023-01-16 10:00:00+02:00,28,81.544
2023-01-16 11:00:00+02:00,28,77.256
2023-01-16 12:00:00+02:00,28,71.899
2023-01-16 13:00:00+02:00,28,68.112
2023-01-16 14:00:00+02:00,28,66.582
2023-01-16 15:00:00+02:00,28,66.581
2023-01-16 16:00:00+02:00,28,67.681
2023-01-16 17:00:00+02:00,28,70.536
2023-01-16 18:00:00+02:00,28,72.899
2023-01-16 19:00:00+02:00,28,74.415
2023-01-16 20:00:00+02:00,28,74.657
2023-01-16 21:00:00+02:00,28,73.897
2023-01-16 22:00:00+02:00,28,72.393
2023-01-16 23:00:00+02:00,28,70.944
2023-01-17 00:00:00+02:00,28,69.865
2023-01-17 01:00:00+02:00,28,69.114
2023-01-17 02:00:00+02:00,28,68.640
2023-01-17 03:00:00+02:00,28,68.427
2023-01-17 04:00:00+02:00,28,67.992
2023-01-17 05:00:00+02:00,28,66.705
2023-01-17 06:00:00+02:00,28,64.704
2023-01-17 07:00:00+02:00,28,61.324
2023-01-17 08:00:00+02:00,28,55.976
2023-01-17 09:00:00+02:00,28,50.574
2023-01-17 10:00:00+02:00,28,44.164
2023-01-17 11:00:00+02:00,28,39.393
2023-01-17 12:00:00+02:00,28,36.157
2023-01-17 13:00:00+02:00,28,33.215
2023-01-17 14:00:00+02:00,28,31.636
2023-01-17 15:00:00+02:00,28,32.392
2023-01-17 16:00:00+02:00,28,35.012
2023-01-17 17:00:00+02:00,28,38.049
2023-01-17 18:00:00+02:00,28,41.711
2023-01-17 19:00:00+02:00,28,44.547
2023-01-17 20:00:00+02:00,28,46.812
2023-01-17 21:00:00+02:00,28,49.765
2023-01-17 22:00:00+02:00,28,53.328
2023-01-17 23:00:00+02:00,28,57.223
2023-01-18 00:00:00+02:00,28,61.859
2023-01-18 01:00:00+02:00,28,66.223
2023-01-18 02:00:00+02:00,28,70.447
2023-01-18 03:00:00+02:00,28,75.592
2023-01-18 04:00:00+02:00,28,77.675
2023-01-18 05:00:00+02:00,28,77.806
2023-01-18 06:00:00+02:00,28,77.016
2023-01-18 07:00:00+02:00,28,73.873
2023-01-18 08:00:00+02:00,28,67.799
2023-01-18 09:00:00+02:00,28,61.585
2023-01-18 10:00:00+02:00,28,53.583
2023-01-18 11:00:00+02:00,28,46.365
2023-01-18 12:00:00+02:00,28,40.340
2023-01-18 13:00:00+02:00,28,36.441
2023-01-18 14:00:00+02:00,28,34.512
2023-01-18 15:00:00+02:00,28,33.953
2023-01-18 16:00:00+02:00,28,34.631
2023-01-18 17:00:00+02:00,28,36.277
2023-01-18 18:00:00+02:00,28,38.333
2023-01-18 19:00:00+02:00,28,41.270
2023-01-18 20:00:00+02:00,28,44.191
2023-01-18 21:00:00+02:00,28,48.079
2023-01-18 22:00:00+02:00,28,51.231
2023-01-18 23:00:00+02:00,28,54.294
2023-01-19 00:00:00+02:00,28,57.253
2023-01-19 01:00:00+02:00,28,60.817
2023-01-19 02:00:00+02:00,28,59.757
2023-01-19 03:00:00+02:00,28,55.579
2023-01-19 04:00:00+02:00,28,53.684
2023-01-19 05:00:00+02:00,28,52.420
2023-01-19 06:00:00+02:00,28,51.222
2023-01-19 07:00:00+02:00,28,50.745
2023-01-19 08:00:00+02:00,28,52.739
2023-01-19 09:00:00+02:00,28,54.942
2023-01-19 10:00:00+02:00,28,59.131
2023-01-19 11:00:00+02:00,28,63.920
2023-01-19 12:00:00+02:00,28,68.724
2023-01-19 13:00:00+02:00,28,72.785
2023-01-19 14:00:00+02:00,28,74.561
2023-01-19 15:00:00+02:00,28,75.025
2023-01-19 16:00:00+02:00,28,74.301
2023-01-19 17:00:00+02:00,28,72.525
2023-01-19 18:00:00+02:00,28,70.719
2023-01-19 19:00:00+02:00,28,68.857
2023-01-19 20:00:00+02:00,28,67.191
2023-01-19 21:00:00+02:00,28,65.625
2023-01-19 22:00:00+02:00,28,65.087
2023-01-19 23:00:00+02:00,28,65.566
2023-01-20 00:00:00+02:00,28,63.976
2023-01-20 01:00:00+02:00,28,62.609
2023-01-20 02:00:00+02:00,28,61.527
2023-01-20 03:00:00+02:00,28,60.682
2023-01-20 04:00:00+02:00,28,62.240
2023-01-20 05:00:00+02:00,28,65.932
2023-01-20 06:00:00+02:00,28,74.963
2023-01-20 06:00:00+02:00,28,86.549
2023-01-20 07:00:00+02:00,28,88.992
2023-01-20 08:00:00+02:00,28,88.908
2023-01-20 09:00:00+02:00,28,97.902
2023-01-20 10:00:00+02:00,28,113.694
2023-01-20 11:00:00+02:00,28,132.803
2023-01-20 12:00:00+02:00,28,152.980
2023-01-20 13:00:00+02:00,28,189.238
2023-01-20 14:00:00+02:00,28,255.431
2023-01-20 15:00:00+02:00,28,380.808
2023-01-20 16:00:00+02:00,28,539.640
2023-01-20 17:00:00+02:00,28,704.837
2023-01-20 18:00:00+02:00,28,804.054
2023-01-20 19:00:00+02:00,28,865.867
2023-01-20 20:00:00+02:00,28,877.663
2023-01-20 21:00:00+02:00,28,900.691
2023-01-20 22:00:00+02:00,28,877.790
2023-01-20 23:00:00+02:00,28,819.358
2023-01-21 00:00:00+02:00,28,725.378
2023-01-21 01:00:00+02:00,28,672.179
2023-01-21 02:00:00+02:00,28,633.751
2023-01-21 03:00:00+02:00,28,569.951
2023-01-21 04:00:00+02:00,28,534.472
2023-01-21 05:00:00+02:00,28,543.927
2023-01-21 06:00:00+02:00,28,569.829
2023-01-21 07:00:00+02:00,28,583.260
2023-01-21 08:00:00+02:00,28,581.553
2023-01-21 09:00:00+02:00,28,627.630
2023-01-21 10:00:00+02:00,28,662.525
2023-01-21 11:00:00+02:00,28,722.348
2023-01-21 12:00:00+02:00,28,777.365
2023-01-21 13:00:00+02:00,28,871.059
2023-01-21 14:00:00+02:00,28,1046.002
2023-01-21 15:00:00+02:00,28,1436.438
2023-01-21 16:00:00+02:00,28,1976.036
2023-01-21 17:00:00+02:00,28,2509.208
2023-01-21 18:00:00+02:00,28,2777.278
2023-01-21 19:00:00+02:00,28,2894.766
2023-01-21 20:00:00+02:00,28,2886.919
2023-01-21 21:00:00+02:00,28,2883.457
2023-01-21 22:00:00+02:00,28,2814.046
2023-01-21 23:00:00+02:00,28,2659.730
2023-01-22 00:00:00+02:00,28,2406.417
2023-01-22 01:00:00+02:00,28,2252.734
2023-01-22 02:00:00+02:00,28,2137.772
2023-01-22 03:00:00+02:00,28,1948.582
2023-01-22 04:00:00+02:00,28,1838.975
2023-01-22 05:00:00+02:00,28,1850.988
2022-12-30 06:00:00+02:00,29,781.891
2022-12-30 07:00:00+02:00,29,723.206
2022-12-30 08:00:00+02:00,29,671.919
2022-12-30 09:00:00+02:00,29,639.602
2022-12-30 10:00:00+02:00,29,610.160
2022-12-30 11:00:00+02:00,29,592.619
2022-12-30 12:00:00+02:00,29,581.751
2022-12-30 13:00:00+02:00,29,572.955
2022-12-30 14:00:00+02:00,29,562.010
2022-12-30 15:00:00+02:00,29,546.979
2022-12-30 16:00:00+02:00,29,528.895
2022-12-30 17:00:00+02:00,29,508.596
2022-12-30 18:00:00+02:00,29,486.989
2022-12-30 19:00:00+02:00,29,473.474
2022-12-30 20:00:00+02:00,29,458.396
2022-12-30 21:00:00+02:00,29,440.770
2022-12-30 22:00:00+02:00,29,425.909
2022-12-30 23:00:00+02:00,29,410.566
2022-12-31 00:00:00+02:00,29,398.383
2022-12-31 01:00:00+02:00,29,386.497
2022-12-31 02:00:00+02:00,29,375.410
2022-12-31 03:00:00+02:00,29,362.595
2022-12-31 04:00:00+02:00,29,350.437
2022-12-31 05:00:00+02:00,29,339.051
2022-12-31 06:00:00+02:00,29,326.375
2022-12-31 07:00:00+02:00,29,313.918
2022-12-31 08:00:00+02:00,29,302.450
2022-12-31 09:00:00+02:00,29,287.912
2022-12-31 10:00:00+02:00,29,273.880
2022-12-31 11:00:00+02:00,29,264.135
2022-12-31 12:00:00+02:00,29,256.949
2022-12-31 13:00:00+02:00,29,251.432
2022-12-31 14:00:00+02:00,29,250.335
2022-12-31 15:00:00+02:00,29,248.908
2022-12-31 16:00:00+02:00,29,247.816
2022-12-31 17:00:00+02:00,29,248.286
2022-12-31 18:00:00+02:00,29,248.376
2022-12-31 19:00:00+02:00,29,248.494
2022-12-31 20:00:00+02:00,29,247.867
2022-12-31 21:00:00+02:00,29,246.702
2022-12-31 22:00:00+02:00,29,246.722
2022-12-31 23:00:00+02:00,29,249.399
2023-01-01 00:00:00+02:00,29,252.202
2023-01-01 01:00:00+02:00,29,254.736
2023-01-01 02:00:00+02:00,29,252.482
2023-01-01 03:00:00+02:00,29,247.465
2023-01-01 04:00:00+02:00,29,242.196
2023-01-01 05:00:00+02:00,29,236.923
2023-01-01 06:00:00+02:00,29,232.367
2023-01-01 07:00:00+02:00,29,232.044
2023-01-01 08:00:00+02:00,29,231.693
2023-01-01 09:00:00+02:00,29,229.882
2023-01-01 10:00:00+02:00,29,226.163
2023-01-01 11:00:00+02:00,29,221.572
2023-01-01 12:00:00+02:00,29,215.995
2023-01-01 13:00:00+02:00,29,209.149
2023-01-01 14:00:00+02:00,29,200.956
2023-01-01 15:00:00+02:00,29,190.565
2023-01-01 16:00:00+02:00,29,178.053
2023-01-01 17:00:00+02:00,29,164.347
2023-01-01 18:00:00+02:00,29,151.087
2023-01-01 19:00:00+02:00,29,138.358
2023-01-01 20:00:00+02:00,29,127.573
2023-01-01 21:00:00+02:00,29,119.980
2023-01-01 22:00:00+02:00,29,113.588
2023-01-01 23:00:00+02:00,29,108.681
2023-01-02 00:00:00+02:00,29,105.646
2023-01-02 01:00:00+02:00,29,104.285
2023-01-02 02:00:00+02:00,29,104.034
2023-01-02 03:00:00+02:00,29,104.598
2023-01-02 04:00:00+02:00,29,105.061
2023-01-02 05:00:00+02:00,29,104.885
2023-01-02 06:00:00+02:00,29,103.529
2023-01-02 07:00:00+02:00,29,100.650
2023-01-02 08:00:00+02:00,29,94.780
2023-01-02 09:00:00+02:00,29,86.202
2023-01-02 10:00:00+02:00,29,78.713
2023-01-02 11:00:00+02:00,29,70.980
2023-01-02 12:00:00+02:00,29,64.808
2023-01-02 13:00:00+02:00,29,60.419
2023-01-02 14:00:00+02:00,29,56.880
2023-01-02 15:00:00+02:00,29,53.545
2023-01-02 16:00:00+02:00,29,50.716
2023-01-02 17:00:00+02:00,29,48.214
2023-01-02 18:00:00+02:00,29,46.566
2023-01-02 19:00:00+02:00,29,45.819
2023-01-02 20:00:00+02:00,29,46.032
2023-01-02 21:00:00+02:00,29,48.124
2023-01-02 22:00:00+02:00,29,51.492
2023-01-02 23:00:00+02:00,29,57.206
2023-01-03 00:00:00+02:00,29,62.662
2023-01-03 01:00:00+02:00,29,69.974
2023-01-03 02:00:00+02:00,29,79.765
2023-01-03 03:00:00+02:00,29,92.677
2023-01-03 04:00:00+02:00,29,102.032
2023-01-03 05:00:00+02:00,29,107.572
2023-01-03 06:00:00+02:00,29,111.275
2023-01-03 07:00:00+02:00,29,110.848
2023-01-03 08:00:00+02:00,29,103.072
2023-01-03 09:00:00+02:00,29,91.997
2023-01-03 10:00:00+02:00,29,80.970
2023-01-03 11:00:00+02:00,29,68.329
2023-01-03 12:00:00+02:00,29,58.252
2023-01-03 13:00:00+02:00,29,52.957
2023-01-03 14:00:00+02:00,29,48.105
2023-01-03 15:00:00+02:00,29,43.992
2023-01-03 16:00:00+02:00,29,42.510
2023-01-03 17:00:00+02:00,29,43.105
2023-01-03 18:00:00+02:00,29,44.126
2023-01-03 19:00:00+02:00,29,44.859
2023-01-03 20:00:00+02:00,29,48.684
2023-01-03 21:00:00+02:00,29,55.141
2023-01-03 22:00:00+02:00,29,59.439
2023-01-03 23:00:00+02:00,29,65.242
2023-01-04 00:00:00+02:00,29,68.941
2023-01-04 01:00:00+02:00,29,71.903
2023-01-04 02:00:00+02:00,29,76.877
2023-01-04 03:00:00+02:00,29,83.996
2023-01-04 04:00:00+02:00,29,88.081
2023-01-04 05:00:00+02:00,29,90.943
2023-01-04 06:00:00+02:00,29,90.838
2023-01-04 07:00:00+02:00,29,88.510
2023-01-04 08:00:00+02:00,29,84.060
2023-01-04 09:00:00+02:00,29,77.562
2023-01-04 10:00:00+02:00,29,70.800
2023-01-04 11:00:00+02:00,29,64.425
2023-01-04 12:00:00+02:00,29,58.486
2023-01-04 13:00:00+02:00,29,54.709
2023-01-04 14:00:00+02:00,29,50.492
2023-01-04 15:00:00+02:00,29,47.936
2023-01-04 16:00:00+02:00,29,51.443
2023-01-04 17:00:00+02:00,29,58.189
2023-01-04 18:00:00+02:00,29,66.143
2023-01-04 19:00:00+02:00,29,74.719
2023-01-04 20:00:00+02:00,29,84.664
2023-01-04 21:00:00+02:00,29,99.928
2023-01-04 22:00:00+02:00,29,120.884
2023-01-04 23:00:00+02:00,29,136.783
2023-01-05 00:00:00+02:00,29,159.541
2023-01-05 01:00:00+02:00,29,175.168
2023-01-05 02:00:00+02:00,29,185.630
2023-01-05 03:00:00+02:00,29,191.010
2023-01-05 04:00:00+02:00,29,194.130
2023-01-05 05:00:00+02:00,29,195.822
2023-01-05 06:00:00+02:00,29,193.750
2023-01-05 07:00:00+02:00,29,193.688
2023-01-05 08:00:00+02:00,29,192.331
2023-01-05 09:00:00+02:00,29,189.556
2023-01-05 10:00:00+02:00,29,187.830
2023-01-05 11:00:00+02:00,29,188.020
2023-01-05 12:00:00+02:00,29,189.405
2023-01-05 13:00:00+02:00,29,190.913
2023-01-05 14:00:00+02:00,29,194.680
2023-01-05 15:00:00+02:00,29,200.423
2023-01-05 16:00:00+02:00,29,207.030
2023-01-05 17:00:00+02:00,29,214.529
2023-01-05 18:00:00+02:00,29,223.210
2023-01-05 19:00:00+02:00,29,226.218
2023-01-05 20:00:00+02:00,29,228.528
2023-01-05 21:00:00+02:00,29,240.190
2023-01-05 22:00:00+02:00,29,264.714
2023-01-05 23:00:00+02:00,29,341.672
2023-01-06 00:00:00+02:00,29,498.820
2023-01-06 01:00:00+02:00,29,842.520
2023-01-06 02:00:00+02:00,29,1399.353
2023-01-06 03:00:00+02:00,29,2209.206
2023-01-06 04:00:00+02:00,29,3081.197
2023-01-06 05:00:00+02:00,29,3728.050
2023-01-06 06:00:00+02:00,29,3995.492
2023-01-06 07:00:00+02:00,29,3928.885
2023-01-06 08:00:00+02:00,29,3675.143
2023-01-06 09:00:00+02:00,29,3366.826
2023-01-06 10:00:00+02:00,29,3076.062
2023-01-06 11:00:00+02:00,29,2826.135
2023-01-06 12:00:00+02:00,29,2616.318
2023-01-06 13:00:00+02:00,29,2439.269
2023-01-06 14:00:00+02:00,29,2290.184
2023-01-06 15:00:00+02:00,29,2170.408
2023-01-06 16:00:00+02:00,29,2096.709
2023-01-06 17:00:00+02:00,29,2042.123
2023-01-06 18:00:00+02:00,29,2012.657
2023-01-06 19:00:00+02:00,29,2004.628
2023-01-06 20:00:00+02:00,29,2022.716
2023-01-06 21:00:00+02:00,29,2031.638
2023-01-06 22:00:00+02:00,29,2028.150
2023-01-06 23:00:00+02:00,29,2012.616
2023-01-07 00:00:00+02:00,29,2014.167
2023-01-07 01:00:00+02:00,29,2021.275
2023-01-07 02:00:00+02:00,29,2028.401
2023-01-07 03:00:00+02:00,29,2017.574
2023-01-07 04:00:00+02:00,29,2031.599
2023-01-07 05:00:00+02:00,29,2064.017
2023-01-07 06:00:00+02:00,29,2092.377
2023-01-07 07:00:00+02:00,29,2100.633
2023-01-07 08:00:00+02:00,29,2114.280
2023-01-07 09:00:00+02:00,29,2134.192
2023-01-07 10:00:00+02:00,29,2131.491
2023-01-07 11:00:00+02:00,29,2097.979
2023-01-07 12:00:00+02:00,29,2010.681
2023-01-07 13:00:00+02:00,29,1881.280
2023-01-07 14:00:00+02:00,29,1723.262
2023-01-07 15:00:00+02:00,29,1549.031
2023-01-07 16:00:00+02:00,29,1369.620
2023-01-07 17:00:00+02:00,29,1256.783
2023-01-07 18:00:00+02:00,29,1168.067
2023-01-07 19:00:00+02:00,29,1069.301
2023-01-07 20:00:00+02:00,29,1007.358
2023-01-07 21:00:00+02:00,29,936.134
2023-01-07 22:00:00+02:00,29,890.595
2023-01-07 23:00:00+02:00,29,849.108
2023-01-08 00:00:00+02:00,29,816.780
2023-01-08 01:00:00+02:00,29,767.756
2023-01-08 02:00:00+02:00,29,731.035
2023-01-08 03:00:00+02:00,29,697.183
2023-01-08 04:00:00+02:00,29,663.351
2023-01-08 05:00:00+02:00,29,632.743
2023-01-08 06:00:00+02:00,29,608.194
2023-01-08 07:00:00+02:00,29,580.670
2023-01-08 08:00:00+02:00,29,548.567
2023-01-08 09:00:00+02:00,29,525.729
2023-01-08 10:00:00+02:00,29,503.156
2023-01-08 11:00:00+02:00,29,489.255
2023-01-08 12:00:00+02:00,29,497.846
2023-01-08 13:00:00+02:00,29,501.111
2023-01-08 14:00:00+02:00,29,504.951
2023-01-08 15:00:00+02:00,29,510.412
2023-01-08 16:00:00+02:00,29,530.899
2023-01-08 17:00:00+02:00,29,556.098
2023-01-08 18:00:00+02:00,29,582.712
2023-01-08 19:00:00+02:00,29,604.846
2023-01-08 20:00:00+02:00,29,621.487
2023-01-08 21:00:00+02:00,29,619.213
2023-01-08 22:00:00+02:00,29,585.134
2023-01-08 23:00:00+02:00,29,520.263
2023-01-09 00:00:00+02:00,29,448.535
2023-01-09 01:00:00+02:00,29,377.271
2023-01-09 02:00:00+02:00,29,312.708
2023-01-09 03:00:00+02:00,29,253.368
2023-01-09 04:00:00+02:00,29,202.419
2023-01-09 05:00:00+02:00,29,165.013
2023-01-09 06:00:00+02:00,29,136.199
2023-01-09 07:00:00+02:00,29,107.308
2023-01-09 08:00:00+02:00,29,84.546
2023-01-09 09:00:00+02:00,29,68.324
2023-01-09 10:00:00+02:00,29,55.385
2023-01-09 11:00:00+02:00,29,46.325
2023-01-09 12:00:00+02:00,29,40.248
2023-01-09 13:00:00+02:00,29,35.881
2023-01-09 14:00:00+02:00,29,33.939
2023-01-09 15:00:00+02:00,29,33.816
2023-01-09 16:00:00+02:00,29,34.789
2023-01-09 17:00:00+02:00,29,38.064
2023-01-09 18:00:00+02:00,29,43.209
2023-01-09 19:00:00+02:00,29,48.976
2023-01-09 20:00:00+02:00,29,54.338
2023-01-09 21:00:00+02:00,29,58.745
2023-01-09 22:00:00+02:00,29,62.101
2023-01-09 23:00:00+02:00,29,67.413
2023-01-10 00:00:00+02:00,29,74.479
2023-01-10 01:00:00+02:00,29,82.395
2023-01-10 02:00:00+02:00,29,86.982
2023-01-10 03:00:00+02:00,29,88.996
2023-01-10 04:00:00+02:00,29,88.709
2023-01-10 05:00:00+02:00,29,86.472
2023-01-10 06:00:00+02:00,29,82.298
2023-01-10 07:00:00+02:00,29,75.147
2023-01-10 08:00:00+02:00,29,64.841
2023-01-10 09:00:00+02:00,29,53.568
2023-01-10 10:00:00+02:00,29,45.990
2023-01-10 11:00:00+02:00,29,40.607
2023-01-10 12:00:00+02:00,29,37.133
2023-01-10 13:00:00+02:00,29,34.517
2023-01-10 14:00:00+02:00,29,33.339
2023-01-10 15:00:00+02:00,29,34.362
2023-01-10 16:00:00+02:00,29,37.742
2023-01-10 17:00:00+02:00,29,42.198
2023-01-10 18:00:00+02:00,29,46.046
2023-01-10 19:00:00+02:00,29,50.415
2023-01-10 20:00:00+02:00,29,53.175
2023-01-10 21:00:00+02:00,29,56.117
2023-01-10 22:00:00+02:00,29,58.311
2023-01-10 23:00:00+02:00,29,62.015
2023-01-11 00:00:00+02:00,29,65.277
2023-01-11 01:00:00+02:00,29,70.492
2023-01-11 02:00:00+02:00,29,74.705
2023-01-11 03:00:00+02:00,29,75.640
2023-01-11 04:00:00+02:00,29,76.956
2023-01-11 05:00:00+02:00,29,78.965
2023-01-11 06:00:00+02:00,29,79.910
2023-01-11 07:00:00+02:00,29,79.733
2023-01-11 08:00:00+02:00,29,78.986
2023-01-11 09:00:00+02:00,29,77.659
2023-01-11 10:00:00+02:00,29,74.038
2023-01-11 11:00:00+02:00,29,69.090
2023-01-11 12:00:00+02:00,29,65.077
2023-01-11 13:00:00+02:00,29,60.753
2023-01-11 14:00:00+02:00,29,57.180
2023-01-11 15:00:00+02:00,29,54.801
2023-01-11 16:00:00+02:00,29,53.328
2023-01-11 17:00:00+02:00,29,54.009
2023-01-11 18:00:00+02:00,29,57.271
2023-01-11 19:00:00+02:00,29,61.401
2023-01-11 20:00:00+02:00,29,65.013
2023-01-11 21:00:00+02:00,29,67.339
2023-01-11 22:00:00+02:00,29,68.560
2023-01-11 23:00:00+02:00,29,69.588
2023-01-12 00:00:00+02:00,29,70.656
2023-01-12 01:00:00+02:00,29,71.681
2023-01-12 02:00:00+02:00,29,72.595
2023-01-12 03:00:00+02:00,29,73.580
2023-01-12 04:00:00+02:00,29,71.697
2023-01-12 05:00:00+02:00,29,67.054
2023-01-12 06:00:00+02:00,29,58.682
2023-01-12 07:00:00+02:00,29,49.193
2023-01-12 08:00:00+02:00,29,40.830
2023-01-12 09:00:00+02:00,29,35.160
2023-01-12 10:00:00+02:00,29,31.561
2023-01-12 11:00:00+02:00,29,28.391
2023-01-12 12:00:00+02:00,29,26.075
2023-01-12 13:00:00+02:00,29,25.142
2023-01-12 14:00:00+02:00,29,26.149
2023-01-12 15:00:00+02:00,29,29.949
2023-01-12 16:00:00+02:00,29,36.894
2023-01-12 17:00:00+02:00,29,43.285
2023-01-12 18:00:00+02:00,29,48.015
2023-01-12 19:00:00+02:00,29,51.903
2023-01-12 20:00:00+02:00,29,54.275
2023-01-12 21:00:00+02:00,29,56.521
2023-01-12 22:00:00+02:00,29,58.773
2023-01-12 23:00:00+02:00,29,61.739
2023-01-13 00:00:00+02:00,29,66.321
2023-01-13 01:00:00+02:00,29,70.945
2023-01-13 02:00:00+02:00,29,75.883
2023-01-13 03:00:00+02:00,29,81.930
2023-01-13 04:00:00+02:00,29,82.370
2023-01-13 05:00:00+02:00,29,77.804
2023-01-13 06:00:00+02:00,29,69.525
2023-01-13 07:00:00+02:00,29,59.204
2023-01-13 08:00:00+02:00,29,49.226
2023-01-13 09:00:00+02:00,29,38.982
2023-01-13 10:00:00+02:00,29,34.253
2023-01-13 11:00:00+02:00,29,31.226
2023-01-13 12:00:00+02:00,29,28.654
2023-01-13 13:00:00+02:00,29,27.038
2023-01-13 14:00:00+02:00,29,27.719
2023-01-13 15:00:00+02:00,29,30.859
2023-01-13 16:00:00+02:00,29,34.730
2023-01-13 17:00:00+02:00,29,40.024
2023-01-13 18:00:00+02:00,29,43.808
2023-01-13 19:00:00+02:00,29,46.826
2023-01-13 20:00:00+02:00,29,50.007
2023-01-13 21:00:00+02:00,29,54.044
2023-01-13 22:00:00+02:00,29,56.779
2023-01-13 23:00:00+02:00,29,59.359
2023-01-14 00:00:00+02:00,29,61.872
2023-01-14 01:00:00+02:00,29,61.831
2023-01-14 02:00:00+02:00,29,57.591
2023-01-14 03:00:00+02:00,29,53.616
2023-01-14 04:00:00+02:00,29,51.011
2023-01-14 05:00:00+02:00,29,49.206
2023-01-14 06:00:00+02:00,29,48.141
2023-01-14 07:00:00+02:00,29,47.463
2023-01-14 08:00:00+02:00,29,46.653
2023-01-14 09:00:00+02:00,29,45.798
2023-01-14 10:00:00+02:00,29,45.278
2023-01-14 11:00:00+02:00,29,45.007
2023-01-14 12:00:00+02:00,29,44.289
2023-01-14 13:00:00+02:00,29,44.053
2023-01-14 14:00:00+02:00,29,44.288
2023-01-14 15:00:00+02:00,29,44.481
2023-01-14 16:00:00+02:00,29,44.448
2023-01-14 17:00:00+02:00,29,44.693
2023-01-14 18:00:00+02:00,29,43.578
2023-01-14 19:00:00+02:00,29,42.120
2023-01-14 20:00:00+02:00,29,41.052
2023-01-14 21:00:00+02:00,29,40.176
2023-01-14 22:00:00+02:00,29,39.370
2023-01-14 23:00:00+02:00,29,38.579
2023-01-15 00:00:00+02:00,29,37.885
2023-01-15 01:00:00+02:00,29,37.153
2023-01-15 02:00:00+02:00,29,36.700
2023-01-15 03:00:00+02:00,29,35.989
2023-01-15 04:00:00+02:00,29,35.426
2023-01-15 05:00:00+02:00,29,35.571
2023-01-15 06:00:00+02:00,29,35.165
2023-01-15 07:00:00+02:00,29,37.338
2023-01-15 08:00:00+02:00,29,41.803
2023-01-15 09:00:00+02:00,29,46.079
2023-01-15 10:00:00+02:00,29,53.005
2023-01-15 11:00:00+02:00,29,63.626
2023-01-15 12:00:00+02:00,29,78.997
2023-01-15 13:00:00+02:00,29,92.068
2023-01-15 14:00:00+02:00,29,101.922
2023-01-15 15:00:00+02:00,29,104.213
2023-01-15 16:00:00+02:00,29,95.219
2023-01-15 17:00:00+02:00,29,82.394
2023-01-15 18:00:00+02:00,29,72.172
2023-01-15 19:00:00+02:00,29,67.198
2023-01-15 20:00:00+02:00,29,65.389
2023-01-15 21:00:00+02:00,29,67.261
2023-01-15 22:00:00+02:00,29,70.597
2023-01-15 23:00:00+02:00,29,74.660
2023-01-16 00:00:00+02:00,29,77.586
2023-01-16 01:00:00+02:00,29,79.601
2023-01-16 02:00:00+02:00,29,87.697
2023-01-16 03:00:00+02:00,29,102.264
2023-01-16 04:00:00+02:00,29,108.635
2023-01-16 05:00:00+02:00,29,105.666
2023-01-16 06:00:00+02:00,29,95.901
2023-01-16 07:00:00+02:00,29,82.527
2023-01-16 08:00:00+02:00,29,75.370
2023-01-16 09:00:00+02:00,29,72.341
2023-01-16 10:00:00+02:00,29,69.815
2023-01-16 11:00:00+02:00,29,67.783
2023-01-16 12:00:00+02:00,29,66.302
2023-01-16 13:00:00+02:00,29,66.360
2023-01-16 14:00:00+02:00,29,67.759
2023-01-16 15:00:00+02:00,29,69.406
2023-01-16 16:00:00+02:00,29,71.425
2023-01-16 17:00:00+02:00,29,74.422
2023-01-16 18:00:00+02:00,29,76.174
2023-01-16 19:00:00+02:00,29,76.693
2023-01-16 20:00:00+02:00,29,75.846
2023-01-16 21:00:00+02:00,29,74.118
2023-01-16 22:00:00+02:00,29,72.336
2023-01-16 23:00:00+02:00,29,71.126
2023-01-17 00:00:00+02:00,29,70.431
2023-01-17 01:00:00+02:00,29,70.118
2023-01-17 02:00:00+02:00,29,70.072
2023-01-17 03:00:00+02:00,29,69.936
2023-01-17 04:00:00+02:00,29,68.683
2023-01-17 05:00:00+02:00,29,66.453
2023-01-17 06:00:00+02:00,29,62.859
2023-01-17 07:00:00+02:00,29,57.501
2023-01-17 08:00:00+02:00,29,50.332
2023-01-17 09:00:00+02:00,29,44.293
2023-01-17 10:00:00+02:00,29,38.228
2023-01-17 11:00:00+02:00,29,34.507
2023-01-17 12:00:00+02:00,29,32.409
2023-01-17 13:00:00+02:00,29,31.153
2023-01-17 14:00:00+02:00,29,31.945
2023-01-17 15:00:00+02:00,29,34.879
2023-01-17 16:00:00+02:00,29,39.118
2023-01-17 17:00:00+02:00,29,42.842
2023-01-17 18:00:00+02:00,29,46.591
2023-01-17 19:00:00+02:00,29,49.250
2023-01-17 20:00:00+02:00,29,51.412
2023-01-17 21:00:00+02:00,29,54.515
2023-01-17 22:00:00+02:00,29,58.684
2023-01-17 23:00:00+02:00,29,63.441
2023-01-18 00:00:00+02:00,29,68.868
2023-01-18 01:00:00+02:00,29,73.600
2023-01-18 02:00:00+02:00,29,77.771
2023-01-18 03:00:00+02:00,29,81.880
2023-01-18 04:00:00+02:00,29,82.165
2023-01-18 05:00:00+02:00,29,80.472
2023-01-18 06:00:00+02:00,29,76.993
2023-01-18 07:00:00+02:00,29,70.168
2023-01-18 08:00:00+02:00,29,61.143
2023-01-18 09:00:00+02:00,29,53.795
2023-01-18 10:00:00+02:00,29,45.730
2023-01-18 11:00:00+02:00,29,39.674
2023-01-18 12:00:00+02:00,29,35.659
2023-01-18 13:00:00+02:00,29,33.961
2023-01-18 14:00:00+02:00,29,33.874
2023-01-18 15:00:00+02:00,29,34.920
2023-01-18 16:00:00+02:00,29,36.960
2023-01-18 17:00:00+02:00,29,39.720
2023-01-18 18:00:00+02:00,29,42.625
2023-01-18 19:00:00+02:00,29,46.366
2023-01-18 20:00:00+02:00,29,49.887
2023-01-18 21:00:00+02:00,29,54.402
2023-01-18 22:00:00+02:00,29,57.992
2023-01-18 23:00:00+02:00,29,61.433
2023-01-19 00:00:00+02:00,29,64.733
2023-01-19 01:00:00+02:00,29,68.737
2023-01-19 02:00:00+02:00,29,67.536
2023-01-19 03:00:00+02:00,29,62.374
2023-01-19 04:00:00+02:00,29,59.564
2023-01-19 05:00:00+02:00,29,57.848
2023-01-19 06:00:00+02:00,29,55.995
2023-01-19 07:00:00+02:00,29,55.571
2023-01-19 08:00:00+02:00,29,58.240
2023-01-19 09:00:00+02:00,29,61.149
2023-01-19 10:00:00+02:00,29,66.365
2023-01-19 11:00:00+02:00,29,71.763
2023-01-19 12:00:00+02:00,29,76.265
2023-01-19 13:00:00+02:00,29,78.885
2023-01-19 14:00:00+02:00,29,78.902
2023-01-19 15:00:00+02:00,29,77.561
2023-01-19 16:00:00+02:00,29,75.564
2023-01-19 17:00:00+02:00,29,73.915
2023-01-19 18:00:00+02:00,29,72.260
2023-01-19 19:00:00+02:00,29,70.555
2023-01-19 20:00:00+02:00,29,68.920
2023-01-19 21:00:00+02:00,29,67.046
2023-01-19 22:00:00+02:00,29,65.357
2023-01-19 23:00:00+02:00,29,64.197
2023-01-20 00:00:00+02:00,29,62.869
2023-01-20 01:00:00+02:00,29,61.569
2023-01-20 02:00:00+02:00,29,60.346
2023-01-20 03:00:00+02:00,29,59.208
2023-01-20 04:00:00+02:00,29,58.892
2023-01-20 05:00:00+02:00,29,59.749
2023-01-20 06:00:00+02:00,29,64.071
2023-01-20 06:00:00+02:00,29,70.744
2023-01-20 07:00:00+02:00,29,71.910
2023-01-20 08:00:00+02:00,29,71.504
2023-01-20 09:00:00+02:00,29,76.234
2023-01-20 10:00:00+02:00,29,84.005
2023-01-20 11:00:00+02:00,29,93.840
2023-01-20 12:00:00+02:00,29,105.209
2023-01-20 13:00:00+02:00,29,128.006
2023-01-20 14:00:00+02:00,29,174.016
2023-01-20 15:00:00+02:00,29,265.598
2023-01-20 16:00:00+02:00,29,386.690
2023-01-20 17:00:00+02:00,29,528.764
2023-01-20 18:00:00+02:00,29,627.704
2023-01-20 19:00:00+02:00,29,696.642
2023-01-20 20:00:00+02:00,29,714.064
2023-01-20 21:00:00+02:00,29,742.781
2023-01-20 22:00:00+02:00,29,722.758
2023-01-20 23:00:00+02:00,29,665.976
2023-01-21 00:00:00+02:00,29,575.845
2023-01-21 01:00:00+02:00,29,527.448
2023-01-21 02:00:00+02:00,29,493.938
2023-01-21 03:00:00+02:00,29,439.992
2023-01-21 04:00:00+02:00,29,411.640
2023-01-21 05:00:00+02:00,29,422.023
2023-01-21 06:00:00+02:00,29,445.393
2023-01-21 07:00:00+02:00,29,456.266
2023-01-21 08:00:00+02:00,29,454.781
2023-01-21 09:00:00+02:00,29,487.998
2023-01-21 10:00:00+02:00,29,512.156
2023-01-21 11:00:00+02:00,29,555.242
2023-01-21 12:00:00+02:00,29,597.118
2023-01-21 13:00:00+02:00,29,671.701
2023-01-21 14:00:00+02:00,29,806.238
2023-01-21 15:00:00+02:00,29,1076.026
2023-01-21 16:00:00+02:00,29,1465.961
2023-01-21 17:00:00+02:00,29,1934.355
2023-01-21 18:00:00+02:00,29,2241.987
2023-01-21 19:00:00+02:00,29,2432.736
2023-01-21 20:00:00+02:00,29,2466.848
2023-01-21 21:00:00+02:00,29,2521.733
2023-01-21 22:00:00+02:00,29,2456.036
2023-01-21 23:00:00+02:00,29,2282.486
2023-01-22 00:00:00+02:00,29,2006.102
2023-01-22 01:00:00+02:00,29,1852.803
2023-01-22 02:00:00+02:00,29,1744.456
2023-01-22 03:00:00+02:00,29,1570.991
2023-01-22 04:00:00+02:00,29,1477.003
2023-01-22 05:00:00+02:00,29,1501.433
2022-12-30 06:00:00+02:00,30,871.557
2022-12-30 07:00:00+02:00,30,804.652
2022-12-30 08:00:00+02:00,30,740.048
2022-12-30 09:00:00+02:00,30,695.286
2022-12-30 10:00:00+02:00,30,648.468
2022-12-30 11:00:00+02:00,30,616.042
2022-12-30 12:00:00+02:00,30,592.157
2022-12-30 13:00:00+02:00,30,576.000
2022-12-30 14:00:00+02:00,30,563.099
2022-12-30 15:00:00+02:00,30,550.410
2022-12-30 16:00:00+02:00,30,536.430
2022-12-30 17:00:00+02:00,30,520.815
2022-12-30 18:00:00+02:00,30,503.821
2022-12-30 19:00:00+02:00,30,490.378
2022-12-30 20:00:00+02:00,30,476.415
2022-12-30 21:00:00+02:00,30,461.104
2022-12-30 22:00:00+02:00,30,447.223
2022-12-30 23:00:00+02:00,30,432.543
2022-12-31 00:00:00+02:00,30,419.883
2022-12-31 01:00:00+02:00,30,407.799
2022-12-31 02:00:00+02:00,30,396.647
2022-12-31 03:00:00+02:00,30,384.330
2022-12-31 04:00:00+02:00,30,372.393
2022-12-31 05:00:00+02:00,30,360.812
2022-12-31 06:00:00+02:00,30,348.483
2022-12-31 07:00:00+02:00,30,336.179
2022-12-31 08:00:00+02:00,30,324.390
2022-12-31 09:00:00+02:00,30,309.652
2022-12-31 10:00:00+02:00,30,295.862
2022-12-31 11:00:00+02:00,30,286.274
2022-12-31 12:00:00+02:00,30,280.375
2022-12-31 13:00:00+02:00,30,276.367
2022-12-31 14:00:00+02:00,30,275.423
2022-12-31 15:00:00+02:00,30,273.920
2022-12-31 16:00:00+02:00,30,272.318
2022-12-31 17:00:00+02:00,30,271.819
2022-12-31 18:00:00+02:00,30,271.097
2022-12-31 19:00:00+02:00,30,270.449
2022-12-31 20:00:00+02:00,30,269.461
2022-12-31 21:00:00+02:00,30,267.863
2022-12-31 22:00:00+02:00,30,267.131
2022-12-31 23:00:00+02:00,30,268.099
2023-01-01 00:00:00+02:00,30,268.899
2023-01-01 01:00:00+02:00,30,269.259
2023-01-01 02:00:00+02:00,30,265.720
2023-01-01 03:00:00+02:00,30,260.074
2023-01-01 04:00:00+02:00,30,254.245
2023-01-01 05:00:00+02:00,30,248.435
2023-01-01 06:00:00+02:00,30,243.386
2023-01-01 07:00:00+02:00,30,241.703
2023-01-01 08:00:00+02:00,30,239.132
2023-01-01 09:00:00+02:00,30,234.341
2023-01-01 10:00:00+02:00,30,227.899
2023-01-01 11:00:00+02:00,30,220.268
2023-01-01 12:00:00+02:00,30,210.993
2023-01-01 13:00:00+02:00,30,200.102
2023-01-01 14:00:00+02:00,30,188.135
2023-01-01 15:00:00+02:00,30,174.342
2023-01-01 16:00:00+02:00,30,159.831
2023-01-01 17:00:00+02:00,30,145.803
2023-01-01 18:00:00+02:00,30,133.973
2023-01-01 19:00:00+02:00,30,123.865
2023-01-01 20:00:00+02:00,30,116.271
2023-01-01 21:00:00+02:00,30,111.416
2023-01-01 22:00:00+02:00,30,107.933
2023-01-01 23:00:00+02:00,30,106.000
2023-01-02 00:00:00+02:00,30,106.095
2023-01-02 01:00:00+02:00,30,106.799
2023-01-02 02:00:00+02:00,30,108.253
2023-01-02 03:00:00+02:00,30,109.650
2023-01-02 04:00:00+02:00,30,109.633
2023-01-02 05:00:00+02:00,30,107.726
2023-01-02 06:00:00+02:00,30,103.910
2023-01-02 07:00:00+02:00,30,97.643
2023-01-02 08:00:00+02:00,30,87.534
2023-01-02 09:00:00+02:00,30,76.167
2023-01-02 10:00:00+02:00,30,67.886
2023-01-02 11:00:00+02:00,30,60.315
2023-01-02 12:00:00+02:00,30,54.941
2023-01-02 13:00:00+02:00,30,51.446
2023-01-02 14:00:00+02:00,30,48.875
2023-01-02 15:00:00+02:00,30,46.888
2023-01-02 16:00:00+02:00,30,45.620
2023-01-02 17:00:00+02:00,30,45.277
2023-01-02 18:00:00+02:00,30,46.179
2023-01-02 19:00:00+02:00,30,47.612
2023-01-02 20:00:00+02:00,30,50.504
2023-01-02 21:00:00+02:00,30,56.113
2023-01-02 22:00:00+02:00,30,62.679
2023-01-02 23:00:00+02:00,30,71.694
2023-01-03 00:00:00+02:00,30,79.408
2023-01-03 01:00:00+02:00,30,88.863
2023-01-03 02:00:00+02:00,30,100.160
2023-01-03 03:00:00+02:00,30,112.431
2023-01-03 04:00:00+02:00,30,118.968
2023-01-03 05:00:00+02:00,30,120.412
2023-01-03 06:00:00+02:00,30,117.880
2023-01-03 07:00:00+02:00,30,109.205
2023-01-03 08:00:00+02:00,30,93.527
2023-01-03 09:00:00+02:00,30,78.980
2023-01-03 10:00:00+02:00,30,67.124
2023-01-03 11:00:00+02:00,30,55.582
2023-01-03 12:00:00+02:00,30,48.118
2023-01-03 13:00:00+02:00,30,44.775
2023-01-03 14:00:00+02:00,30,42.337
2023-01-03 15:00:00+02:00,30,41.646
2023-01-03 16:00:00+02:00,30,43.163
2023-01-03 17:00:00+02:00,30,46.402
2023-01-03 18:00:00+02:00,30,48.646
2023-01-03 19:00:00+02:00,30,50.127
2023-01-03 20:00:00+02:00,30,55.416
2023-01-03 21:00:00+02:00,30,64.227
2023-01-03 22:00:00+02:00,30,70.042
2023-01-03 23:00:00+02:00,30,76.547
2023-01-04 00:00:00+02:00,30,80.298
2023-01-04 01:00:00+02:00,30,83.228
2023-01-04 02:00:00+02:00,30,87.987
2023-01-04 03:00:00+02:00,30,94.355
2023-01-04 04:00:00+02:00,30,96.668
2023-01-04 05:00:00+02:00,30,96.076
2023-01-04 06:00:00+02:00,30,92.506
2023-01-04 07:00:00+02:00,30,85.539
2023-01-04 08:00:00+02:00,30,77.791
2023-01-04 09:00:00+02:00,30,68.860
2023-01-04 10:00:00+02:00,30,61.125
2023-01-04 11:00:00+02:00,30,54.885
2023-01-04 12:00:00+02:00,30,49.927
2023-01-04 13:00:00+02:00,30,47.111
2023-01-04 14:00:00+02:00,30,44.772
2023-01-04 15:00:00+02:00,30,43.671
2023-01-04 16:00:00+02:00,30,46.365
2023-01-04 17:00:00+02:00,30,51.654
2023-01-04 18:00:00+02:00,30,58.170
2023-01-04 19:00:00+02:00,30,65.135
2023-01-04 20:00:00+02:00,30,72.430
2023-01-04 21:00:00+02:00,30,83.637
2023-01-04 22:00:00+02:00,30,100.030
2023-01-04 23:00:00+02:00,30,114.443
2023-01-05 00:00:00+02:00,30,135.992
2023-01-05 01:00:00+02:00,30,153.459
2023-01-05 02:00:00+02:00,30,166.679
2023-01-05 03:00:00+02:00,30,174.718
2023-01-05 04:00:00+02:00,30,180.360
2023-01-05 05:00:00+02:00,30,184.324
2023-01-05 06:00:00+02:00,30,183.670
2023-01-05 07:00:00+02:00,30,184.913
2023-01-05 08:00:00+02:00,30,184.412
2023-01-05 09:00:00+02:00,30,182.012
2023-01-05 10:00:00+02:00,30,180.779
2023-01-05 11:00:00+02:00,30,180.904
2023-01-05 12:00:00+02:00,30,181.328
2023-01-05 13:00:00+02:00,30,181.593
2023-01-05 14:00:00+02:00,30,183.439
2023-01-05 15:00:00+02:00,30,186.893
2023-01-05 16:00:00+02:00,30,190.998
2023-01-05 17:00:00+02:00,30,195.216
2023-01-05 18:00:00+02:00,30,199.498
2023-01-05 19:00:00+02:00,30,200.252
2023-01-05 20:00:00+02:00,30,200.383
2023-01-05 21:00:00+02:00,30,204.909
2023-01-05 22:00:00+02:00,30,215.483
2023-01-05 23:00:00+02:00,30,251.645
2023-01-06 00:00:00+02:00,30,340.516
2023-01-06 01:00:00+02:00,30,563.390
2023-01-06 02:00:00+02:00,30,937.811
2023-01-06 03:00:00+02:00,30,1527.803
2023-01-06 04:00:00+02:00,30,2292.900
2023-01-06 05:00:00+02:00,30,3044.835
2023-01-06 06:00:00+02:00,30,3575.187
2023-01-06 07:00:00+02:00,30,3792.426
2023-01-06 08:00:00+02:00,30,3741.629
2023-01-06 09:00:00+02:00,30,3532.686
2023-01-06 10:00:00+02:00,30,3266.099
2023-01-06 11:00:00+02:00,30,3002.448
2023-01-06 12:00:00+02:00,30,2766.856
2023-01-06 13:00:00+02:00,30,2564.023
2023-01-06 14:00:00+02:00,30,2391.427
2023-01-06 15:00:00+02:00,30,2247.339
2023-01-06 16:00:00+02:00,30,2153.198
2023-01-06 17:00:00+02:00,30,2076.854
2023-01-06 18:00:00+02:00,30,2016.713
2023-01-06 19:00:00+02:00,30,1982.478
2023-01-06 20:00:00+02:00,30,1974.514
2023-01-06 21:00:00+02:00,30,1970.696
2023-01-06 22:00:00+02:00,30,1961.253
2023-01-06 23:00:00+02:00,30,1942.582
2023-01-07 00:00:00+02:00,30,1936.022
2023-01-07 01:00:00+02:00,30,1935.588
2023-01-07 02:00:00+02:00,30,1936.804
2023-01-07 03:00:00+02:00,30,1925.898
2023-01-07 04:00:00+02:00,30,1937.056
2023-01-07 05:00:00+02:00,30,1965.497
2023-01-07 06:00:00+02:00,30,1993.296
2023-01-07 07:00:00+02:00,30,2004.843
2023-01-07 08:00:00+02:00,30,2021.228
2023-01-07 09:00:00+02:00,30,2049.678
2023-01-07 10:00:00+02:00,30,2064.084
2023-01-07 11:00:00+02:00,30,2065.993
2023-01-07 12:00:00+02:00,30,2029.831
2023-01-07 13:00:00+02:00,30,1951.889
2023-01-07 14:00:00+02:00,30,1840.198
2023-01-07 15:00:00+02:00,30,1702.425
2023-01-07 16:00:00+02:00,30,1547.605
2023-01-07 17:00:00+02:00,30,1437.209
2023-01-07 18:00:00+02:00,30,1345.020
2023-01-07 19:00:00+02:00,30,1242.468
2023-01-07 20:00:00+02:00,30,1173.359
2023-01-07 21:00:00+02:00,30,1095.500
2023-01-07 22:00:00+02:00,30,1039.494
2023-01-07 23:00:00+02:00,30,988.922
2023-01-08 00:00:00+02:00,30,947.441
2023-01-08 01:00:00+02:00,30,891.756
2023-01-08 02:00:00+02:00,30,847.525
2023-01-08 03:00:00+02:00,30,805.118
2023-01-08 04:00:00+02:00,30,764.551
2023-01-08 05:00:00+02:00,30,726.685
2023-01-08 06:00:00+02:00,30,694.888
2023-01-08 07:00:00+02:00,30,661.946
2023-01-08 08:00:00+02:00,30,624.030
2023-01-08 09:00:00+02:00,30,599.271
2023-01-08 10:00:00+02:00,30,574.887
2023-01-08 11:00:00+02:00,30,562.732
2023-01-08 12:00:00+02:00,30,578.048
2023-01-08 13:00:00+02:00,30,586.765
2023-01-08 14:00:00+02:00,30,595.774
2023-01-08 15:00:00+02:00,30,605.954
2023-01-08 16:00:00+02:00,30,626.751
2023-01-08 17:00:00+02:00,30,647.407
2023-01-08 18:00:00+02:00,30,663.458
2023-01-08 19:00:00+02:00,30,667.737
2023-01-08 20:00:00+02:00,30,655.090
2023-01-08 21:00:00+02:00,30,617.871
2023-01-08 22:00:00+02:00,30,542.282
2023-01-08 23:00:00+02:00,30,452.188
2023-01-09 00:00:00+02:00,30,371.286
2023-01-09 01:00:00+02:00,30,301.318
2023-01-09 02:00:00+02:00,30,244.129
2023-01-09 03:00:00+02:00,30,195.064
2023-01-09 04:00:00+02:00,30,153.795
2023-01-09 05:00:00+02:00,30,123.752
2023-01-09 06:00:00+02:00,30,100.541
2023-01-09 07:00:00+02:00,30,77.694
2023-01-09 08:00:00+02:00,30,60.180
2023-01-09 09:00:00+02:00,30,48.636
2023-01-09 10:00:00+02:00,30,40.433
2023-01-09 11:00:00+02:00,30,35.521
2023-01-09 12:00:00+02:00,30,33.021
2023-01-09 13:00:00+02:00,30,32.407
2023-01-09 14:00:00+02:00,30,33.703
2023-01-09 15:00:00+02:00,30,36.020
2023-01-09 16:00:00+02:00,30,38.880
2023-01-09 17:00:00+02:00,30,44.195
2023-01-09 18:00:00+02:00,30,51.019
2023-01-09 19:00:00+02:00,30,57.693
2023-01-09 20:00:00+02:00,30,63.209
2023-01-09 21:00:00+02:00,30,67.284
2023-01-09 22:00:00+02:00,30,70.256
2023-01-09 23:00:00+02:00,30,75.379
2023-01-10 00:00:00+02:00,30,83.096
2023-01-10 01:00:00+02:00,30,91.331
2023-01-10 02:00:00+02:00,30,94.375
2023-01-10 03:00:00+02:00,30,93.530
2023-01-10 04:00:00+02:00,30,89.856
2023-01-10 05:00:00+02:00,30,83.858
2023-01-10 06:00:00+02:00,30,76.356
2023-01-10 07:00:00+02:00,30,65.994
2023-01-10 08:00:00+02:00,30,54.047
2023-01-10 09:00:00+02:00,30,43.830
2023-01-10 10:00:00+02:00,30,38.236
2023-01-10 11:00:00+02:00,30,34.947
2023-01-10 12:00:00+02:00,30,33.235
2023-01-10 13:00:00+02:00,30,32.714
2023-01-10 14:00:00+02:00,30,33.816
2023-01-10 15:00:00+02:00,30,37.557
2023-01-10 16:00:00+02:00,30,43.050
2023-01-10 17:00:00+02:00,30,48.442
2023-01-10 18:00:00+02:00,30,52.276
2023-01-10 19:00:00+02:00,30,56.232
2023-01-10 20:00:00+02:00,30,58.798
2023-01-10 21:00:00+02:00,30,61.741
2023-01-10 22:00:00+02:00,30,64.216
2023-01-10 23:00:00+02:00,30,68.701
2023-01-11 00:00:00+02:00,30,72.914
2023-01-11 01:00:00+02:00,30,79.409
2023-01-11 02:00:00+02:00,30,84.207
2023-01-11 03:00:00+02:00,30,85.140
2023-01-11 04:00:00+02:00,30,85.941
2023-01-11 05:00:00+02:00,30,86.548
2023-01-11 06:00:00+02:00,30,85.639
2023-01-11 07:00:00+02:00,30,83.702
2023-01-11 08:00:00+02:00,30,81.036
2023-01-11 09:00:00+02:00,30,77.025
2023-01-11 10:00:00+02:00,30,69.935
2023-01-11 11:00:00+02:00,30,63.758
2023-01-11 12:00:00+02:00,30,59.796
2023-01-11 13:00:00+02:00,30,56.345
2023-01-11 14:00:00+02:00,30,54.244
2023-01-11 15:00:00+02:00,30,53.373
2023-01-11 16:00:00+02:00,30,53.687
2023-01-11 17:00:00+02:00,30,57.074
2023-01-11 18:00:00+02:00,30,62.336
2023-01-11 19:00:00+02:00,30,66.751
2023-01-11 20:00:00+02:00,30,69.306
2023-01-11 21:00:00+02:00,30,70.366
2023-01-11 22:00:00+02:00,30,70.892
2023-01-11 23:00:00+02:00,30,71.937
2023-01-12 00:00:00+02:00,30,73.388
2023-01-12 01:00:00+02:00,30,74.831
2023-01-12 02:00:00+02:00,30,75.777
2023-01-12 03:00:00+02:00,30,74.958
2023-01-12 04:00:00+02:00,30,69.326
2023-01-12 05:00:00+02:00,30,61.295
2023-01-12 06:00:00+02:00,30,50.272
2023-01-12 07:00:00+02:00,30,40.183
2023-01-12 08:00:00+02:00,30,32.657
2023-01-12 09:00:00+02:00,30,28.397
2023-01-12 10:00:00+02:00,30,26.046
2023-01-12 11:00:00+02:00,30,24.535
2023-01-12 12:00:00+02:00,30,24.328
2023-01-12 13:00:00+02:00,30,25.534
2023-01-12 14:00:00+02:00,30,29.422
2023-01-12 15:00:00+02:00,30,35.907
2023-01-12 16:00:00+02:00,30,44.479
2023-01-12 17:00:00+02:00,30,50.621
2023-01-12 18:00:00+02:00,30,54.217
2023-01-12 19:00:00+02:00,30,56.890
2023-01-12 20:00:00+02:00,30,58.699
2023-01-12 21:00:00+02:00,30,60.968
2023-01-12 22:00:00+02:00,30,63.760
2023-01-12 23:00:00+02:00,30,67.747
2023-01-13 00:00:00+02:00,30,73.643
2023-01-13 01:00:00+02:00,30,79.072
2023-01-13 02:00:00+02:00,30,84.044
2023-01-13 03:00:00+02:00,30,86.892
2023-01-13 04:00:00+02:00,30,81.104
2023-01-13 05:00:00+02:00,30,71.749
2023-01-13 06:00:00+02:00,30,60.016
2023-01-13 07:00:00+02:00,30,48.367
2023-01-13 08:00:00+02:00,30,38.925
2023-01-13 09:00:00+02:00,30,31.127
2023-01-13 10:00:00+02:00,30,28.274
2023-01-13 11:00:00+02:00,30,26.754
2023-01-13 12:00:00+02:00,30,25.988
2023-01-13 13:00:00+02:00,30,26.984
2023-01-13 14:00:00+02:00,30,30.663
2023-01-13 15:00:00+02:00,30,36.186
2023-01-13 16:00:00+02:00,30,41.235
2023-01-13 17:00:00+02:00,30,46.845
2023-01-13 18:00:00+02:00,30,50.496
2023-01-13 19:00:00+02:00,30,53.368
2023-01-13 20:00:00+02:00,30,56.624
2023-01-13 21:00:00+02:00,30,61.176
2023-01-13 22:00:00+02:00,30,64.551
2023-01-13 23:00:00+02:00,30,67.681
2023-01-14 00:00:00+02:00,30,70.754
2023-01-14 01:00:00+02:00,30,70.785
2023-01-14 02:00:00+02:00,30,65.461
2023-01-14 03:00:00+02:00,30,60.329
2023-01-14 04:00:00+02:00,30,56.550
2023-01-14 05:00:00+02:00,30,53.424
2023-01-14 06:00:00+02:00,30,50.920
2023-01-14 07:00:00+02:00,30,49.279
2023-01-14 08:00:00+02:00,30,48.150
2023-01-14 09:00:00+02:00,30,47.181
2023-01-14 10:00:00+02:00,30,47.564
2023-01-14 11:00:00+02:00,30,48.260
2023-01-14 12:00:00+02:00,30,48.127
2023-01-14 13:00:00+02:00,30,48.786
2023-01-14 14:00:00+02:00,30,50.157
2023-01-14 15:00:00+02:00,30,51.468
2023-01-14 16:00:00+02:00,30,52.382
2023-01-14 17:00:00+02:00,30,53.592
2023-01-14 18:00:00+02:00,30,52.409
2023-01-14 19:00:00+02:00,30,49.565
2023-01-14 20:00:00+02:00,30,47.434
2023-01-14 21:00:00+02:00,30,46.067
2023-01-14 22:00:00+02:00,30,44.982
2023-01-14 23:00:00+02:00,30,44.305
2023-01-15 00:00:00+02:00,30,43.218
2023-01-15 01:00:00+02:00,30,42.601
2023-01-15 02:00:00+02:00,30,42.580
2023-01-15 03:00:00+02:00,30,42.143
2023-01-15 04:00:00+02:00,30,40.573
2023-01-15 05:00:00+02:00,30,38.591
2023-01-15 06:00:00+02:00,30,38.497
2023-01-15 07:00:00+02:00,30,43.909
2023-01-15 08:00:00+02:00,30,53.467
2023-01-15 09:00:00+02:00,30,62.617
2023-01-15 10:00:00+02:00,30,74.982
2023-01-15 11:00:00+02:00,30,90.337
2023-01-15 12:00:00+02:00,30,107.446
2023-01-15 13:00:00+02:00,30,118.310
2023-01-15 14:00:00+02:00,30,123.913
2023-01-15 15:00:00+02:00,30,123.915
2023-01-15 16:00:00+02:00,30,115.051
2023-01-15 17:00:00+02:00,30,100.493
2023-01-15 18:00:00+02:00,30,86.620
2023-01-15 19:00:00+02:00,30,77.408
2023-01-15 20:00:00+02:00,30,71.255
2023-01-15 21:00:00+02:00,30,67.762
2023-01-15 22:00:00+02:00,30,67.033
2023-01-15 23:00:00+02:00,30,67.595
2023-01-16 00:00:00+02:00,30,68.204
2023-01-16 01:00:00+02:00,30,68.751
2023-01-16 02:00:00+02:00,30,72.490
2023-01-16 03:00:00+02:00,30,80.658
2023-01-16 04:00:00+02:00,30,84.717
2023-01-16 05:00:00+02:00,30,82.527
2023-01-16 06:00:00+02:00,30,76.538
2023-01-16 07:00:00+02:00,30,70.119
2023-01-16 08:00:00+02:00,30,67.883
2023-01-16 09:00:00+02:00,30,66.906
2023-01-16 10:00:00+02:00,30,66.396
2023-01-16 11:00:00+02:00,30,66.184
2023-01-16 12:00:00+02:00,30,67.384
2023-01-16 13:00:00+02:00,30,69.636
2023-01-16 14:00:00+02:00,30,72.306
2023-01-16 15:00:00+02:00,30,74.307
2023-01-16 16:00:00+02:00,30,76.122
2023-01-16 17:00:00+02:00,30,78.181
2023-01-16 18:00:00+02:00,30,78.832
2023-01-16 19:00:00+02:00,30,78.029
2023-01-16 20:00:00+02:00,30,76.058
2023-01-16 21:00:00+02:00,30,73.788
2023-01-16 22:00:00+02:00,30,72.346
2023-01-16 23:00:00+02:00,30,71.646
2023-01-17 00:00:00+02:00,30,71.458
2023-01-17 01:00:00+02:00,30,71.765
2023-01-17 02:00:00+02:00,30,72.052
2023-01-17 03:00:00+02:00,30,71.165
2023-01-17 04:00:00+02:00,30,67.735
2023-01-17 05:00:00+02:00,30,63.813
2023-01-17 06:00:00+02:00,30,58.006
2023-01-17 07:00:00+02:00,30,50.798
2023-01-17 08:00:00+02:00,30,42.760
2023-01-17 09:00:00+02:00,30,37.320
2023-01-17 10:00:00+02:00,30,33.016
2023-01-17 11:00:00+02:00,30,31.171
2023-01-17 12:00:00+02:00,30,30.609
2023-01-17 13:00:00+02:00,30,31.318
2023-01-17 14:00:00+02:00,30,34.648
2023-01-17 15:00:00+02:00,30,39.561
2023-01-17 16:00:00+02:00,30,44.721
2023-01-17 17:00:00+02:00,30,48.377
2023-01-17 18:00:00+02:00,30,51.590
2023-01-17 19:00:00+02:00,30,54.010
2023-01-17 20:00:00+02:00,30,56.278
2023-01-17 21:00:00+02:00,30,59.953
2023-01-17 22:00:00+02:00,30,65.266
2023-01-17 23:00:00+02:00,30,71.077
2023-01-18 00:00:00+02:00,30,77.022
2023-01-18 01:00:00+02:00,30,81.675
2023-01-18 02:00:00+02:00,30,85.118
2023-01-18 03:00:00+02:00,30,86.523
2023-01-18 04:00:00+02:00,30,83.527
2023-01-18 05:00:00+02:00,30,79.106
2023-01-18 06:00:00+02:00,30,72.221
2023-01-18 07:00:00+02:00,30,61.984
2023-01-18 08:00:00+02:00,30,51.472
2023-01-18 09:00:00+02:00,30,44.523
2023-01-18 10:00:00+02:00,30,38.190
2023-01-18 11:00:00+02:00,30,34.557
2023-01-18 12:00:00+02:00,30,33.281
2023-01-18 13:00:00+02:00,30,33.929
2023-01-18 14:00:00+02:00,30,35.480
2023-01-18 15:00:00+02:00,30,37.824
2023-01-18 16:00:00+02:00,30,40.960
2023-01-18 17:00:00+02:00,30,44.663
2023-01-18 18:00:00+02:00,30,48.314
2023-01-18 19:00:00+02:00,30,52.726
2023-01-18 20:00:00+02:00,30,56.787
2023-01-18 21:00:00+02:00,30,61.881
2023-01-18 22:00:00+02:00,30,65.905
2023-01-18 23:00:00+02:00,30,69.712
2023-01-19 00:00:00+02:00,30,73.401
2023-01-19 01:00:00+02:00,30,78.019
2023-01-19 02:00:00+02:00,30,76.356
2023-01-19 03:00:00+02:00,30,70.244
2023-01-19 04:00:00+02:00,30,66.741
2023-01-19 05:00:00+02:00,30,64.540
2023-01-19 06:00:00+02:00,30,62.238
2023-01-19 07:00:00+02:00,30,61.873
2023-01-19 08:00:00+02:00,30,65.321
2023-01-19 09:00:00+02:00,30,69.152
2023-01-19 10:00:00+02:00,30,75.219
2023-01-19 11:00:00+02:00,30,80.373
2023-01-19 12:00:00+02:00,30,83.136
2023-01-19 13:00:00+02:00,30,82.851
2023-01-19 14:00:00+02:00,30,80.418
2023-01-19 15:00:00+02:00,30,77.160
2023-01-19 16:00:00+02:00,30,74.161
2023-01-19 17:00:00+02:00,30,72.675
2023-01-19 18:00:00+02:00,30,71.294
2023-01-19 19:00:00+02:00,30,69.939
2023-01-19 20:00:00+02:00,30,68.555
2023-01-19 21:00:00+02:00,30,67.171
2023-01-19 22:00:00+02:00,30,65.685
2023-01-19 23:00:00+02:00,30,64.246
2023-01-20 00:00:00+02:00,30,62.777
2023-01-20 01:00:00+02:00,30,61.469
2023-01-20 02:00:00+02:00,30,60.208
2023-01-20 03:00:00+02:00,30,58.984
2023-01-20 04:00:00+02:00,30,57.988
2023-01-20 05:00:00+02:00,30,57.504
2023-01-20 06:00:00+02:00,30,58.800
2023-01-20 06:00:00+02:00,30,62.016
2023-01-20 07:00:00+02:00,30,62.790
2023-01-20 08:00:00+02:00,30,62.556
2023-01-20 09:00:00+02:00,30,64.851
2023-01-20 10:00:00+02:00,30,67.472
2023-01-20 11:00:00+02:00,30,70.941
2023-01-20 12:00:00+02:00,30,74.188
2023-01-20 13:00:00+02:00,30,83.360
2023-01-20 14:00:00+02:00,30,108.132
2023-01-20 15:00:00+02:00,30,169.108
2023-01-20 16:00:00+02:00,30,254.101
2023-01-20 17:00:00+02:00,30,360.231
2023-01-20 18:00:00+02:00,30,437.735
2023-01-20 19:00:00+02:00,30,500.558
2023-01-20 20:00:00+02:00,30,520.246
2023-01-20 21:00:00+02:00,30,561.493
2023-01-20 22:00:00+02:00,30,551.906
2023-01-20 23:00:00+02:00,30,505.145
2023-01-21 00:00:00+02:00,30,426.323
2023-01-21 01:00:00+02:00,30,386.299
2023-01-21 02:00:00+02:00,30,363.594
2023-01-21 03:00:00+02:00,30,328.584
2023-01-21 04:00:00+02:00,30,310.324
2023-01-21 05:00:00+02:00,30,325.684
2023-01-21 06:00:00+02:00,30,351.180
2023-01-21 07:00:00+02:00,30,365.238
2023-01-21 08:00:00+02:00,30,368.141
2023-01-21 09:00:00+02:00,30,392.709
2023-01-21 10:00:00+02:00,30,405.362
2023-01-21 11:00:00+02:00,30,426.242
2023-01-21 12:00:00+02:00,30,442.338
2023-01-21 13:00:00+02:00,30,482.166
2023-01-21 14:00:00+02:00,30,573.612
2023-01-21 15:00:00+02:00,30,769.516
2023-01-21 16:00:00+02:00,30,1036.501
2023-01-21 17:00:00+02:00,30,1379.975
2023-01-21 18:00:00+02:00,30,1628.878
2023-01-21 19:00:00+02:00,30,1823.280
2023-01-21 20:00:00+02:00,30,1877.944
2023-01-21 21:00:00+02:00,30,1994.024
2023-01-21 22:00:00+02:00,30,1958.702
2023-01-21 23:00:00+02:00,30,1806.740
2023-01-22 00:00:00+02:00,30,1551.047
2023-01-22 01:00:00+02:00,30,1417.093
2023-01-22 02:00:00+02:00,30,1338.829
2023-01-22 03:00:00+02:00,30,1217.096
2023-01-22 04:00:00+02:00,30,1151.285
2023-01-22 05:00:00+02:00,30,1196.924
2022-12-30 06:00:00+02:00,31,954.624
2022-12-30 07:00:00+02:00,31,888.522
2022-12-30 08:00:00+02:00,31,819.284
2022-12-30 09:00:00+02:00,31,767.303
2022-12-30 10:00:00+02:00,31,707.426
2022-12-30 11:00:00+02:00,31,661.397
2022-12-30 12:00:00+02:00,31,622.869
2022-12-30 13:00:00+02:00,31,595.019
2022-12-30 14:00:00+02:00,31,573.369
2022-12-30 15:00:00+02:00,31,557.279
2022-12-30 16:00:00+02:00,31,542.748
2022-12-30 17:00:00+02:00,31,528.478
2022-12-30 18:00:00+02:00,31,513.910
2022-12-30 19:00:00+02:00,31,501.441
2022-12-30 20:00:00+02:00,31,488.607
2022-12-30 21:00:00+02:00,31,474.928
2022-12-30 22:00:00+02:00,31,462.197
2022-12-30 23:00:00+02:00,31,448.829
2022-12-31 00:00:00+02:00,31,436.786
2022-12-31 01:00:00+02:00,31,425.109
2022-12-31 02:00:00+02:00,31,414.158
2022-12-31 03:00:00+02:00,31,402.299
2022-12-31 04:00:00+02:00,31,390.762
2022-12-31 05:00:00+02:00,31,379.486
2022-12-31 06:00:00+02:00,31,367.577
2022-12-31 07:00:00+02:00,31,355.680
2022-12-31 08:00:00+02:00,31,344.156
2022-12-31 09:00:00+02:00,31,329.917
2022-12-31 10:00:00+02:00,31,316.456
2022-12-31 11:00:00+02:00,31,306.810
2022-12-31 12:00:00+02:00,31,300.520
2022-12-31 13:00:00+02:00,31,295.874
2022-12-31 14:00:00+02:00,31,293.914
2022-12-31 15:00:00+02:00,31,291.707
2022-12-31 16:00:00+02:00,31,289.751
2022-12-31 17:00:00+02:00,31,289.347
2022-12-31 18:00:00+02:00,31,288.941
2022-12-31 19:00:00+02:00,31,288.561
2022-12-31 20:00:00+02:00,31,287.552
2022-12-31 21:00:00+02:00,31,285.610
2022-12-31 22:00:00+02:00,31,284.160
2022-12-31 23:00:00+02:00,31,283.652
2023-01-01 00:00:00+02:00,31,282.414
2023-01-01 01:00:00+02:00,31,280.276
2023-01-01 02:00:00+02:00,31,275.493
2023-01-01 03:00:00+02:00,31,269.687
2023-01-01 04:00:00+02:00,31,263.771
2023-01-01 05:00:00+02:00,31,257.883
2023-01-01 06:00:00+02:00,31,252.599
2023-01-01 07:00:00+02:00,31,248.352
2023-01-01 08:00:00+02:00,31,241.824
2023-01-01 09:00:00+02:00,31,232.068
2023-01-01 10:00:00+02:00,31,221.718
2023-01-01 11:00:00+02:00,31,210.365
2023-01-01 12:00:00+02:00,31,197.316
2023-01-01 13:00:00+02:00,31,183.179
2023-01-01 14:00:00+02:00,31,169.060
2023-01-01 15:00:00+02:00,31,154.345
2023-01-01 16:00:00+02:00,31,140.666
2023-01-01 17:00:00+02:00,31,129.111
2023-01-01 18:00:00+02:00,31,120.573
2023-01-01 19:00:00+02:00,31,114.271
2023-01-01 20:00:00+02:00,31,110.321
2023-01-01 21:00:00+02:00,31,108.102
2023-01-01 22:00:00+02:00,31,107.130
2023-01-01 23:00:00+02:00,31,107.706
2023-01-02 00:00:00+02:00,31,110.542
2023-01-02 01:00:00+02:00,31,112.869
2023-01-02 02:00:00+02:00,31,115.006
2023-01-02 03:00:00+02:00,31,115.217
2023-01-02 04:00:00+02:00,31,112.268
2023-01-02 05:00:00+02:00,31,106.335
2023-01-02 06:00:00+02:00,31,98.708
2023-01-02 07:00:00+02:00,31,88.605
2023-01-02 08:00:00+02:00,31,75.570
2023-01-02 09:00:00+02:00,31,63.927
2023-01-02 10:00:00+02:00,31,56.802
2023-01-02 11:00:00+02:00,31,51.188
2023-01-02 12:00:00+02:00,31,47.881
2023-01-02 13:00:00+02:00,31,46.126
2023-01-02 14:00:00+02:00,31,45.187
2023-01-02 15:00:00+02:00,31,45.037
2023-01-02 16:00:00+02:00,31,45.776
2023-01-02 17:00:00+02:00,31,48.076
2023-01-02 18:00:00+02:00,31,52.024
2023-01-02 19:00:00+02:00,31,55.934
2023-01-02 20:00:00+02:00,31,61.726
2023-01-02 21:00:00+02:00,31,70.952
2023-01-02 22:00:00+02:00,31,80.465
2023-01-02 23:00:00+02:00,31,92.100
2023-01-03 00:00:00+02:00,31,101.085
2023-01-03 01:00:00+02:00,31,111.208
2023-01-03 02:00:00+02:00,31,121.910
2023-01-03 03:00:00+02:00,31,130.075
2023-01-03 04:00:00+02:00,31,129.908
2023-01-03 05:00:00+02:00,31,124.415
2023-01-03 06:00:00+02:00,31,113.923
2023-01-03 07:00:00+02:00,31,97.711
2023-01-03 08:00:00+02:00,31,77.946
2023-01-03 09:00:00+02:00,31,63.736
2023-01-03 10:00:00+02:00,31,53.937
2023-01-03 11:00:00+02:00,31,46.073
2023-01-03 12:00:00+02:00,31,42.335
2023-01-03 13:00:00+02:00,31,41.087
2023-01-03 14:00:00+02:00,31,40.947
2023-01-03 15:00:00+02:00,31,43.477
2023-01-03 16:00:00+02:00,31,47.614
2023-01-03 17:00:00+02:00,31,52.724
2023-01-03 18:00:00+02:00,31,55.665
2023-01-03 19:00:00+02:00,31,57.487
2023-01-03 20:00:00+02:00,31,64.187
2023-01-03 21:00:00+02:00,31,75.702
2023-01-03 22:00:00+02:00,31,82.231
2023-01-03 23:00:00+02:00,31,88.405
2023-01-04 00:00:00+02:00,31,91.565
2023-01-04 01:00:00+02:00,31,94.065
2023-01-04 02:00:00+02:00,31,98.541
2023-01-04 03:00:00+02:00,31,102.970
2023-01-04 04:00:00+02:00,31,101.482
2023-01-04 05:00:00+02:00,31,95.252
2023-01-04 06:00:00+02:00,31,87.420
2023-01-04 07:00:00+02:00,31,76.237
2023-01-04 08:00:00+02:00,31,66.678
2023-01-04 09:00:00+02:00,31,57.548
2023-01-04 10:00:00+02:00,31,51.020
2023-01-04 11:00:00+02:00,31,46.705
2023-01-04 12:00:00+02:00,31,44.156
2023-01-04 13:00:00+02:00,31,43.136
2023-01-04 14:00:00+02:00,31,43.356
2023-01-04 15:00:00+02:00,31,44.017
2023-01-04 16:00:00+02:00,31,43.966
2023-01-04 17:00:00+02:00,31,46.898
2023-01-04 18:00:00+02:00,31,51.661
2023-01-04 19:00:00+02:00,31,57.178
2023-01-04 20:00:00+02:00,31,62.777
2023-01-04 21:00:00+02:00,31,71.058
2023-01-04 22:00:00+02:00,31,83.338
2023-01-04 23:00:00+02:00,31,95.008
2023-01-05 00:00:00+02:00,31,113.892
2023-01-05 01:00:00+02:00,31,130.957
2023-01-05 02:00:00+02:00,31,145.402
2023-01-05 03:00:00+02:00,31,155.289
2023-01-05 04:00:00+02:00,31,163.069
2023-01-05 05:00:00+02:00,31,169.274
2023-01-05 06:00:00+02:00,31,169.886
2023-01-05 07:00:00+02:00,31,173.027
2023-01-05 08:00:00+02:00,31,173.796
2023-01-05 09:00:00+02:00,31,172.025
2023-01-05 10:00:00+02:00,31,171.682
2023-01-05 11:00:00+02:00,31,172.730
2023-01-05 12:00:00+02:00,31,173.441
2023-01-05 13:00:00+02:00,31,173.441
2023-01-05 14:00:00+02:00,31,174.385
2023-01-05 15:00:00+02:00,31,176.340
2023-01-05 16:00:00+02:00,31,178.688
2023-01-05 17:00:00+02:00,31,180.966
2023-01-05 18:00:00+02:00,31,183.022
2023-01-05 19:00:00+02:00,31,182.514
2023-01-05 20:00:00+02:00,31,181.554
2023-01-05 21:00:00+02:00,31,183.201
2023-01-05 22:00:00+02:00,31,187.840
2023-01-05 23:00:00+02:00,31,204.830
2023-01-06 00:00:00+02:00,31,250.070
2023-01-06 01:00:00+02:00,31,382.149
2023-01-06 02:00:00+02:00,31,624.272
2023-01-06 03:00:00+02:00,31,1027.247
2023-01-06 04:00:00+02:00,31,1617.525
2023-01-06 05:00:00+02:00,31,2319.404
2023-01-06 06:00:00+02:00,31,2969.608
2023-01-06 07:00:00+02:00,31,3417.546
2023-01-06 08:00:00+02:00,31,3606.086
2023-01-06 09:00:00+02:00,31,3573.303
2023-01-06 10:00:00+02:00,31,3402.103
2023-01-06 11:00:00+02:00,31,3170.988
2023-01-06 12:00:00+02:00,31,2931.926
2023-01-06 13:00:00+02:00,31,2710.528
2023-01-06 14:00:00+02:00,31,2515.408
2023-01-06 15:00:00+02:00,31,2347.934
2023-01-06 16:00:00+02:00,31,2235.788
2023-01-06 17:00:00+02:00,31,2140.209
2023-01-06 18:00:00+02:00,31,2052.983
2023-01-06 19:00:00+02:00,31,1992.860
2023-01-06 20:00:00+02:00,31,1955.760
2023-01-06 21:00:00+02:00,31,1933.831
2023-01-06 22:00:00+02:00,31,1913.983
2023-01-06 23:00:00+02:00,31,1889.966
2023-01-07 00:00:00+02:00,31,1875.725
2023-01-07 01:00:00+02:00,31,1867.143
2023-01-07 02:00:00+02:00,31,1861.081
2023-01-07 03:00:00+02:00,31,1846.598
2023-01-07 04:00:00+02:00,31,1852.098
2023-01-07 05:00:00+02:00,31,1874.343
2023-01-07 06:00:00+02:00,31,1898.204
2023-01-07 07:00:00+02:00,31,1909.191
2023-01-07 08:00:00+02:00,31,1926.283
2023-01-07 09:00:00+02:00,31,1957.889
2023-01-07 10:00:00+02:00,31,1980.614
2023-01-07 11:00:00+02:00,31,2002.676
2023-01-07 12:00:00+02:00,31,2001.223
2023-01-07 13:00:00+02:00,31,1966.024
2023-01-07 14:00:00+02:00,31,1898.808
2023-01-07 15:00:00+02:00,31,1802.833
2023-01-07 16:00:00+02:00,31,1683.140
2023-01-07 17:00:00+02:00,31,1587.552
2023-01-07 18:00:00+02:00,31,1502.410
2023-01-07 19:00:00+02:00,31,1405.012
2023-01-07 20:00:00+02:00,31,1335.541
2023-01-07 21:00:00+02:00,31,1256.272
2023-01-07 22:00:00+02:00,31,1196.759
2023-01-07 23:00:00+02:00,31,1141.605
2023-01-08 00:00:00+02:00,31,1095.200
2023-01-08 01:00:00+02:00,31,1032.800
2023-01-08 02:00:00+02:00,31,982.624
2023-01-08 03:00:00+02:00,31,933.806
2023-01-08 04:00:00+02:00,31,886.608
2023-01-08 05:00:00+02:00,31,842.143
2023-01-08 06:00:00+02:00,31,804.361
2023-01-08 07:00:00+02:00,31,764.906
2023-01-08 08:00:00+02:00,31,719.394
2023-01-08 09:00:00+02:00,31,690.222
2023-01-08 10:00:00+02:00,31,661.835
2023-01-08 11:00:00+02:00,31,647.950
2023-01-08 12:00:00+02:00,31,665.222
2023-01-08 13:00:00+02:00,31,674.408
2023-01-08 14:00:00+02:00,31,683.226
2023-01-08 15:00:00+02:00,31,692.096
2023-01-08 16:00:00+02:00,31,708.083
2023-01-08 17:00:00+02:00,31,716.978
2023-01-08 18:00:00+02:00,31,712.024
2023-01-08 19:00:00+02:00,31,688.051
2023-01-08 20:00:00+02:00,31,638.649
2023-01-08 21:00:00+02:00,31,567.040
2023-01-08 22:00:00+02:00,31,462.417
2023-01-08 23:00:00+02:00,31,364.404
2023-01-09 00:00:00+02:00,31,289.217
2023-01-09 01:00:00+02:00,31,231.353
2023-01-09 02:00:00+02:00,31,187.241
2023-01-09 03:00:00+02:00,31,148.959
2023-01-09 04:00:00+02:00,31,115.191
2023-01-09 05:00:00+02:00,31,90.314
2023-01-09 06:00:00+02:00,31,71.650
2023-01-09 07:00:00+02:00,31,54.453
2023-01-09 08:00:00+02:00,31,42.699
2023-01-09 09:00:00+02:00,31,36.044
2023-01-09 10:00:00+02:00,31,32.327
2023-01-09 11:00:00+02:00,31,31.110
2023-01-09 12:00:00+02:00,31,31.604
2023-01-09 13:00:00+02:00,31,33.925
2023-01-09 14:00:00+02:00,31,37.658
2023-01-09 15:00:00+02:00,31,41.648
2023-01-09 16:00:00+02:00,31,45.684
2023-01-09 17:00:00+02:00,31,52.399
2023-01-09 18:00:00+02:00,31,60.272
2023-01-09 19:00:00+02:00,31,66.960
2023-01-09 20:00:00+02:00,31,71.760
2023-01-09 21:00:00+02:00,31,75.085
2023-01-09 22:00:00+02:00,31,77.686
2023-01-09 23:00:00+02:00,31,83.364
2023-01-10 00:00:00+02:00,31,92.382
2023-01-10 01:00:00+02:00,31,99.432
2023-01-10 02:00:00+02:00,31,98.498
2023-01-10 03:00:00+02:00,31,92.651
2023-01-10 04:00:00+02:00,31,84.536
2023-01-10 05:00:00+02:00,31,74.760
2023-01-10 06:00:00+02:00,31,64.861
2023-01-10 07:00:00+02:00,31,53.493
2023-01-10 08:00:00+02:00,31,43.080
2023-01-10 09:00:00+02:00,31,36.309
2023-01-10 10:00:00+02:00,31,33.502
2023-01-10 11:00:00+02:00,31,32.412
2023-01-10 12:00:00+02:00,31,32.438
2023-01-10 13:00:00+02:00,31,33.975
2023-01-10 14:00:00+02:00,31,37.258
2023-01-10 15:00:00+02:00,31,43.302
2023-01-10 16:00:00+02:00,31,49.873
2023-01-10 17:00:00+02:00,31,54.969
2023-01-10 18:00:00+02:00,31,58.077
2023-01-10 19:00:00+02:00,31,61.525
2023-01-10 20:00:00+02:00,31,64.119
2023-01-10 21:00:00+02:00,31,67.503
2023-01-10 22:00:00+02:00,31,70.665
2023-01-10 23:00:00+02:00,31,76.567
2023-01-11 00:00:00+02:00,31,82.033
2023-01-11 01:00:00+02:00,31,89.671
2023-01-11 02:00:00+02:00,31,93.895
2023-01-11 03:00:00+02:00,31,93.721
2023-01-11 04:00:00+02:00,31,92.734
2023-01-11 05:00:00+02:00,31,90.259
2023-01-11 06:00:00+02:00,31,86.321
2023-01-11 07:00:00+02:00,31,82.016
2023-01-11 08:00:00+02:00,31,77.230
2023-01-11 09:00:00+02:00,31,71.085
2023-01-11 10:00:00+02:00,31,62.966
2023-01-11 11:00:00+02:00,31,58.082
2023-01-11 12:00:00+02:00,31,55.563
2023-01-11 13:00:00+02:00,31,53.999
2023-01-11 14:00:00+02:00,31,53.856
2023-01-11 15:00:00+02:00,31,54.582
2023-01-11 16:00:00+02:00,31,56.627
2023-01-11 17:00:00+02:00,31,62.435
2023-01-11 18:00:00+02:00,31,68.401
2023-01-11 19:00:00+02:00,31,71.468
2023-01-11 20:00:00+02:00,31,72.251
2023-01-11 21:00:00+02:00,31,72.349
2023-01-11 22:00:00+02:00,31,72.875
2023-01-11 23:00:00+02:00,31,74.534
2023-01-12 00:00:00+02:00,31,76.579
2023-01-12 01:00:00+02:00,31,78.363
2023-01-12 02:00:00+02:00,31,78.399
2023-01-12 03:00:00+02:00,31,73.303
2023-01-12 04:00:00+02:00,31,62.624
2023-01-12 05:00:00+02:00,31,51.762
2023-01-12 06:00:00+02:00,31,39.914
2023-01-12 07:00:00+02:00,31,31.312
2023-01-12 08:00:00+02:00,31,26.260
2023-01-12 09:00:00+02:00,31,24.141
2023-01-12 10:00:00+02:00,31,23.438
2023-01-12 11:00:00+02:00,31,23.829
2023-01-12 12:00:00+02:00,31,25.944
2023-01-12 13:00:00+02:00,31,29.338
2023-01-12 14:00:00+02:00,31,35.833
2023-01-12 15:00:00+02:00,31,44.035
2023-01-12 16:00:00+02:00,31,52.420
2023-01-12 17:00:00+02:00,31,56.902
2023-01-12 18:00:00+02:00,31,58.915
2023-01-12 19:00:00+02:00,31,60.754
2023-01-12 20:00:00+02:00,31,62.701
2023-01-12 21:00:00+02:00,31,65.759
2023-01-12 22:00:00+02:00,31,69.694
2023-01-12 23:00:00+02:00,31,75.033
2023-01-13 00:00:00+02:00,31,82.246
2023-01-13 01:00:00+02:00,31,88.030
2023-01-13 02:00:00+02:00,31,91.318
2023-01-13 03:00:00+02:00,31,87.283
2023-01-13 04:00:00+02:00,31,73.542
2023-01-13 05:00:00+02:00,31,60.383
2023-01-13 06:00:00+02:00,31,47.404
2023-01-13 07:00:00+02:00,31,36.992
2023-01-13 08:00:00+02:00,31,30.232
2023-01-13 09:00:00+02:00,31,26.337
2023-01-13 10:00:00+02:00,31,25.556
2023-01-13 11:00:00+02:00,31,25.508
2023-01-13 12:00:00+02:00,31,26.519
2023-01-13 13:00:00+02:00,31,30.244
2023-01-13 14:00:00+02:00,31,36.683
2023-01-13 15:00:00+02:00,31,43.611
2023-01-13 16:00:00+02:00,31,48.698
2023-01-13 17:00:00+02:00,31,53.812
2023-01-13 18:00:00+02:00,31,57.094
2023-01-13 19:00:00+02:00,31,59.838
2023-01-13 20:00:00+02:00,31,63.474
2023-01-13 21:00:00+02:00,31,69.256
2023-01-13 22:00:00+02:00,31,73.617
2023-01-13 23:00:00+02:00,31,77.522
2023-01-14 00:00:00+02:00,31,81.351
2023-01-14 01:00:00+02:00,31,81.513
2023-01-14 02:00:00+02:00,31,75.247
2023-01-14 03:00:00+02:00,31,69.049
2023-01-14 04:00:00+02:00,31,64.320
2023-01-14 05:00:00+02:00,31,60.167
2023-01-14 06:00:00+02:00,31,56.527
2023-01-14 07:00:00+02:00,31,54.061
2023-01-14 08:00:00+02:00,31,52.640
2023-01-14 09:00:00+02:00,31,51.598
2023-01-14 10:00:00+02:00,31,52.557
2023-01-14 11:00:00+02:00,31,54.049
2023-01-14 12:00:00+02:00,31,54.339
2023-01-14 13:00:00+02:00,31,55.999
2023-01-14 14:00:00+02:00,31,58.945
2023-01-14 15:00:00+02:00,31,61.753
2023-01-14 16:00:00+02:00,31,63.801
2023-01-14 17:00:00+02:00,31,66.230
2023-01-14 18:00:00+02:00,31,64.769
2023-01-14 19:00:00+02:00,31,60.941
2023-01-14 20:00:00+02:00,31,57.979
2023-01-14 21:00:00+02:00,31,56.153
2023-01-14 22:00:00+02:00,31,54.780
2023-01-14 23:00:00+02:00,31,54.059
2023-01-15 00:00:00+02:00,31,52.662
2023-01-15 01:00:00+02:00,31,52.024
2023-01-15 02:00:00+02:00,31,52.309
2023-01-15 03:00:00+02:00,31,51.938
2023-01-15 04:00:00+02:00,31,49.721
2023-01-15 05:00:00+02:00,31,46.385
2023-01-15 06:00:00+02:00,31,46.590
2023-01-15 07:00:00+02:00,31,57.075
2023-01-15 08:00:00+02:00,31,75.438
2023-01-15 09:00:00+02:00,31,90.313
2023-01-15 10:00:00+02:00,31,106.620
2023-01-15 11:00:00+02:00,31,122.247
2023-01-15 12:00:00+02:00,31,134.277
2023-01-15 13:00:00+02:00,31,137.583
2023-01-15 14:00:00+02:00,31,135.608
2023-01-15 15:00:00+02:00,31,131.987
2023-01-15 16:00:00+02:00,31,126.263
2023-01-15 17:00:00+02:00,31,115.389
2023-01-15 18:00:00+02:00,31,102.199
2023-01-15 19:00:00+02:00,31,91.391
2023-01-15 20:00:00+02:00,31,82.538
2023-01-15 21:00:00+02:00,31,75.128
2023-01-15 22:00:00+02:00,31,71.115
2023-01-15 23:00:00+02:00,31,68.719
2023-01-16 00:00:00+02:00,31,67.279
2023-01-16 01:00:00+02:00,31,66.218
2023-01-16 02:00:00+02:00,31,66.486
2023-01-16 03:00:00+02:00,31,69.473
2023-01-16 04:00:00+02:00,31,71.074
2023-01-16 05:00:00+02:00,31,69.459
2023-01-16 06:00:00+02:00,31,66.856
2023-01-16 07:00:00+02:00,31,66.471
2023-01-16 08:00:00+02:00,31,68.579
2023-01-16 09:00:00+02:00,31,69.217
2023-01-16 10:00:00+02:00,31,69.958
2023-01-16 11:00:00+02:00,31,70.535
2023-01-16 12:00:00+02:00,31,72.474
2023-01-16 13:00:00+02:00,31,75.086
2023-01-16 14:00:00+02:00,31,77.761
2023-01-16 15:00:00+02:00,31,79.254
2023-01-16 16:00:00+02:00,31,80.114
2023-01-16 17:00:00+02:00,31,80.915
2023-01-16 18:00:00+02:00,31,80.307
2023-01-16 19:00:00+02:00,31,78.120
2023-01-16 20:00:00+02:00,31,75.413
2023-01-16 21:00:00+02:00,31,73.429
2023-01-16 22:00:00+02:00,31,72.815
2023-01-16 23:00:00+02:00,31,72.595
2023-01-17 00:00:00+02:00,31,73.032
2023-01-17 01:00:00+02:00,31,74.124
2023-01-17 02:00:00+02:00,31,73.936
2023-01-17 03:00:00+02:00,31,70.548
2023-01-17 04:00:00+02:00,31,63.380
2023-01-17 05:00:00+02:00,31,57.476
2023-01-17 06:00:00+02:00,31,49.869
2023-01-17 07:00:00+02:00,31,42.096
2023-01-17 08:00:00+02:00,31,35.310
2023-01-17 09:00:00+02:00,31,31.869
2023-01-17 10:00:00+02:00,31,30.300
2023-01-17 11:00:00+02:00,31,30.563
2023-01-17 12:00:00+02:00,31,31.467
2023-01-17 13:00:00+02:00,31,33.991
2023-01-17 14:00:00+02:00,31,39.643
2023-01-17 15:00:00+02:00,31,45.678
2023-01-17 16:00:00+02:00,31,50.543
2023-01-17 17:00:00+02:00,31,53.445
2023-01-17 18:00:00+02:00,31,56.156
2023-01-17 19:00:00+02:00,31,58.664
2023-01-17 20:00:00+02:00,31,61.438
2023-01-17 21:00:00+02:00,31,66.310
2023-01-17 22:00:00+02:00,31,73.093
2023-01-17 23:00:00+02:00,31,79.534
2023-01-18 00:00:00+02:00,31,85.240
2023-01-18 01:00:00+02:00,31,89.233
2023-01-18 02:00:00+02:00,31,90.837
2023-01-18 03:00:00+02:00,31,86.933
2023-01-18 04:00:00+02:00,31,79.394
2023-01-18 05:00:00+02:00,31,71.999
2023-01-18 06:00:00+02:00,31,62.357
2023-01-18 07:00:00+02:00,31,50.842
2023-01-18 08:00:00+02:00,31,41.595
2023-01-18 09:00:00+02:00,31,36.661
2023-01-18 10:00:00+02:00,31,33.301
2023-01-18 11:00:00+02:00,31,32.570
2023-01-18 12:00:00+02:00,31,33.887
2023-01-18 13:00:00+02:00,31,36.306
2023-01-18 14:00:00+02:00,31,38.913
2023-01-18 15:00:00+02:00,31,42.117
2023-01-18 16:00:00+02:00,31,46.130
2023-01-18 17:00:00+02:00,31,50.627
2023-01-18 18:00:00+02:00,31,54.824
2023-01-18 19:00:00+02:00,31,59.764
2023-01-18 20:00:00+02:00,31,64.286
2023-01-18 21:00:00+02:00,31,69.951
2023-01-18 22:00:00+02:00,31,74.384
2023-01-18 23:00:00+02:00,31,78.567
2023-01-19 00:00:00+02:00,31,82.796
2023-01-19 01:00:00+02:00,31,88.401
2023-01-19 02:00:00+02:00,31,86.513
2023-01-19 03:00:00+02:00,31,79.581
2023-01-19 04:00:00+02:00,31,75.535
2023-01-19 05:00:00+02:00,31,72.979
2023-01-19 06:00:00+02:00,31,70.272
2023-01-19 07:00:00+02:00,31,69.909
2023-01-19 08:00:00+02:00,31,74.004
2023-01-19 09:00:00+02:00,31,78.492
2023-01-19 10:00:00+02:00,31,84.596
2023-01-19 11:00:00+02:00,31,87.715
2023-01-19 12:00:00+02:00,31,86.854
2023-01-19 13:00:00+02:00,31,82.856
2023-01-19 14:00:00+02:00,31,78.298
2023-01-19 15:00:00+02:00,31,74.075
2023-01-19 16:00:00+02:00,31,71.110
2023-01-19 17:00:00+02:00,31,69.736
2023-01-19 18:00:00+02:00,31,68.592
2023-01-19 19:00:00+02:00,31,67.540
2023-01-19 20:00:00+02:00,31,66.410
2023-01-19 21:00:00+02:00,31,65.574
2023-01-19 22:00:00+02:00,31,64.693
2023-01-19 23:00:00+02:00,31,63.639
2023-01-20 00:00:00+02:00,31,62.041
2023-01-20 01:00:00+02:00,31,60.744
2023-01-20 02:00:00+02:00,31,59.527
2023-01-20 03:00:00+02:00,31,58.362
2023-01-20 04:00:00+02:00,31,57.394
2023-01-20 05:00:00+02:00,31,56.544
2023-01-20 06:00:00+02:00,31,56.414
2023-01-20 06:00:00+02:00,31,57.383
2023-01-20 07:00:00+02:00,31,57.334
2023-01-20 08:00:00+02:00,31,56.797
2023-01-20 09:00:00+02:00,31,57.813
2023-01-20 10:00:00+02:00,31,58.768
2023-01-20 11:00:00+02:00,31,59.894
2023-01-20 12:00:00+02:00,31,60.701
2023-01-20 13:00:00+02:00,31,63.888
2023-01-20 14:00:00+02:00,31,74.692
2023-01-20 15:00:00+02:00,31,108.575
2023-01-20 16:00:00+02:00,31,162.923
2023-01-20 17:00:00+02:00,31,236.040
2023-01-20 18:00:00+02:00,31,292.404
2023-01-20 19:00:00+02:00,31,341.048
2023-01-20 20:00:00+02:00,31,357.921
2023-01-20 21:00:00+02:00,31,394.891
2023-01-20 22:00:00+02:00,31,388.667
2023-01-20 23:00:00+02:00,31,354.030
2023-01-21 00:00:00+02:00,31,297.476
2023-01-21 01:00:00+02:00,31,270.928
2023-01-21 02:00:00+02:00,31,256.450
2023-01-21 03:00:00+02:00,31,236.049
2023-01-21 04:00:00+02:00,31,225.524
2023-01-21 05:00:00+02:00,31,239.285
2023-01-21 06:00:00+02:00,31,263.127
2023-01-21 07:00:00+02:00,31,277.443
2023-01-21 08:00:00+02:00,31,281.732
2023-01-21 09:00:00+02:00,31,305.635
2023-01-21 10:00:00+02:00,31,316.734
2023-01-21 11:00:00+02:00,31,331.950
2023-01-21 12:00:00+02:00,31,341.410
2023-01-21 13:00:00+02:00,31,364.070
2023-01-21 14:00:00+02:00,31,419.474
2023-01-21 15:00:00+02:00,31,551.334
2023-01-21 16:00:00+02:00,31,733.405
2023-01-21 17:00:00+02:00,31,970.789
2023-01-21 18:00:00+02:00,31,1152.199
2023-01-21 19:00:00+02:00,31,1306.760
2023-01-21 20:00:00+02:00,31,1356.901
2023-01-21 21:00:00+02:00,31,1469.904
2023-01-21 22:00:00+02:00,31,1445.629
2023-01-21 23:00:00+02:00,31,1328.562
2023-01-22 00:00:00+02:00,31,1134.477
2023-01-22 01:00:00+02:00,31,1036.010
2023-01-22 02:00:00+02:00,31,979.456
2023-01-22 03:00:00+02:00,31,893.097
2023-01-22 04:00:00+02:00,31,846.594
2023-01-22 05:00:00+02:00,31,894.415
2022-12-30 06:00:00+02:00,32,1017.759
2022-12-30 07:00:00+02:00,32,960.361
2022-12-30 08:00:00+02:00,32,895.652
2022-12-30 09:00:00+02:00,32,842.960
2022-12-30 10:00:00+02:00,32,777.825
2022-12-30 11:00:00+02:00,32,723.077
2022-12-30 12:00:00+02:00,32,672.617
2022-12-30 13:00:00+02:00,32,632.872
2022-12-30 14:00:00+02:00,32,599.502
2022-12-30 15:00:00+02:00,32,576.046
2022-12-30 16:00:00+02:00,32,556.712
2022-12-30 17:00:00+02:00,32,539.801
2022-12-30 18:00:00+02:00,32,524.323
2022-12-30 19:00:00+02:00,32,511.740
2022-12-30 20:00:00+02:00,32,499.036
2022-12-30 21:00:00+02:00,32,485.878
2022-12-30 22:00:00+02:00,32,473.646
2022-12-30 23:00:00+02:00,32,461.066
2022-12-31 00:00:00+02:00,32,449.526
2022-12-31 01:00:00+02:00,32,438.296
2022-12-31 02:00:00+02:00,32,427.636
2022-12-31 03:00:00+02:00,32,416.323
2022-12-31 04:00:00+02:00,32,405.270
2022-12-31 05:00:00+02:00,32,394.433
2022-12-31 06:00:00+02:00,32,383.104
2022-12-31 07:00:00+02:00,32,371.775
2022-12-31 08:00:00+02:00,32,360.729
2022-12-31 09:00:00+02:00,32,347.401
2022-12-31 10:00:00+02:00,32,334.605
2022-12-31 11:00:00+02:00,32,325.029
2022-12-31 12:00:00+02:00,32,318.357
2022-12-31 13:00:00+02:00,32,313.098
2022-12-31 14:00:00+02:00,32,310.785
2022-12-31 15:00:00+02:00,32,309.231
2022-12-31 16:00:00+02:00,32,308.457
2022-12-31 17:00:00+02:00,32,309.613
2022-12-31 18:00:00+02:00,32,309.918
2022-12-31 19:00:00+02:00,32,309.196
2022-12-31 20:00:00+02:00,32,306.943
2022-12-31 21:00:00+02:00,32,303.351
2022-12-31 22:00:00+02:00,32,299.637
2022-12-31 23:00:00+02:00,32,296.098
2023-01-01 00:00:00+02:00,32,291.921
2023-01-01 01:00:00+02:00,32,286.478
2023-01-01 02:00:00+02:00,32,279.884
2023-01-01 03:00:00+02:00,32,274.059
2023-01-01 04:00:00+02:00,32,268.248
2023-01-01 05:00:00+02:00,32,262.509
2023-01-01 06:00:00+02:00,32,257.064
2023-01-01 07:00:00+02:00,32,248.496
2023-01-01 08:00:00+02:00,32,235.888
2023-01-01 09:00:00+02:00,32,219.393
2023-01-01 10:00:00+02:00,32,204.458
2023-01-01 11:00:00+02:00,32,189.459
2023-01-01 12:00:00+02:00,32,173.683
2023-01-01 13:00:00+02:00,32,158.421
2023-01-01 14:00:00+02:00,32,144.977
2023-01-01 15:00:00+02:00,32,132.818
2023-01-01 16:00:00+02:00,32,123.262
2023-01-01 17:00:00+02:00,32,116.527
2023-01-01 18:00:00+02:00,32,112.341
2023-01-01 19:00:00+02:00,32,110.052
2023-01-01 20:00:00+02:00,32,109.346
2023-01-01 21:00:00+02:00,32,109.227
2023-01-01 22:00:00+02:00,32,110.453
2023-01-01 23:00:00+02:00,32,113.504
2023-01-02 00:00:00+02:00,32,118.789
2023-01-02 01:00:00+02:00,32,121.792
2023-01-02 02:00:00+02:00,32,122.001
2023-01-02 03:00:00+02:00,32,117.121
2023-01-02 04:00:00+02:00,32,108.100
2023-01-02 05:00:00+02:00,32,96.599
2023-01-02 06:00:00+02:00,32,85.361
2023-01-02 07:00:00+02:00,32,73.225
2023-01-02 08:00:00+02:00,32,60.825
2023-01-02 09:00:00+02:00,32,52.114
2023-01-02 10:00:00+02:00,32,47.718
2023-01-02 11:00:00+02:00,32,45.240
2023-01-02 12:00:00+02:00,32,44.723
2023-01-02 13:00:00+02:00,32,45.147
2023-01-02 14:00:00+02:00,32,46.267
2023-01-02 15:00:00+02:00,32,48.571
2023-01-02 16:00:00+02:00,32,52.103
2023-01-02 17:00:00+02:00,32,58.058
2023-01-02 18:00:00+02:00,32,65.871
2023-01-02 19:00:00+02:00,32,72.520
2023-01-02 20:00:00+02:00,32,81.242
2023-01-02 21:00:00+02:00,32,93.795
2023-01-02 22:00:00+02:00,32,105.367
2023-01-02 23:00:00+02:00,32,117.976
2023-01-03 00:00:00+02:00,32,126.623
2023-01-03 01:00:00+02:00,32,135.603
2023-01-03 02:00:00+02:00,32,142.154
2023-01-03 03:00:00+02:00,32,139.858
2023-01-03 04:00:00+02:00,32,128.649
2023-01-03 05:00:00+02:00,32,114.855
2023-01-03 06:00:00+02:00,32,97.605
2023-01-03 07:00:00+02:00,32,78.123
2023-01-03 08:00:00+02:00,32,60.064
2023-01-03 09:00:00+02:00,32,49.577
2023-01-03 10:00:00+02:00,32,43.655
2023-01-03 11:00:00+02:00,32,40.648
2023-01-03 12:00:00+02:00,32,40.639
2023-01-03 13:00:00+02:00,32,41.193
2023-01-03 14:00:00+02:00,32,43.326
2023-01-03 15:00:00+02:00,32,49.335
2023-01-03 16:00:00+02:00,32,55.457
2023-01-03 17:00:00+02:00,32,61.353
2023-01-03 18:00:00+02:00,32,64.432
2023-01-03 19:00:00+02:00,32,66.525
2023-01-03 20:00:00+02:00,32,76.029
2023-01-03 21:00:00+02:00,32,90.067
2023-01-03 22:00:00+02:00,32,95.476
2023-01-03 23:00:00+02:00,32,99.951
2023-01-04 00:00:00+02:00,32,102.438
2023-01-04 01:00:00+02:00,32,105.031
2023-01-04 02:00:00+02:00,32,109.024
2023-01-04 03:00:00+02:00,32,107.515
2023-01-04 04:00:00+02:00,32,98.968
2023-01-04 05:00:00+02:00,32,85.697
2023-01-04 06:00:00+02:00,32,74.395
2023-01-04 07:00:00+02:00,32,61.655
2023-01-04 08:00:00+02:00,32,53.057
2023-01-04 09:00:00+02:00,32,46.571
2023-01-04 10:00:00+02:00,32,43.226
2023-01-04 11:00:00+02:00,32,42.090
2023-01-04 12:00:00+02:00,32,42.775
2023-01-04 13:00:00+02:00,32,43.887
2023-01-04 14:00:00+02:00,32,47.150
2023-01-04 15:00:00+02:00,32,49.848
2023-01-04 16:00:00+02:00,32,46.033
2023-01-04 17:00:00+02:00,32,45.092
2023-01-04 18:00:00+02:00,32,47.273
2023-01-04 19:00:00+02:00,32,50.995
2023-01-04 20:00:00+02:00,32,55.131
2023-01-04 21:00:00+02:00,32,61.280
2023-01-04 22:00:00+02:00,32,70.345
2023-01-04 23:00:00+02:00,32,79.203
2023-01-05 00:00:00+02:00,32,94.605
2023-01-05 01:00:00+02:00,32,109.725
2023-01-05 02:00:00+02:00,32,123.753
2023-01-05 03:00:00+02:00,32,134.300
2023-01-05 04:00:00+02:00,32,143.351
2023-01-05 05:00:00+02:00,32,151.241
2023-01-05 06:00:00+02:00,32,152.948
2023-01-05 07:00:00+02:00,32,157.869
2023-01-05 08:00:00+02:00,32,160.025
2023-01-05 09:00:00+02:00,32,159.011
2023-01-05 10:00:00+02:00,32,159.789
2023-01-05 11:00:00+02:00,32,162.271
2023-01-05 12:00:00+02:00,32,164.061
2023-01-05 13:00:00+02:00,32,164.618
2023-01-05 14:00:00+02:00,32,165.687
2023-01-05 15:00:00+02:00,32,167.168
2023-01-05 16:00:00+02:00,32,168.604
2023-01-05 17:00:00+02:00,32,169.764
2023-01-05 18:00:00+02:00,32,170.589
2023-01-05 19:00:00+02:00,32,169.434
2023-01-05 20:00:00+02:00,32,167.926
2023-01-05 21:00:00+02:00,32,168.168
2023-01-05 22:00:00+02:00,32,170.135
2023-01-05 23:00:00+02:00,32,178.624
2023-01-06 00:00:00+02:00,32,200.953
2023-01-06 01:00:00+02:00,32,273.101
2023-01-06 02:00:00+02:00,32,420.434
2023-01-06 03:00:00+02:00,32,681.879
2023-01-06 04:00:00+02:00,32,1098.861
2023-01-06 05:00:00+02:00,32,1667.565
2023-01-06 06:00:00+02:00,32,2302.859
2023-01-06 07:00:00+02:00,32,2870.533
2023-01-06 08:00:00+02:00,32,3260.054
2023-01-06 09:00:00+02:00,32,3432.811
2023-01-06 10:00:00+02:00,32,3418.467
2023-01-06 11:00:00+02:00,32,3280.084
2023-01-06 12:00:00+02:00,32,3080.278
2023-01-06 13:00:00+02:00,32,2864.086
2023-01-06 14:00:00+02:00,32,2656.925
2023-01-06 15:00:00+02:00,32,2470.201
2023-01-06 16:00:00+02:00,32,2342.160
2023-01-06 17:00:00+02:00,32,2229.560
2023-01-06 18:00:00+02:00,32,2118.677
2023-01-06 19:00:00+02:00,32,2034.994
2023-01-06 20:00:00+02:00,32,1969.032
2023-01-06 21:00:00+02:00,32,1926.621
2023-01-06 22:00:00+02:00,32,1893.360
2023-01-06 23:00:00+02:00,32,1861.671
2023-01-07 00:00:00+02:00,32,1837.465
2023-01-07 01:00:00+02:00,32,1819.154
2023-01-07 02:00:00+02:00,32,1804.475
2023-01-07 03:00:00+02:00,32,1784.934
2023-01-07 04:00:00+02:00,32,1782.032
2023-01-07 05:00:00+02:00,32,1795.037
2023-01-07 06:00:00+02:00,32,1811.919
2023-01-07 07:00:00+02:00,32,1819.413
2023-01-07 08:00:00+02:00,32,1834.176
2023-01-07 09:00:00+02:00,32,1864.863
2023-01-07 10:00:00+02:00,32,1890.270
2023-01-07 11:00:00+02:00,32,1921.939
2023-01-07 12:00:00+02:00,32,1940.927
2023-01-07 13:00:00+02:00,32,1935.777
2023-01-07 14:00:00+02:00,32,1904.819
2023-01-07 15:00:00+02:00,32,1847.975
2023-01-07 16:00:00+02:00,32,1766.416
2023-01-07 17:00:00+02:00,32,1691.381
2023-01-07 18:00:00+02:00,32,1619.952
2023-01-07 19:00:00+02:00,32,1536.406
2023-01-07 20:00:00+02:00,32,1472.293
2023-01-07 21:00:00+02:00,32,1398.568
2023-01-07 22:00:00+02:00,32,1340.429
2023-01-07 23:00:00+02:00,32,1285.378
2023-01-08 00:00:00+02:00,32,1237.743
2023-01-08 01:00:00+02:00,32,1174.219
2023-01-08 02:00:00+02:00,32,1121.566
2023-01-08 03:00:00+02:00,32,1069.594
2023-01-08 04:00:00+02:00,32,1018.591
2023-01-08 05:00:00+02:00,32,969.822
2023-01-08 06:00:00+02:00,32,927.726
2023-01-08 07:00:00+02:00,32,883.342
2023-01-08 08:00:00+02:00,32,831.567
2023-01-08 09:00:00+02:00,32,798.000
2023-01-08 10:00:00+02:00,32,765.246
2023-01-08 11:00:00+02:00,32,749.193
2023-01-08 12:00:00+02:00,32,765.665
2023-01-08 13:00:00+02:00,32,772.912
2023-01-08 14:00:00+02:00,32,777.761
2023-01-08 15:00:00+02:00,32,779.112
2023-01-08 16:00:00+02:00,32,776.909
2023-01-08 17:00:00+02:00,32,756.496
2023-01-08 18:00:00+02:00,32,713.329
2023-01-08 19:00:00+02:00,32,650.669
2023-01-08 20:00:00+02:00,32,564.125
2023-01-08 21:00:00+02:00,32,469.572
2023-01-08 22:00:00+02:00,32,358.790
2023-01-08 23:00:00+02:00,32,272.439
2023-01-09 00:00:00+02:00,32,214.552
2023-01-09 01:00:00+02:00,32,174.376
2023-01-09 02:00:00+02:00,32,142.298
2023-01-09 03:00:00+02:00,32,110.727
2023-01-09 04:00:00+02:00,32,81.803
2023-01-09 05:00:00+02:00,32,61.691
2023-01-09 06:00:00+02:00,32,48.051
2023-01-09 07:00:00+02:00,32,37.322
2023-01-09 08:00:00+02:00,32,31.649
2023-01-09 09:00:00+02:00,32,29.616
2023-01-09 10:00:00+02:00,32,29.858
2023-01-09 11:00:00+02:00,32,31.747
2023-01-09 12:00:00+02:00,32,34.699
2023-01-09 13:00:00+02:00,32,39.433
2023-01-09 14:00:00+02:00,32,44.983
2023-01-09 15:00:00+02:00,32,50.008
2023-01-09 16:00:00+02:00,32,54.792
2023-01-09 17:00:00+02:00,32,62.666
2023-01-09 18:00:00+02:00,32,70.712
2023-01-09 19:00:00+02:00,32,76.162
2023-01-09 20:00:00+02:00,32,79.626
2023-01-09 21:00:00+02:00,32,82.406
2023-01-09 22:00:00+02:00,32,85.392
2023-01-09 23:00:00+02:00,32,93.116
2023-01-10 00:00:00+02:00,32,102.693
2023-01-10 01:00:00+02:00,32,104.653
2023-01-10 02:00:00+02:00,32,95.924
2023-01-10 03:00:00+02:00,32,83.390
2023-01-10 04:00:00+02:00,32,71.153
2023-01-10 05:00:00+02:00,32,59.318
2023-01-10 06:00:00+02:00,32,49.488
2023-01-10 07:00:00+02:00,32,40.471
2023-01-10 08:00:00+02:00,32,34.533
2023-01-10 09:00:00+02:00,32,32.221
2023-01-10 10:00:00+02:00,32,31.940
2023-01-10 11:00:00+02:00,32,32.765
2023-01-10 12:00:00+02:00,32,34.494
2023-01-10 13:00:00+02:00,32,38.301
2023-01-10 14:00:00+02:00,32,43.749
2023-01-10 15:00:00+02:00,32,51.277
2023-01-10 16:00:00+02:00,32,57.363
2023-01-10 17:00:00+02:00,32,61.050
2023-01-10 18:00:00+02:00,32,63.296
2023-01-10 19:00:00+02:00,32,66.928
2023-01-10 20:00:00+02:00,32,70.044
2023-01-10 21:00:00+02:00,32,74.528
2023-01-10 22:00:00+02:00,32,78.918
2023-01-10 23:00:00+02:00,32,86.908
2023-01-11 00:00:00+02:00,32,93.520
2023-01-11 01:00:00+02:00,32,101.121
2023-01-11 02:00:00+02:00,32,101.551
2023-01-11 03:00:00+02:00,32,98.471
2023-01-11 04:00:00+02:00,32,93.862
2023-01-11 05:00:00+02:00,32,86.665
2023-01-11 06:00:00+02:00,32,79.353
2023-01-11 07:00:00+02:00,32,73.164
2023-01-11 08:00:00+02:00,32,67.359
2023-01-11 09:00:00+02:00,32,61.333
2023-01-11 10:00:00+02:00,32,56.284
2023-01-11 11:00:00+02:00,32,54.593
2023-01-11 12:00:00+02:00,32,53.880
2023-01-11 13:00:00+02:00,32,54.400
2023-01-11 14:00:00+02:00,32,56.311
2023-01-11 15:00:00+02:00,32,58.552
2023-01-11 16:00:00+02:00,32,62.285
2023-01-11 17:00:00+02:00,32,69.847
2023-01-11 18:00:00+02:00,32,74.251
2023-01-11 19:00:00+02:00,32,74.601
2023-01-11 20:00:00+02:00,32,73.900
2023-01-11 21:00:00+02:00,32,74.019
2023-01-11 22:00:00+02:00,32,75.311
2023-01-11 23:00:00+02:00,32,77.929
2023-01-12 00:00:00+02:00,32,80.483
2023-01-12 01:00:00+02:00,32,82.038
2023-01-12 02:00:00+02:00,32,78.596
2023-01-12 03:00:00+02:00,32,66.134
2023-01-12 04:00:00+02:00,32,50.826
2023-01-12 05:00:00+02:00,32,39.286
2023-01-12 06:00:00+02:00,32,29.576
2023-01-12 07:00:00+02:00,32,24.427
2023-01-12 08:00:00+02:00,32,22.668
2023-01-12 09:00:00+02:00,32,22.865
2023-01-12 10:00:00+02:00,32,23.899
2023-01-12 11:00:00+02:00,32,26.481
2023-01-12 12:00:00+02:00,32,31.279
2023-01-12 13:00:00+02:00,32,36.818
2023-01-12 14:00:00+02:00,32,45.243
2023-01-12 15:00:00+02:00,32,53.499
2023-01-12 16:00:00+02:00,32,59.595
2023-01-12 17:00:00+02:00,32,61.489
2023-01-12 18:00:00+02:00,32,62.308
2023-01-12 19:00:00+02:00,32,64.547
2023-01-12 20:00:00+02:00,32,67.555
2023-01-12 21:00:00+02:00,32,72.174
2023-01-12 22:00:00+02:00,32,77.657
2023-01-12 23:00:00+02:00,32,84.420
2023-01-13 00:00:00+02:00,32,92.429
2023-01-13 01:00:00+02:00,32,97.053
2023-01-13 02:00:00+02:00,32,94.887
2023-01-13 03:00:00+02:00,32,79.760
2023-01-13 04:00:00+02:00,32,59.134
2023-01-13 05:00:00+02:00,32,45.105
2023-01-13 06:00:00+02:00,32,34.207
2023-01-13 07:00:00+02:00,32,27.578
2023-01-13 08:00:00+02:00,32,24.792
2023-01-13 09:00:00+02:00,32,25.039
2023-01-13 10:00:00+02:00,32,25.957
2023-01-13 11:00:00+02:00,32,27.201
2023-01-13 12:00:00+02:00,32,30.261
2023-01-13 13:00:00+02:00,32,37.195
2023-01-13 14:00:00+02:00,32,45.539
2023-01-13 15:00:00+02:00,32,52.139
2023-01-13 16:00:00+02:00,32,56.174
2023-01-13 17:00:00+02:00,32,60.581
2023-01-13 18:00:00+02:00,32,63.684
2023-01-13 19:00:00+02:00,32,66.828
2023-01-13 20:00:00+02:00,32,71.856
2023-01-13 21:00:00+02:00,32,79.774
2023-01-13 22:00:00+02:00,32,85.112
2023-01-13 23:00:00+02:00,32,89.784
2023-01-14 00:00:00+02:00,32,94.775
2023-01-14 01:00:00+02:00,32,95.260
2023-01-14 02:00:00+02:00,32,87.639
2023-01-14 03:00:00+02:00,32,80.125
2023-01-14 04:00:00+02:00,32,74.371
2023-01-14 05:00:00+02:00,32,69.232
2023-01-14 06:00:00+02:00,32,64.582
2023-01-14 07:00:00+02:00,32,61.385
2023-01-14 08:00:00+02:00,32,59.659
2023-01-14 09:00:00+02:00,32,58.486
2023-01-14 10:00:00+02:00,32,60.207
2023-01-14 11:00:00+02:00,32,63.510
2023-01-14 12:00:00+02:00,32,64.827
2023-01-14 13:00:00+02:00,32,68.659
2023-01-14 14:00:00+02:00,32,74.537
2023-01-14 15:00:00+02:00,32,79.680
2023-01-14 16:00:00+02:00,32,83.241
2023-01-14 17:00:00+02:00,32,87.159
2023-01-14 18:00:00+02:00,32,85.209
2023-01-14 19:00:00+02:00,32,79.488
2023-01-14 20:00:00+02:00,32,75.156
2023-01-14 21:00:00+02:00,32,72.610
2023-01-14 22:00:00+02:00,32,70.771
2023-01-14 23:00:00+02:00,32,69.931
2023-01-15 00:00:00+02:00,32,68.044
2023-01-15 01:00:00+02:00,32,67.323
2023-01-15 02:00:00+02:00,32,68.120
2023-01-15 03:00:00+02:00,32,67.947
2023-01-15 04:00:00+02:00,32,64.728
2023-01-15 05:00:00+02:00,32,59.661
2023-01-15 06:00:00+02:00,32,60.569
2023-01-15 07:00:00+02:00,32,83.560
2023-01-15 08:00:00+02:00,32,114.785
2023-01-15 09:00:00+02:00,32,132.391
2023-01-15 10:00:00+02:00,32,145.657
2023-01-15 11:00:00+02:00,32,152.459
2023-01-15 12:00:00+02:00,32,151.070
2023-01-15 13:00:00+02:00,32,143.370
2023-01-15 14:00:00+02:00,32,133.739
2023-01-15 15:00:00+02:00,32,127.476
2023-01-15 16:00:00+02:00,32,125.612
2023-01-15 17:00:00+02:00,32,121.332
2023-01-15 18:00:00+02:00,32,112.998
2023-01-15 19:00:00+02:00,32,103.961
2023-01-15 20:00:00+02:00,32,95.075
2023-01-15 21:00:00+02:00,32,86.115
2023-01-15 22:00:00+02:00,32,80.157
2023-01-15 23:00:00+02:00,32,75.727
2023-01-16 00:00:00+02:00,32,72.735
2023-01-16 01:00:00+02:00,32,70.361
2023-01-16 02:00:00+02:00,32,67.873
2023-01-16 03:00:00+02:00,32,66.778
2023-01-16 04:00:00+02:00,32,66.287
2023-01-16 05:00:00+02:00,32,64.979
2023-01-16 06:00:00+02:00,32,65.054
2023-01-16 07:00:00+02:00,32,71.039
2023-01-16 08:00:00+02:00,32,76.103
2023-01-16 09:00:00+02:00,32,76.977
2023-01-16 10:00:00+02:00,32,77.401
2023-01-16 11:00:00+02:00,32,77.424
2023-01-16 12:00:00+02:00,32,78.730
2023-01-16 13:00:00+02:00,32,81.169
2023-01-16 14:00:00+02:00,32,83.169
2023-01-16 15:00:00+02:00,32,83.381
2023-01-16 16:00:00+02:00,32,82.978
2023-01-16 17:00:00+02:00,32,82.708
2023-01-16 18:00:00+02:00,32,80.505
2023-01-16 19:00:00+02:00,32,77.101
2023-01-16 20:00:00+02:00,32,74.464
2023-01-16 21:00:00+02:00,32,73.687
2023-01-16 22:00:00+02:00,32,73.887
2023-01-16 23:00:00+02:00,32,74.010
2023-01-17 00:00:00+02:00,32,75.545
2023-01-17 01:00:00+02:00,32,77.140
2023-01-17 02:00:00+02:00,32,73.920
2023-01-17 03:00:00+02:00,32,65.476
2023-01-17 04:00:00+02:00,32,53.990
2023-01-17 05:00:00+02:00,32,46.841
2023-01-17 06:00:00+02:00,32,39.182
2023-01-17 07:00:00+02:00,32,33.231
2023-01-17 08:00:00+02:00,32,29.896
2023-01-17 09:00:00+02:00,32,29.256
2023-01-17 10:00:00+02:00,32,30.623
2023-01-17 11:00:00+02:00,32,32.720
2023-01-17 12:00:00+02:00,32,34.866
2023-01-17 13:00:00+02:00,32,39.268
2023-01-17 14:00:00+02:00,32,46.825
2023-01-17 15:00:00+02:00,32,52.456
2023-01-17 16:00:00+02:00,32,55.890
2023-01-17 17:00:00+02:00,32,57.914
2023-01-17 18:00:00+02:00,32,60.772
2023-01-17 19:00:00+02:00,32,64.045
2023-01-17 20:00:00+02:00,32,67.970
2023-01-17 21:00:00+02:00,32,74.738
2023-01-17 22:00:00+02:00,32,82.659
2023-01-17 23:00:00+02:00,32,88.619
2023-01-18 00:00:00+02:00,32,93.313
2023-01-18 01:00:00+02:00,32,95.913
2023-01-18 02:00:00+02:00,32,92.980
2023-01-18 03:00:00+02:00,32,80.349
2023-01-18 04:00:00+02:00,32,68.018
2023-01-18 05:00:00+02:00,32,58.651
2023-01-18 06:00:00+02:00,32,48.517
2023-01-18 07:00:00+02:00,32,39.187
2023-01-18 08:00:00+02:00,32,33.757
2023-01-18 09:00:00+02:00,32,31.737
2023-01-18 10:00:00+02:00,32,31.811
2023-01-18 11:00:00+02:00,32,33.794
2023-01-18 12:00:00+02:00,32,37.059
2023-01-18 13:00:00+02:00,32,40.516
2023-01-18 14:00:00+02:00,32,43.735
2023-01-18 15:00:00+02:00,32,47.730
2023-01-18 16:00:00+02:00,32,52.664
2023-01-18 17:00:00+02:00,32,57.820
2023-01-18 18:00:00+02:00,32,62.397
2023-01-18 19:00:00+02:00,32,67.894
2023-01-18 20:00:00+02:00,32,72.909
2023-01-18 21:00:00+02:00,32,79.229
2023-01-18 22:00:00+02:00,32,84.023
2023-01-18 23:00:00+02:00,32,88.771
2023-01-19 00:00:00+02:00,32,94.108
2023-01-19 01:00:00+02:00,32,101.183
2023-01-19 02:00:00+02:00,32,99.018
2023-01-19 03:00:00+02:00,32,90.891
2023-01-19 04:00:00+02:00,32,86.192
2023-01-19 05:00:00+02:00,32,83.240
2023-01-19 06:00:00+02:00,32,80.102
2023-01-19 07:00:00+02:00,32,79.688
2023-01-19 08:00:00+02:00,32,84.509
2023-01-19 09:00:00+02:00,32,89.392
2023-01-19 10:00:00+02:00,32,93.307
2023-01-19 11:00:00+02:00,32,91.542
2023-01-19 12:00:00+02:00,32,85.723
2023-01-19 13:00:00+02:00,32,78.677
2023-01-19 14:00:00+02:00,32,73.463
2023-01-19 15:00:00+02:00,32,70.082
2023-01-19 16:00:00+02:00,32,68.646
2023-01-19 17:00:00+02:00,32,67.304
2023-01-19 18:00:00+02:00,32,66.162
2023-01-19 19:00:00+02:00,32,65.131
2023-01-19 20:00:00+02:00,32,64.056
2023-01-19 21:00:00+02:00,32,63.368
2023-01-19 22:00:00+02:00,32,62.796
2023-01-19 23:00:00+02:00,32,62.100
2023-01-20 00:00:00+02:00,32,60.954
2023-01-20 01:00:00+02:00,32,59.765
2023-01-20 02:00:00+02:00,32,58.581
2023-01-20 03:00:00+02:00,32,57.459
2023-01-20 04:00:00+02:00,32,56.604
2023-01-20 05:00:00+02:00,32,55.773
2023-01-20 06:00:00+02:00,32,55.213
2023-01-20 06:00:00+02:00,32,55.088
2023-01-20 07:00:00+02:00,32,54.508
2023-01-20 08:00:00+02:00,32,53.714
2023-01-20 09:00:00+02:00,32,53.788
2023-01-20 10:00:00+02:00,32,53.867
2023-01-20 11:00:00+02:00,32,54.000
2023-01-20 12:00:00+02:00,32,53.913
2023-01-20 13:00:00+02:00,32,54.866
2023-01-20 14:00:00+02:00,32,59.129
2023-01-20 15:00:00+02:00,32,75.389
2023-01-20 16:00:00+02:00,32,106.199
2023-01-20 17:00:00+02:00,32,152.243
2023-01-20 18:00:00+02:00,32,190.072
2023-01-20 19:00:00+02:00,32,224.214
2023-01-20 20:00:00+02:00,32,236.732
2023-01-20 21:00:00+02:00,32,264.675
2023-01-20 22:00:00+02:00,32,260.674
2023-01-20 23:00:00+02:00,32,237.513
2023-01-21 00:00:00+02:00,32,206.956
2023-01-21 01:00:00+02:00,32,196.797
2023-01-21 02:00:00+02:00,32,191.350
2023-01-21 03:00:00+02:00,32,186.981
2023-01-21 04:00:00+02:00,32,183.667
2023-01-21 05:00:00+02:00,32,189.456
2023-01-21 06:00:00+02:00,32,203.171
2023-01-21 07:00:00+02:00,32,212.585
2023-01-21 08:00:00+02:00,32,215.507
2023-01-21 09:00:00+02:00,32,234.060
2023-01-21 10:00:00+02:00,32,243.198
2023-01-21 11:00:00+02:00,32,255.523
2023-01-21 12:00:00+02:00,32,262.833
2023-01-21 13:00:00+02:00,32,278.953
2023-01-21 14:00:00+02:00,32,315.386
2023-01-21 15:00:00+02:00,32,401.381
2023-01-21 16:00:00+02:00,32,522.971
2023-01-21 17:00:00+02:00,32,682.896
2023-01-21 18:00:00+02:00,32,807.914
2023-01-21 19:00:00+02:00,32,918.500
2023-01-21 20:00:00+02:00,32,956.370
2023-01-21 21:00:00+02:00,32,1044.519
2023-01-21 22:00:00+02:00,32,1027.738
2023-01-21 23:00:00+02:00,32,944.703
2023-01-22 00:00:00+02:00,32,813.910
2023-01-22 01:00:00+02:00,32,750.627
2023-01-22 02:00:00+02:00,32,713.929
2023-01-22 03:00:00+02:00,32,659.651
2023-01-22 04:00:00+02:00,32,629.124
2023-01-22 05:00:00+02:00,32,662.966
2022-12-30 06:00:00+02:00,33,1049.363
2022-12-30 07:00:00+02:00,33,1007.148
2022-12-30 08:00:00+02:00,33,955.091
2022-12-30 09:00:00+02:00,33,908.145
2022-12-30 10:00:00+02:00,33,846.784
2022-12-30 11:00:00+02:00,33,790.473
2022-12-30 12:00:00+02:00,33,734.148
2022-12-30 13:00:00+02:00,33,686.017
2022-12-30 14:00:00+02:00,33,642.145
2022-12-30 15:00:00+02:00,33,610.328
2022-12-30 16:00:00+02:00,33,584.019
2022-12-30 17:00:00+02:00,33,561.647
2022-12-30 18:00:00+02:00,33,542.294
2022-12-30 19:00:00+02:00,33,528.248
2022-12-30 20:00:00+02:00,33,514.168
2022-12-30 21:00:00+02:00,33,499.787
2022-12-30 22:00:00+02:00,33,486.880
2022-12-30 23:00:00+02:00,33,473.846
2022-12-31 00:00:00+02:00,33,462.076
2022-12-31 01:00:00+02:00,33,450.716
2022-12-31 02:00:00+02:00,33,439.962
2022-12-31 03:00:00+02:00,33,428.715
2022-12-31 04:00:00+02:00,33,417.785
2022-12-31 05:00:00+02:00,33,407.113
2022-12-31 06:00:00+02:00,33,396.106
2022-12-31 07:00:00+02:00,33,385.161
2022-12-31 08:00:00+02:00,33,374.495
2022-12-31 09:00:00+02:00,33,362.013
2022-12-31 10:00:00+02:00,33,349.953
2022-12-31 11:00:00+02:00,33,340.533
2022-12-31 12:00:00+02:00,33,333.539
2022-12-31 13:00:00+02:00,33,328.521
2022-12-31 14:00:00+02:00,33,330.740
2022-12-31 15:00:00+02:00,33,333.555
2022-12-31 16:00:00+02:00,33,335.278
2022-12-31 17:00:00+02:00,33,336.535
2022-12-31 18:00:00+02:00,33,333.986
2022-12-31 19:00:00+02:00,33,328.771
2022-12-31 20:00:00+02:00,33,321.953
2022-12-31 21:00:00+02:00,33,314.806
2022-12-31 22:00:00+02:00,33,308.056
2022-12-31 23:00:00+02:00,33,302.031
2023-01-01 00:00:00+02:00,33,295.367
2023-01-01 01:00:00+02:00,33,284.597
2023-01-01 02:00:00+02:00,33,274.053
2023-01-01 03:00:00+02:00,33,268.472
2023-01-01 04:00:00+02:00,33,263.125
2023-01-01 05:00:00+02:00,33,257.916
2023-01-01 06:00:00+02:00,33,252.415
2023-01-01 07:00:00+02:00,33,236.804
2023-01-01 08:00:00+02:00,33,216.341
2023-01-01 09:00:00+02:00,33,192.411
2023-01-01 10:00:00+02:00,33,173.850
2023-01-01 11:00:00+02:00,33,157.603
2023-01-01 12:00:00+02:00,33,142.981
2023-01-01 13:00:00+02:00,33,131.138
2023-01-01 14:00:00+02:00,33,122.555
2023-01-01 15:00:00+02:00,33,116.580
2023-01-01 16:00:00+02:00,33,113.119
2023-01-01 17:00:00+02:00,33,111.410
2023-01-01 18:00:00+02:00,33,110.809
2023-01-01 19:00:00+02:00,33,111.496
2023-01-01 20:00:00+02:00,33,112.858
2023-01-01 21:00:00+02:00,33,114.314
2023-01-01 22:00:00+02:00,33,118.101
2023-01-01 23:00:00+02:00,33,123.727
2023-01-02 00:00:00+02:00,33,130.219
2023-01-02 01:00:00+02:00,33,130.726
2023-01-02 02:00:00+02:00,33,122.738
2023-01-02 03:00:00+02:00,33,107.768
2023-01-02 04:00:00+02:00,33,91.556
2023-01-02 05:00:00+02:00,33,76.436
2023-01-02 06:00:00+02:00,33,64.964
2023-01-02 07:00:00+02:00,33,55.333
2023-01-02 08:00:00+02:00,33,48.071
2023-01-02 09:00:00+02:00,33,44.292
2023-01-02 10:00:00+02:00,33,43.218
2023-01-02 11:00:00+02:00,33,44.521
2023-01-02 12:00:00+02:00,33,47.190
2023-01-02 13:00:00+02:00,33,50.249
2023-01-02 14:00:00+02:00,33,54.256
2023-01-02 15:00:00+02:00,33,60.293
2023-01-02 16:00:00+02:00,33,67.898
2023-01-02 17:00:00+02:00,33,78.513
2023-01-02 18:00:00+02:00,33,90.081
2023-01-02 19:00:00+02:00,33,98.781
2023-01-02 20:00:00+02:00,33,109.791
2023-01-02 21:00:00+02:00,33,124.266
2023-01-02 22:00:00+02:00,33,135.464
2023-01-02 23:00:00+02:00,33,146.160
2023-01-03 00:00:00+02:00,33,152.624
2023-01-03 01:00:00+02:00,33,157.842
2023-01-03 02:00:00+02:00,33,152.406
2023-01-03 03:00:00+02:00,33,131.770
2023-01-03 04:00:00+02:00,33,108.779
2023-01-03 05:00:00+02:00,33,89.930
2023-01-03 06:00:00+02:00,33,71.977
2023-01-03 07:00:00+02:00,33,56.446
2023-01-03 08:00:00+02:00,33,45.185
2023-01-03 09:00:00+02:00,33,40.017
2023-01-03 10:00:00+02:00,33,38.613
2023-01-03 11:00:00+02:00,33,40.303
2023-01-03 12:00:00+02:00,33,42.908
2023-01-03 13:00:00+02:00,33,44.998
2023-01-03 14:00:00+02:00,33,50.202
2023-01-03 15:00:00+02:00,33,59.378
2023-01-03 16:00:00+02:00,33,65.594
2023-01-03 17:00:00+02:00,33,71.035
2023-01-03 18:00:00+02:00,33,74.350
2023-01-03 19:00:00+02:00,33,77.954
2023-01-03 20:00:00+02:00,33,93.159
2023-01-03 21:00:00+02:00,33,105.010
2023-01-03 22:00:00+02:00,33,106.669
2023-01-03 23:00:00+02:00,33,110.109
2023-01-04 00:00:00+02:00,33,113.608
2023-01-04 01:00:00+02:00,33,117.521
2023-01-04 02:00:00+02:00,33,116.801
2023-01-04 03:00:00+02:00,33,101.315
2023-01-04 04:00:00+02:00,33,84.170
2023-01-04 05:00:00+02:00,33,66.598
2023-01-04 06:00:00+02:00,33,55.545
2023-01-04 07:00:00+02:00,33,46.192
2023-01-04 08:00:00+02:00,33,41.684
2023-01-04 09:00:00+02:00,33,40.122
2023-01-04 10:00:00+02:00,33,40.935
2023-01-04 11:00:00+02:00,33,43.381
2023-01-04 12:00:00+02:00,33,47.461
2023-01-04 13:00:00+02:00,33,50.805
2023-01-04 14:00:00+02:00,33,57.737
2023-01-04 15:00:00+02:00,33,62.737
2023-01-04 16:00:00+02:00,33,54.160
2023-01-04 17:00:00+02:00,33,47.819
2023-01-04 18:00:00+02:00,33,46.164
2023-01-04 19:00:00+02:00,33,47.318
2023-01-04 20:00:00+02:00,33,49.686
2023-01-04 21:00:00+02:00,33,53.893
2023-01-04 22:00:00+02:00,33,60.411
2023-01-04 23:00:00+02:00,33,66.878
2023-01-05 00:00:00+02:00,33,78.738
2023-01-05 01:00:00+02:00,33,91.160
2023-01-05 02:00:00+02:00,33,103.558
2023-01-05 03:00:00+02:00,33,113.614
2023-01-05 04:00:00+02:00,33,122.876
2023-01-05 05:00:00+02:00,33,131.551
2023-01-05 06:00:00+02:00,33,134.013
2023-01-05 07:00:00+02:00,33,140.196
2023-01-05 08:00:00+02:00,33,143.516
2023-01-05 09:00:00+02:00,33,143.231
2023-01-05 10:00:00+02:00,33,145.099
2023-01-05 11:00:00+02:00,33,149.107
2023-01-05 12:00:00+02:00,33,152.307
2023-01-05 13:00:00+02:00,33,153.897
2023-01-05 14:00:00+02:00,33,155.824
2023-01-05 15:00:00+02:00,33,157.745
2023-01-05 16:00:00+02:00,33,159.139
2023-01-05 17:00:00+02:00,33,159.937
2023-01-05 18:00:00+02:00,33,160.227
2023-01-05 19:00:00+02:00,33,158.809
2023-01-05 20:00:00+02:00,33,157.083
2023-01-05 21:00:00+02:00,33,156.652
2023-01-05 22:00:00+02:00,33,157.348
2023-01-05 23:00:00+02:00,33,161.978
2023-01-06 00:00:00+02:00,33,173.455
2023-01-06 01:00:00+02:00,33,211.146
2023-01-06 02:00:00+02:00,33,295.041
2023-01-06 03:00:00+02:00,33,455.871
2023-01-06 04:00:00+02:00,33,731.365
2023-01-06 05:00:00+02:00,33,1147.691
2023-01-06 06:00:00+02:00,33,1683.020
2023-01-06 07:00:00+02:00,33,2255.660
2023-01-06 08:00:00+02:00,33,2757.455
2023-01-06 09:00:00+02:00,33,3105.037
2023-01-06 10:00:00+02:00,33,3269.746
2023-01-06 11:00:00+02:00,33,3273.401
2023-01-06 12:00:00+02:00,33,3164.214
2023-01-06 13:00:00+02:00,33,2992.755
2023-01-06 14:00:00+02:00,33,2798.274
2023-01-06 15:00:00+02:00,33,2605.532
2023-01-06 16:00:00+02:00,33,2466.657
2023-01-06 17:00:00+02:00,33,2340.637
2023-01-06 18:00:00+02:00,33,2210.110
2023-01-06 19:00:00+02:00,33,2106.045
2023-01-06 20:00:00+02:00,33,2013.778
2023-01-06 21:00:00+02:00,33,1951.015
2023-01-06 22:00:00+02:00,33,1903.195
2023-01-06 23:00:00+02:00,33,1862.433
2023-01-07 00:00:00+02:00,33,1826.233
2023-01-07 01:00:00+02:00,33,1796.152
2023-01-07 02:00:00+02:00,33,1771.086
2023-01-07 03:00:00+02:00,33,1745.179
2023-01-07 04:00:00+02:00,33,1731.707
2023-01-07 05:00:00+02:00,33,1732.511
2023-01-07 06:00:00+02:00,33,1739.451
2023-01-07 07:00:00+02:00,33,1740.916
2023-01-07 08:00:00+02:00,33,1750.321
2023-01-07 09:00:00+02:00,33,1776.198
2023-01-07 10:00:00+02:00,33,1800.005
2023-01-07 11:00:00+02:00,33,1834.067
2023-01-07 12:00:00+02:00,33,1862.841
2023-01-07 13:00:00+02:00,33,1875.721
2023-01-07 14:00:00+02:00,33,1870.194
2023-01-07 15:00:00+02:00,33,1844.616
2023-01-07 16:00:00+02:00,33,1797.579
2023-01-07 17:00:00+02:00,33,1743.792
2023-01-07 18:00:00+02:00,33,1688.462
2023-01-07 19:00:00+02:00,33,1623.275
2023-01-07 20:00:00+02:00,33,1568.330
2023-01-07 21:00:00+02:00,33,1505.388
2023-01-07 22:00:00+02:00,33,1452.569
2023-01-07 23:00:00+02:00,33,1401.490
2023-01-08 00:00:00+02:00,33,1355.816
2023-01-08 01:00:00+02:00,33,1296.618
2023-01-08 02:00:00+02:00,33,1245.612
2023-01-08 03:00:00+02:00,33,1194.547
2023-01-08 04:00:00+02:00,33,1143.673
2023-01-08 05:00:00+02:00,33,1094.194
2023-01-08 06:00:00+02:00,33,1050.512
2023-01-08 07:00:00+02:00,33,1004.151
2023-01-08 08:00:00+02:00,33,949.680
2023-01-08 09:00:00+02:00,33,913.190
2023-01-08 10:00:00+02:00,33,877.332
2023-01-08 11:00:00+02:00,33,858.953
2023-01-08 12:00:00+02:00,33,872.444
2023-01-08 13:00:00+02:00,33,871.524
2023-01-08 14:00:00+02:00,33,860.464
2023-01-08 15:00:00+02:00,33,837.784
2023-01-08 16:00:00+02:00,33,791.746
2023-01-08 17:00:00+02:00,33,721.395
2023-01-08 18:00:00+02:00,33,632.090
2023-01-08 19:00:00+02:00,33,537.955
2023-01-08 20:00:00+02:00,33,435.605
2023-01-08 21:00:00+02:00,33,344.639
2023-01-08 22:00:00+02:00,33,255.114
2023-01-08 23:00:00+02:00,33,194.415
2023-01-09 00:00:00+02:00,33,159.113
2023-01-09 01:00:00+02:00,33,134.282
2023-01-09 02:00:00+02:00,33,106.090
2023-01-09 03:00:00+02:00,33,76.482
2023-01-09 04:00:00+02:00,33,52.514
2023-01-09 05:00:00+02:00,33,38.702
2023-01-09 06:00:00+02:00,33,31.360
2023-01-09 07:00:00+02:00,33,27.761
2023-01-09 08:00:00+02:00,33,27.588
2023-01-09 09:00:00+02:00,33,29.279
2023-01-09 10:00:00+02:00,33,32.670
2023-01-09 11:00:00+02:00,33,36.968
2023-01-09 12:00:00+02:00,33,41.903
2023-01-09 13:00:00+02:00,33,48.506
2023-01-09 14:00:00+02:00,33,54.941
2023-01-09 15:00:00+02:00,33,60.375
2023-01-09 16:00:00+02:00,33,65.938
2023-01-09 17:00:00+02:00,33,74.684
2023-01-09 18:00:00+02:00,33,80.893
2023-01-09 19:00:00+02:00,33,83.901
2023-01-09 20:00:00+02:00,33,86.481
2023-01-09 21:00:00+02:00,33,90.111
2023-01-09 22:00:00+02:00,33,95.233
2023-01-09 23:00:00+02:00,33,105.829
2023-01-10 00:00:00+02:00,33,111.807
2023-01-10 01:00:00+02:00,33,101.449
2023-01-10 02:00:00+02:00,33,81.728
2023-01-10 03:00:00+02:00,33,63.977
2023-01-10 04:00:00+02:00,33,50.926
2023-01-10 05:00:00+02:00,33,41.054
2023-01-10 06:00:00+02:00,33,34.887
2023-01-10 07:00:00+02:00,33,31.418
2023-01-10 08:00:00+02:00,33,30.928
2023-01-10 09:00:00+02:00,33,31.931
2023-01-10 10:00:00+02:00,33,33.314
2023-01-10 11:00:00+02:00,33,36.030
2023-01-10 12:00:00+02:00,33,39.844
2023-01-10 13:00:00+02:00,33,46.265
2023-01-10 14:00:00+02:00,33,53.177
2023-01-10 15:00:00+02:00,33,60.217
2023-01-10 16:00:00+02:00,33,63.906
2023-01-10 17:00:00+02:00,33,65.911
2023-01-10 18:00:00+02:00,33,68.285
2023-01-10 19:00:00+02:00,33,73.298
2023-01-10 20:00:00+02:00,33,77.396
2023-01-10 21:00:00+02:00,33,83.899
2023-01-10 22:00:00+02:00,33,90.116
2023-01-10 23:00:00+02:00,33,100.325
2023-01-11 00:00:00+02:00,33,107.089
2023-01-11 01:00:00+02:00,33,110.272
2023-01-11 02:00:00+02:00,33,100.421
2023-01-11 03:00:00+02:00,33,92.524
2023-01-11 04:00:00+02:00,33,83.485
2023-01-11 05:00:00+02:00,33,72.605
2023-01-11 06:00:00+02:00,33,64.278
2023-01-11 07:00:00+02:00,33,58.759
2023-01-11 08:00:00+02:00,33,54.923
2023-01-11 09:00:00+02:00,33,52.984
2023-01-11 10:00:00+02:00,33,54.132
2023-01-11 11:00:00+02:00,33,54.851
2023-01-11 12:00:00+02:00,33,55.348
2023-01-11 13:00:00+02:00,33,58.084
2023-01-11 14:00:00+02:00,33,61.853
2023-01-11 15:00:00+02:00,33,65.397
2023-01-11 16:00:00+02:00,33,70.870
2023-01-11 17:00:00+02:00,33,77.809
2023-01-11 18:00:00+02:00,33,77.700
2023-01-11 19:00:00+02:00,33,75.550
2023-01-11 20:00:00+02:00,33,74.991
2023-01-11 21:00:00+02:00,33,76.310
2023-01-11 22:00:00+02:00,33,78.837
2023-01-11 23:00:00+02:00,33,82.194
2023-01-12 00:00:00+02:00,33,85.155
2023-01-12 01:00:00+02:00,33,83.648
2023-01-12 02:00:00+02:00,33,71.962
2023-01-12 03:00:00+02:00,33,51.575
2023-01-12 04:00:00+02:00,33,35.569
2023-01-12 05:00:00+02:00,33,26.940
2023-01-12 06:00:00+02:00,33,22.171
2023-01-12 07:00:00+02:00,33,21.261
2023-01-12 08:00:00+02:00,33,22.646
2023-01-12 09:00:00+02:00,33,25.016
2023-01-12 10:00:00+02:00,33,28.055
2023-01-12 11:00:00+02:00,33,33.480
2023-01-12 12:00:00+02:00,33,41.000
2023-01-12 13:00:00+02:00,33,47.917
2023-01-12 14:00:00+02:00,33,56.549
2023-01-12 15:00:00+02:00,33,62.295
2023-01-12 16:00:00+02:00,33,64.309
2023-01-12 17:00:00+02:00,33,64.017
2023-01-12 18:00:00+02:00,33,65.408
2023-01-12 19:00:00+02:00,33,69.715
2023-01-12 20:00:00+02:00,33,74.469
2023-01-12 21:00:00+02:00,33,81.180
2023-01-12 22:00:00+02:00,33,88.164
2023-01-12 23:00:00+02:00,33,95.913
2023-01-13 00:00:00+02:00,33,103.245
2023-01-13 01:00:00+02:00,33,102.518
2023-01-13 02:00:00+02:00,33,88.750
2023-01-13 03:00:00+02:00,33,62.158
2023-01-13 04:00:00+02:00,33,40.443
2023-01-13 05:00:00+02:00,33,29.883
2023-01-13 06:00:00+02:00,33,24.216
2023-01-13 07:00:00+02:00,33,22.685
2023-01-13 08:00:00+02:00,33,23.849
2023-01-13 09:00:00+02:00,33,27.096
2023-01-13 10:00:00+02:00,33,29.148
2023-01-13 11:00:00+02:00,33,32.123
2023-01-13 12:00:00+02:00,33,38.359
2023-01-13 13:00:00+02:00,33,48.136
2023-01-13 14:00:00+02:00,33,55.656
2023-01-13 15:00:00+02:00,33,59.910
2023-01-13 16:00:00+02:00,33,62.787
2023-01-13 17:00:00+02:00,33,67.254
2023-01-13 18:00:00+02:00,33,70.813
2023-01-13 19:00:00+02:00,33,75.708
2023-01-13 20:00:00+02:00,33,83.616
2023-01-13 21:00:00+02:00,33,93.438
2023-01-13 22:00:00+02:00,33,99.038
2023-01-13 23:00:00+02:00,33,105.124
2023-01-14 00:00:00+02:00,33,112.920
2023-01-14 01:00:00+02:00,33,114.223
2023-01-14 02:00:00+02:00,33,104.375
2023-01-14 03:00:00+02:00,33,94.814
2023-01-14 04:00:00+02:00,33,87.602
2023-01-14 05:00:00+02:00,33,81.188
2023-01-14 06:00:00+02:00,33,75.365
2023-01-14 07:00:00+02:00,33,71.366
2023-01-14 08:00:00+02:00,33,69.285
2023-01-14 09:00:00+02:00,33,67.933
2023-01-14 10:00:00+02:00,33,72.900
2023-01-14 11:00:00+02:00,33,81.644
2023-01-14 12:00:00+02:00,33,85.096
2023-01-14 13:00:00+02:00,33,92.603
2023-01-14 14:00:00+02:00,33,102.177
2023-01-14 15:00:00+02:00,33,109.358
2023-01-14 16:00:00+02:00,33,113.969
2023-01-14 17:00:00+02:00,33,119.152
2023-01-14 18:00:00+02:00,33,116.469
2023-01-14 19:00:00+02:00,33,108.151
2023-01-14 20:00:00+02:00,33,101.868
2023-01-14 21:00:00+02:00,33,98.263
2023-01-14 22:00:00+02:00,33,95.719
2023-01-14 23:00:00+02:00,33,94.740
2023-01-15 00:00:00+02:00,33,92.110
2023-01-15 01:00:00+02:00,33,91.624
2023-01-15 02:00:00+02:00,33,95.690
2023-01-15 03:00:00+02:00,33,97.499
2023-01-15 04:00:00+02:00,33,92.243
2023-01-15 05:00:00+02:00,33,83.739
2023-01-15 06:00:00+02:00,33,88.213
2023-01-15 07:00:00+02:00,33,138.672
2023-01-15 08:00:00+02:00,33,171.661
2023-01-15 09:00:00+02:00,33,177.807
2023-01-15 10:00:00+02:00,33,174.616
2023-01-15 11:00:00+02:00,33,163.772
2023-01-15 12:00:00+02:00,33,146.833
2023-01-15 13:00:00+02:00,33,131.314
2023-01-15 14:00:00+02:00,33,119.253
2023-01-15 15:00:00+02:00,33,113.576
2023-01-15 16:00:00+02:00,33,114.822
2023-01-15 17:00:00+02:00,33,116.894
2023-01-15 18:00:00+02:00,33,115.158
2023-01-15 19:00:00+02:00,33,110.363
2023-01-15 20:00:00+02:00,33,104.054
2023-01-15 21:00:00+02:00,33,96.337
2023-01-15 22:00:00+02:00,33,90.230
2023-01-15 23:00:00+02:00,33,85.100
2023-01-16 00:00:00+02:00,33,81.341
2023-01-16 01:00:00+02:00,33,78.208
2023-01-16 02:00:00+02:00,33,74.049
2023-01-16 03:00:00+02:00,33,70.197
2023-01-16 04:00:00+02:00,33,68.143
2023-01-16 05:00:00+02:00,33,66.940
2023-01-16 06:00:00+02:00,33,71.599
2023-01-16 07:00:00+02:00,33,84.071
2023-01-16 08:00:00+02:00,33,86.710
2023-01-16 09:00:00+02:00,33,85.299
2023-01-16 10:00:00+02:00,33,83.843
2023-01-16 11:00:00+02:00,33,83.018
2023-01-16 12:00:00+02:00,33,84.809
2023-01-16 13:00:00+02:00,33,87.295
2023-01-16 14:00:00+02:00,33,87.269
2023-01-16 15:00:00+02:00,33,85.635
2023-01-16 16:00:00+02:00,33,84.687
2023-01-16 17:00:00+02:00,33,83.350
2023-01-16 18:00:00+02:00,33,79.077
2023-01-16 19:00:00+02:00,33,75.445
2023-01-16 20:00:00+02:00,33,74.194
2023-01-16 21:00:00+02:00,33,75.020
2023-01-16 22:00:00+02:00,33,75.326
2023-01-16 23:00:00+02:00,33,76.136
2023-01-17 00:00:00+02:00,33,79.686
2023-01-17 01:00:00+02:00,33,78.750
2023-01-17 02:00:00+02:00,33,67.659
2023-01-17 03:00:00+02:00,33,53.169
2023-01-17 04:00:00+02:00,33,39.913
2023-01-17 05:00:00+02:00,33,33.796
2023-01-17 06:00:00+02:00,33,29.218
2023-01-17 07:00:00+02:00,33,27.604
2023-01-17 08:00:00+02:00,33,28.587
2023-01-17 09:00:00+02:00,33,30.412
2023-01-17 10:00:00+02:00,33,34.089
2023-01-17 11:00:00+02:00,33,37.398
2023-01-17 12:00:00+02:00,33,40.863
2023-01-17 13:00:00+02:00,33,47.529
2023-01-17 14:00:00+02:00,33,55.151
2023-01-17 15:00:00+02:00,33,58.286
2023-01-17 16:00:00+02:00,33,60.048
2023-01-17 17:00:00+02:00,33,62.121
2023-01-17 18:00:00+02:00,33,66.395
2023-01-17 19:00:00+02:00,33,71.153
2023-01-17 20:00:00+02:00,33,77.045
2023-01-17 21:00:00+02:00,33,85.817
2023-01-17 22:00:00+02:00,33,93.007
2023-01-17 23:00:00+02:00,33,97.086
2023-01-18 00:00:00+02:00,33,100.707
2023-01-18 01:00:00+02:00,33,99.319
2023-01-18 02:00:00+02:00,33,86.583
2023-01-18 03:00:00+02:00,33,64.127
2023-01-18 04:00:00+02:00,33,49.846
2023-01-18 05:00:00+02:00,33,41.514
2023-01-18 06:00:00+02:00,33,34.823
2023-01-18 07:00:00+02:00,33,31.041
2023-01-18 08:00:00+02:00,33,30.237
2023-01-18 09:00:00+02:00,33,30.980
2023-01-18 10:00:00+02:00,33,34.189
2023-01-18 11:00:00+02:00,33,37.956
2023-01-18 12:00:00+02:00,33,42.121
2023-01-18 13:00:00+02:00,33,45.908
2023-01-18 14:00:00+02:00,33,49.729
2023-01-18 15:00:00+02:00,33,54.856
2023-01-18 16:00:00+02:00,33,60.641
2023-01-18 17:00:00+02:00,33,66.080
2023-01-18 18:00:00+02:00,33,71.018
2023-01-18 19:00:00+02:00,33,77.292
2023-01-18 20:00:00+02:00,33,82.839
2023-01-18 21:00:00+02:00,33,89.821
2023-01-18 22:00:00+02:00,33,94.942
2023-01-18 23:00:00+02:00,33,101.170
2023-01-19 00:00:00+02:00,33,108.894
2023-01-19 01:00:00+02:00,33,115.817
2023-01-19 02:00:00+02:00,33,113.342
2023-01-19 03:00:00+02:00,33,104.151
2023-01-19 04:00:00+02:00,33,98.778
2023-01-19 05:00:00+02:00,33,95.392
2023-01-19 06:00:00+02:00,33,91.788
2023-01-19 07:00:00+02:00,33,91.113
2023-01-19 08:00:00+02:00,33,97.334
2023-01-19 09:00:00+02:00,33,100.436
2023-01-19 10:00:00+02:00,33,97.308
2023-01-19 11:00:00+02:00,33,88.416
2023-01-19 12:00:00+02:00,33,78.952
2023-01-19 13:00:00+02:00,33,71.833
2023-01-19 14:00:00+02:00,33,68.552
2023-01-19 15:00:00+02:00,33,68.506
2023-01-19 16:00:00+02:00,33,70.409
2023-01-19 17:00:00+02:00,33,68.909
2023-01-19 18:00:00+02:00,33,67.352
2023-01-19 19:00:00+02:00,33,65.837
2023-01-19 20:00:00+02:00,33,64.422
2023-01-19 21:00:00+02:00,33,63.088
2023-01-19 22:00:00+02:00,33,61.985
2023-01-19 23:00:00+02:00,33,61.031
2023-01-20 00:00:00+02:00,33,64.558
2023-01-20 01:00:00+02:00,33,63.990
2023-01-20 02:00:00+02:00,33,62.475
2023-01-20 03:00:00+02:00,33,60.858
2023-01-20 04:00:00+02:00,33,58.601
2023-01-20 05:00:00+02:00,33,56.772
2023-01-20 06:00:00+02:00,33,55.288
2023-01-20 06:00:00+02:00,33,54.338
2023-01-20 07:00:00+02:00,33,53.412
2023-01-20 08:00:00+02:00,33,52.439
2023-01-20 09:00:00+02:00,33,51.871
2023-01-20 10:00:00+02:00,33,51.372
2023-01-20 11:00:00+02:00,33,50.936
2023-01-20 12:00:00+02:00,33,50.403
2023-01-20 13:00:00+02:00,33,50.381
2023-01-20 14:00:00+02:00,33,51.847
2023-01-20 15:00:00+02:00,33,58.890
2023-01-20 16:00:00+02:00,33,74.377
2023-01-20 17:00:00+02:00,33,100.539
2023-01-20 18:00:00+02:00,33,123.668
2023-01-20 19:00:00+02:00,33,145.548
2023-01-20 20:00:00+02:00,33,153.838
2023-01-20 21:00:00+02:00,33,172.797
2023-01-20 22:00:00+02:00,33,170.232
2023-01-20 23:00:00+02:00,33,160.886
2023-01-21 00:00:00+02:00,33,172.265
2023-01-21 01:00:00+02:00,33,181.538
2023-01-21 02:00:00+02:00,33,183.852
2023-01-21 03:00:00+02:00,33,190.008
2023-01-21 04:00:00+02:00,33,189.365
2023-01-21 05:00:00+02:00,33,185.316
2023-01-21 06:00:00+02:00,33,184.999
2023-01-21 07:00:00+02:00,33,185.936
2023-01-21 08:00:00+02:00,33,185.186
2023-01-21 09:00:00+02:00,33,192.969
2023-01-21 10:00:00+02:00,33,197.141
2023-01-21 11:00:00+02:00,33,204.044
2023-01-21 12:00:00+02:00,33,208.204
2023-01-21 13:00:00+02:00,33,218.631
2023-01-21 14:00:00+02:00,33,242.942
2023-01-21 15:00:00+02:00,33,299.397
2023-01-21 16:00:00+02:00,33,379.143
2023-01-21 17:00:00+02:00,33,484.881
2023-01-21 18:00:00+02:00,33,568.252
2023-01-21 19:00:00+02:00,33,643.239
2023-01-21 20:00:00+02:00,33,669.277
2023-01-21 21:00:00+02:00,33,731.473
2023-01-21 22:00:00+02:00,33,719.790
2023-01-21 23:00:00+02:00,33,667.917
2023-01-22 00:00:00+02:00,33,604.464
2023-01-22 01:00:00+02:00,33,571.961
2023-01-22 02:00:00+02:00,33,549.728
2023-01-22 03:00:00+02:00,33,515.315
2023-01-22 04:00:00+02:00,33,493.136
2023-01-22 05:00:00+02:00,33,511.984
2022-12-30 06:00:00+02:00,34,1042.106
2022-12-30 07:00:00+02:00,34,1019.258
2022-12-30 08:00:00+02:00,34,985.762
2022-12-30 09:00:00+02:00,34,949.819
2022-12-30 10:00:00+02:00,34,900.438
2022-12-30 11:00:00+02:00,34,850.188
2022-12-30 12:00:00+02:00,34,795.691
2022-12-30 13:00:00+02:00,34,745.106
2022-12-30 14:00:00+02:00,34,695.509
2022-12-30 15:00:00+02:00,34,657.272
2022-12-30 16:00:00+02:00,34,624.501
2022-12-30 17:00:00+02:00,34,596.088
2022-12-30 18:00:00+02:00,34,571.554
2022-12-30 19:00:00+02:00,34,555.064
2022-12-30 20:00:00+02:00,34,538.485
2022-12-30 21:00:00+02:00,34,521.477
2022-12-30 22:00:00+02:00,34,506.776
2022-12-30 23:00:00+02:00,34,491.970
2022-12-31 00:00:00+02:00,34,479.037
2022-12-31 01:00:00+02:00,34,466.734
2022-12-31 02:00:00+02:00,34,455.266
2022-12-31 03:00:00+02:00,34,443.279
2022-12-31 04:00:00+02:00,34,431.768
2022-12-31 05:00:00+02:00,34,420.630
2022-12-31 06:00:00+02:00,34,409.285
2022-12-31 07:00:00+02:00,34,398.141
2022-12-31 08:00:00+02:00,34,387.375
2022-12-31 09:00:00+02:00,34,375.125
2022-12-31 10:00:00+02:00,34,363.472
2022-12-31 11:00:00+02:00,34,354.165
2022-12-31 12:00:00+02:00,34,348.765
2022-12-31 13:00:00+02:00,34,357.259
2022-12-31 14:00:00+02:00,34,375.928
2022-12-31 15:00:00+02:00,34,377.747
2022-12-31 16:00:00+02:00,34,372.024
2022-12-31 17:00:00+02:00,34,360.214
2022-12-31 18:00:00+02:00,34,345.464
2022-12-31 19:00:00+02:00,34,331.230
2022-12-31 20:00:00+02:00,34,319.834
2022-12-31 21:00:00+02:00,34,312.571
2022-12-31 22:00:00+02:00,34,308.312
2022-12-31 23:00:00+02:00,34,302.601
2023-01-01 00:00:00+02:00,34,292.303
2023-01-01 01:00:00+02:00,34,262.945
2023-01-01 02:00:00+02:00,34,242.772
2023-01-01 03:00:00+02:00,34,238.208
2023-01-01 04:00:00+02:00,34,234.372
2023-01-01 05:00:00+02:00,34,230.822
2023-01-01 06:00:00+02:00,34,225.905
2023-01-01 07:00:00+02:00,34,207.336
2023-01-01 08:00:00+02:00,34,178.841
2023-01-01 09:00:00+02:00,34,150.154
2023-01-01 10:00:00+02:00,34,133.282
2023-01-01 11:00:00+02:00,34,122.606
2023-01-01 12:00:00+02:00,34,115.894
2023-01-01 13:00:00+02:00,34,112.363
2023-01-01 14:00:00+02:00,34,111.487
2023-01-01 15:00:00+02:00,34,112.142
2023-01-01 16:00:00+02:00,34,112.932
2023-01-01 17:00:00+02:00,34,113.602
2023-01-01 18:00:00+02:00,34,115.030
2023-01-01 19:00:00+02:00,34,117.210
2023-01-01 20:00:00+02:00,34,119.398
2023-01-01 21:00:00+02:00,34,123.838
2023-01-01 22:00:00+02:00,34,131.269
2023-01-01 23:00:00+02:00,34,138.211
2023-01-02 00:00:00+02:00,34,142.109
2023-01-02 01:00:00+02:00,34,129.274
2023-01-02 02:00:00+02:00,34,104.384
2023-01-02 03:00:00+02:00,34,80.026
2023-01-02 04:00:00+02:00,34,62.595
2023-01-02 05:00:00+02:00,34,51.075
2023-01-02 06:00:00+02:00,34,45.364
2023-01-02 07:00:00+02:00,34,42.913
2023-01-02 08:00:00+02:00,34,42.006
2023-01-02 09:00:00+02:00,34,42.222
2023-01-02 10:00:00+02:00,34,44.963
2023-01-02 11:00:00+02:00,34,50.462
2023-01-02 12:00:00+02:00,34,56.788
2023-01-02 13:00:00+02:00,34,64.115
2023-01-02 14:00:00+02:00,34,73.474
2023-01-02 15:00:00+02:00,34,85.359
2023-01-02 16:00:00+02:00,34,97.964
2023-01-02 17:00:00+02:00,34,111.906
2023-01-02 18:00:00+02:00,34,124.053
2023-01-02 19:00:00+02:00,34,133.870
2023-01-02 20:00:00+02:00,34,146.591
2023-01-02 21:00:00+02:00,34,158.419
2023-01-02 22:00:00+02:00,34,165.380
2023-01-02 23:00:00+02:00,34,171.110
2023-01-03 00:00:00+02:00,34,176.159
2023-01-03 01:00:00+02:00,34,167.092
2023-01-03 02:00:00+02:00,34,135.965
2023-01-03 03:00:00+02:00,34,97.515
2023-01-03 04:00:00+02:00,34,72.004
2023-01-03 05:00:00+02:00,34,57.404
2023-01-03 06:00:00+02:00,34,47.392
2023-01-03 07:00:00+02:00,34,40.936
2023-01-03 08:00:00+02:00,34,36.878
2023-01-03 09:00:00+02:00,34,36.806
2023-01-03 10:00:00+02:00,34,40.008
2023-01-03 11:00:00+02:00,34,44.275
2023-01-03 12:00:00+02:00,34,48.038
2023-01-03 13:00:00+02:00,34,53.617
2023-01-03 14:00:00+02:00,34,63.464
2023-01-03 15:00:00+02:00,34,71.515
2023-01-03 16:00:00+02:00,34,75.759
2023-01-03 17:00:00+02:00,34,80.692
2023-01-03 18:00:00+02:00,34,87.592
2023-01-03 19:00:00+02:00,34,97.985
2023-01-03 20:00:00+02:00,34,115.250
2023-01-03 21:00:00+02:00,34,113.333
2023-01-03 22:00:00+02:00,34,114.154
2023-01-03 23:00:00+02:00,34,121.333
2023-01-04 00:00:00+02:00,34,130.688
2023-01-04 01:00:00+02:00,34,130.353
2023-01-04 02:00:00+02:00,34,109.930
2023-01-04 03:00:00+02:00,34,76.552
2023-01-04 04:00:00+02:00,34,57.147
2023-01-04 05:00:00+02:00,34,43.702
2023-01-04 06:00:00+02:00,34,38.554
2023-01-04 07:00:00+02:00,34,36.619
2023-01-04 08:00:00+02:00,34,37.768
2023-01-04 09:00:00+02:00,34,41.284
2023-01-04 10:00:00+02:00,34,45.852
2023-01-04 11:00:00+02:00,34,51.747
2023-01-04 12:00:00+02:00,34,58.869
2023-01-04 13:00:00+02:00,34,65.657
2023-01-04 14:00:00+02:00,34,76.737
2023-01-04 15:00:00+02:00,34,84.957
2023-01-04 16:00:00+02:00,34,70.181
2023-01-04 17:00:00+02:00,34,56.791
2023-01-04 18:00:00+02:00,34,49.840
2023-01-04 19:00:00+02:00,34,47.333
2023-01-04 20:00:00+02:00,34,47.254
2023-01-04 21:00:00+02:00,34,49.167
2023-01-04 22:00:00+02:00,34,53.286
2023-01-04 23:00:00+02:00,34,57.732
2023-01-05 00:00:00+02:00,34,66.386
2023-01-05 01:00:00+02:00,34,75.989
2023-01-05 02:00:00+02:00,34,86.152
2023-01-05 03:00:00+02:00,34,94.913
2023-01-05 04:00:00+02:00,34,103.481
2023-01-05 05:00:00+02:00,34,112.010
2023-01-05 06:00:00+02:00,34,114.865
2023-01-05 07:00:00+02:00,34,121.554
2023-01-05 08:00:00+02:00,34,125.572
2023-01-05 09:00:00+02:00,34,125.848
2023-01-05 10:00:00+02:00,34,128.533
2023-01-05 11:00:00+02:00,34,133.759
2023-01-05 12:00:00+02:00,34,138.282
2023-01-05 13:00:00+02:00,34,141.009
2023-01-05 14:00:00+02:00,34,144.097
2023-01-05 15:00:00+02:00,34,147.007
2023-01-05 16:00:00+02:00,34,149.023
2023-01-05 17:00:00+02:00,34,150.090
2023-01-05 18:00:00+02:00,34,150.422
2023-01-05 19:00:00+02:00,34,149.061
2023-01-05 20:00:00+02:00,34,147.380
2023-01-05 21:00:00+02:00,34,146.768
2023-01-05 22:00:00+02:00,34,146.976
2023-01-05 23:00:00+02:00,34,149.892
2023-01-06 00:00:00+02:00,34,156.474
2023-01-06 01:00:00+02:00,34,176.439
2023-01-06 02:00:00+02:00,34,221.942
2023-01-06 03:00:00+02:00,34,315.762
2023-01-06 04:00:00+02:00,34,487.926
2023-01-06 05:00:00+02:00,34,770.353
2023-01-06 06:00:00+02:00,34,1175.638
2023-01-06 07:00:00+02:00,34,1673.363
2023-01-06 08:00:00+02:00,34,2190.309
2023-01-06 09:00:00+02:00,34,2639.397
2023-01-06 10:00:00+02:00,34,2955.769
2023-01-06 11:00:00+02:00,34,3116.320
2023-01-06 12:00:00+02:00,34,3136.371
2023-01-06 13:00:00+02:00,34,3052.921
2023-01-06 14:00:00+02:00,34,2907.135
2023-01-06 15:00:00+02:00,34,2733.283
2023-01-06 16:00:00+02:00,34,2594.505
2023-01-06 17:00:00+02:00,34,2462.696
2023-01-06 18:00:00+02:00,34,2319.605
2023-01-06 19:00:00+02:00,34,2199.919
2023-01-06 20:00:00+02:00,34,2085.859
2023-01-06 21:00:00+02:00,34,2004.722
2023-01-06 22:00:00+02:00,34,1942.838
2023-01-06 23:00:00+02:00,34,1892.749
2023-01-07 00:00:00+02:00,34,1844.033
2023-01-07 01:00:00+02:00,34,1801.137
2023-01-07 02:00:00+02:00,34,1764.389
2023-01-07 03:00:00+02:00,34,1731.010
2023-01-07 04:00:00+02:00,34,1705.317
2023-01-07 05:00:00+02:00,34,1691.553
2023-01-07 06:00:00+02:00,34,1685.975
2023-01-07 07:00:00+02:00,34,1679.253
2023-01-07 08:00:00+02:00,34,1680.601
2023-01-07 09:00:00+02:00,34,1698.059
2023-01-07 10:00:00+02:00,34,1716.551
2023-01-07 11:00:00+02:00,34,1747.625
2023-01-07 12:00:00+02:00,34,1778.567
2023-01-07 13:00:00+02:00,34,1800.060
2023-01-07 14:00:00+02:00,34,1809.592
2023-01-07 15:00:00+02:00,34,1805.394
2023-01-07 16:00:00+02:00,34,1785.009
2023-01-07 17:00:00+02:00,34,1749.560
2023-01-07 18:00:00+02:00,34,1709.285
2023-01-07 19:00:00+02:00,34,1662.500
2023-01-07 20:00:00+02:00,34,1617.914
2023-01-07 21:00:00+02:00,34,1567.910
2023-01-07 22:00:00+02:00,34,1522.448
2023-01-07 23:00:00+02:00,34,1477.585
2023-01-08 00:00:00+02:00,34,1435.865
2023-01-08 01:00:00+02:00,34,1384.674
2023-01-08 02:00:00+02:00,34,1338.419
2023-01-08 03:00:00+02:00,34,1291.505
2023-01-08 04:00:00+02:00,34,1244.300
2023-01-08 05:00:00+02:00,34,1197.572
2023-01-08 06:00:00+02:00,34,1155.065
2023-01-08 07:00:00+02:00,34,1110.130
2023-01-08 08:00:00+02:00,34,1057.576
2023-01-08 09:00:00+02:00,34,1020.839
2023-01-08 10:00:00+02:00,34,984.637
2023-01-08 11:00:00+02:00,34,965.228
2023-01-08 12:00:00+02:00,34,971.043
2023-01-08 13:00:00+02:00,34,928.215
2023-01-08 14:00:00+02:00,34,866.197
2023-01-08 15:00:00+02:00,34,791.739
2023-01-08 16:00:00+02:00,34,682.434
2023-01-08 17:00:00+02:00,34,568.001
2023-01-08 18:00:00+02:00,34,459.631
2023-01-08 19:00:00+02:00,34,370.175
2023-01-08 20:00:00+02:00,34,289.947
2023-01-08 21:00:00+02:00,34,229.548
2023-01-08 22:00:00+02:00,34,174.903
2023-01-08 23:00:00+02:00,34,142.153
2023-01-09 00:00:00+02:00,34,128.560
2023-01-09 01:00:00+02:00,34,102.795
2023-01-09 02:00:00+02:00,34,69.798
2023-01-09 03:00:00+02:00,34,44.276
2023-01-09 04:00:00+02:00,34,29.525
2023-01-09 05:00:00+02:00,34,24.250
2023-01-09 06:00:00+02:00,34,24.008
2023-01-09 07:00:00+02:00,34,26.384
2023-01-09 08:00:00+02:00,34,29.798
2023-01-09 09:00:00+02:00,34,34.278
2023-01-09 10:00:00+02:00,34,40.014
2023-01-09 11:00:00+02:00,34,46.170
2023-01-09 12:00:00+02:00,34,52.975
2023-01-09 13:00:00+02:00,34,60.233
2023-01-09 14:00:00+02:00,34,66.253
2023-01-09 15:00:00+02:00,34,72.388
2023-01-09 16:00:00+02:00,34,79.904
2023-01-09 17:00:00+02:00,34,86.795
2023-01-09 18:00:00+02:00,34,88.195
2023-01-09 19:00:00+02:00,34,89.572
2023-01-09 20:00:00+02:00,34,93.791
2023-01-09 21:00:00+02:00,34,101.082
2023-01-09 22:00:00+02:00,34,111.059
2023-01-09 23:00:00+02:00,34,119.573
2023-01-10 00:00:00+02:00,34,114.953
2023-01-10 01:00:00+02:00,34,81.320
2023-01-10 02:00:00+02:00,34,54.239
2023-01-10 03:00:00+02:00,34,38.460
2023-01-10 04:00:00+02:00,34,30.624
2023-01-10 05:00:00+02:00,34,27.302
2023-01-10 06:00:00+02:00,34,27.484
2023-01-10 07:00:00+02:00,34,29.843
2023-01-10 08:00:00+02:00,34,32.264
2023-01-10 09:00:00+02:00,34,34.057
2023-01-10 10:00:00+02:00,34,37.311
2023-01-10 11:00:00+02:00,34,42.848
2023-01-10 12:00:00+02:00,34,49.787
2023-01-10 13:00:00+02:00,34,57.919
2023-01-10 14:00:00+02:00,34,64.237
2023-01-10 15:00:00+02:00,34,67.507
2023-01-10 16:00:00+02:00,34,68.078
2023-01-10 17:00:00+02:00,34,69.955
2023-01-10 18:00:00+02:00,34,75.085
2023-01-10 19:00:00+02:00,34,81.087
2023-01-10 20:00:00+02:00,34,87.649
2023-01-10 21:00:00+02:00,34,96.681
2023-01-10 22:00:00+02:00,34,106.005
2023-01-10 23:00:00+02:00,34,115.392
2023-01-11 00:00:00+02:00,34,121.981
2023-01-11 01:00:00+02:00,34,105.767
2023-01-11 02:00:00+02:00,34,80.353
2023-01-11 03:00:00+02:00,34,69.308
2023-01-11 04:00:00+02:00,34,59.988
2023-01-11 05:00:00+02:00,34,51.800
2023-01-11 06:00:00+02:00,34,47.804
2023-01-11 07:00:00+02:00,34,47.261
2023-01-11 08:00:00+02:00,34,49.437
2023-01-11 09:00:00+02:00,34,54.155
2023-01-11 10:00:00+02:00,34,57.294
2023-01-11 11:00:00+02:00,34,57.368
2023-01-11 12:00:00+02:00,34,60.062
2023-01-11 13:00:00+02:00,34,65.444
2023-01-11 14:00:00+02:00,34,70.101
2023-01-11 15:00:00+02:00,34,75.489
2023-01-11 16:00:00+02:00,34,82.367
2023-01-11 17:00:00+02:00,34,82.396
2023-01-11 18:00:00+02:00,34,77.156
2023-01-11 19:00:00+02:00,34,75.528
2023-01-11 20:00:00+02:00,34,77.105
2023-01-11 21:00:00+02:00,34,80.006
2023-01-11 22:00:00+02:00,34,83.804
2023-01-11 23:00:00+02:00,34,86.771
2023-01-12 00:00:00+02:00,34,91.036
2023-01-12 01:00:00+02:00,34,75.649
2023-01-12 02:00:00+02:00,34,53.272
2023-01-12 03:00:00+02:00,34,31.894
2023-01-12 04:00:00+02:00,34,21.692
2023-01-12 05:00:00+02:00,34,19.128
2023-01-12 06:00:00+02:00,34,19.816
2023-01-12 07:00:00+02:00,34,22.294
2023-01-12 08:00:00+02:00,34,26.066
2023-01-12 09:00:00+02:00,34,31.017
2023-01-12 10:00:00+02:00,34,37.404
2023-01-12 11:00:00+02:00,34,46.181
2023-01-12 12:00:00+02:00,34,54.599
2023-01-12 13:00:00+02:00,34,61.482
2023-01-12 14:00:00+02:00,34,66.987
2023-01-12 15:00:00+02:00,34,67.880
2023-01-12 16:00:00+02:00,34,65.464
2023-01-12 17:00:00+02:00,34,65.850
2023-01-12 18:00:00+02:00,34,70.824
2023-01-12 19:00:00+02:00,34,77.429
2023-01-12 20:00:00+02:00,34,84.671
2023-01-12 21:00:00+02:00,34,93.172
2023-01-12 22:00:00+02:00,34,101.217
2023-01-12 23:00:00+02:00,34,108.643
2023-01-13 00:00:00+02:00,34,112.474
2023-01-13 01:00:00+02:00,34,94.753
2023-01-13 02:00:00+02:00,34,66.352
2023-01-13 03:00:00+02:00,34,37.775
2023-01-13 04:00:00+02:00,34,23.533
2023-01-13 05:00:00+02:00,34,19.961
2023-01-13 06:00:00+02:00,34,20.558
2023-01-13 07:00:00+02:00,34,23.338
2023-01-13 08:00:00+02:00,34,27.263
2023-01-13 09:00:00+02:00,34,31.065
2023-01-13 10:00:00+02:00,34,35.424
2023-01-13 11:00:00+02:00,34,42.571
2023-01-13 12:00:00+02:00,34,52.763
2023-01-13 13:00:00+02:00,34,60.913
2023-01-13 14:00:00+02:00,34,63.739
2023-01-13 15:00:00+02:00,34,65.468
2023-01-13 16:00:00+02:00,34,69.394
2023-01-13 17:00:00+02:00,34,74.310
2023-01-13 18:00:00+02:00,34,80.281
2023-01-13 19:00:00+02:00,34,89.598
2023-01-13 20:00:00+02:00,34,100.537
2023-01-13 21:00:00+02:00,34,108.480
2023-01-13 22:00:00+02:00,34,115.520
2023-01-13 23:00:00+02:00,34,126.875
2023-01-14 00:00:00+02:00,34,141.172
2023-01-14 01:00:00+02:00,34,142.378
2023-01-14 02:00:00+02:00,34,128.644
2023-01-14 03:00:00+02:00,34,115.587
2023-01-14 04:00:00+02:00,34,105.979
2023-01-14 05:00:00+02:00,34,97.565
2023-01-14 06:00:00+02:00,34,90.013
2023-01-14 07:00:00+02:00,34,84.892
2023-01-14 08:00:00+02:00,34,82.348
2023-01-14 09:00:00+02:00,34,81.673
2023-01-14 10:00:00+02:00,34,104.708
2023-01-14 11:00:00+02:00,34,119.784
2023-01-14 12:00:00+02:00,34,124.608
2023-01-14 13:00:00+02:00,34,134.454
2023-01-14 14:00:00+02:00,34,143.831
2023-01-14 15:00:00+02:00,34,150.168
2023-01-14 16:00:00+02:00,34,155.721
2023-01-14 17:00:00+02:00,34,163.985
2023-01-14 18:00:00+02:00,34,160.499
2023-01-14 19:00:00+02:00,34,149.074
2023-01-14 20:00:00+02:00,34,140.333
2023-01-14 21:00:00+02:00,34,135.390
2023-01-14 22:00:00+02:00,34,132.039
2023-01-14 23:00:00+02:00,34,140.810
2023-01-15 00:00:00+02:00,34,136.885
2023-01-15 01:00:00+02:00,34,149.485
2023-01-15 02:00:00+02:00,34,180.819
2023-01-15 03:00:00+02:00,34,192.506
2023-01-15 04:00:00+02:00,34,178.316
2023-01-15 05:00:00+02:00,34,154.833
2023-01-15 06:00:00+02:00,34,170.767
2023-01-15 07:00:00+02:00,34,226.987
2023-01-15 08:00:00+02:00,34,212.653
2023-01-15 09:00:00+02:00,34,190.163
2023-01-15 10:00:00+02:00,34,166.451
2023-01-15 11:00:00+02:00,34,143.492
2023-01-15 12:00:00+02:00,34,121.819
2023-01-15 13:00:00+02:00,34,108.761
2023-01-15 14:00:00+02:00,34,102.869
2023-01-15 15:00:00+02:00,34,103.648
2023-01-15 16:00:00+02:00,34,104.406
2023-01-15 17:00:00+02:00,34,107.927
2023-01-15 18:00:00+02:00,34,110.247
2023-01-15 19:00:00+02:00,34,109.524
2023-01-15 20:00:00+02:00,34,106.765
2023-01-15 21:00:00+02:00,34,102.124
2023-01-15 22:00:00+02:00,34,97.418
2023-01-15 23:00:00+02:00,34,92.918
2023-01-16 00:00:00+02:00,34,89.269
2023-01-16 01:00:00+02:00,34,86.042
2023-01-16 02:00:00+02:00,34,81.529
2023-01-16 03:00:00+02:00,34,76.559
2023-01-16 04:00:00+02:00,34,73.634
2023-01-16 05:00:00+02:00,34,74.770
2023-01-16 06:00:00+02:00,34,94.766
2023-01-16 07:00:00+02:00,34,98.698
2023-01-16 08:00:00+02:00,34,89.682
2023-01-16 09:00:00+02:00,34,86.057
2023-01-16 10:00:00+02:00,34,85.774
2023-01-16 11:00:00+02:00,34,88.155
2023-01-16 12:00:00+02:00,34,92.788
2023-01-16 13:00:00+02:00,34,92.125
2023-01-16 14:00:00+02:00,34,87.952
2023-01-16 15:00:00+02:00,34,86.156
2023-01-16 16:00:00+02:00,34,86.475
2023-01-16 17:00:00+02:00,34,81.648
2023-01-16 18:00:00+02:00,34,76.273
2023-01-16 19:00:00+02:00,34,74.375
2023-01-16 20:00:00+02:00,34,75.961
2023-01-16 21:00:00+02:00,34,77.045
2023-01-16 22:00:00+02:00,34,76.627
2023-01-16 23:00:00+02:00,34,79.996
2023-01-17 00:00:00+02:00,34,86.220
2023-01-17 01:00:00+02:00,34,71.252
2023-01-17 02:00:00+02:00,34,50.001
2023-01-17 03:00:00+02:00,34,34.517
2023-01-17 04:00:00+02:00,34,25.489
2023-01-17 05:00:00+02:00,34,23.766
2023-01-17 06:00:00+02:00,34,25.101
2023-01-17 07:00:00+02:00,34,28.145
2023-01-17 08:00:00+02:00,34,31.517
2023-01-17 09:00:00+02:00,34,35.170
2023-01-17 10:00:00+02:00,34,39.777
2023-01-17 11:00:00+02:00,34,44.309
2023-01-17 12:00:00+02:00,34,50.581
2023-01-17 13:00:00+02:00,34,58.715
2023-01-17 14:00:00+02:00,34,61.694
2023-01-17 15:00:00+02:00,34,61.824
2023-01-17 16:00:00+02:00,34,63.359
2023-01-17 17:00:00+02:00,34,67.813
2023-01-17 18:00:00+02:00,34,74.138
2023-01-17 19:00:00+02:00,34,81.246
2023-01-17 20:00:00+02:00,34,90.232
2023-01-17 21:00:00+02:00,34,98.453
2023-01-17 22:00:00+02:00,34,101.612
2023-01-17 23:00:00+02:00,34,104.103
2023-01-18 00:00:00+02:00,34,107.701
2023-01-18 01:00:00+02:00,34,91.395
2023-01-18 02:00:00+02:00,34,65.283
2023-01-18 03:00:00+02:00,34,40.230
2023-01-18 04:00:00+02:00,34,30.441
2023-01-18 05:00:00+02:00,34,27.488
2023-01-18 06:00:00+02:00,34,27.611
2023-01-18 07:00:00+02:00,34,29.271
2023-01-18 08:00:00+02:00,34,31.260
2023-01-18 09:00:00+02:00,34,34.719
2023-01-18 10:00:00+02:00,34,39.810
2023-01-18 11:00:00+02:00,34,44.020
2023-01-18 12:00:00+02:00,34,47.993
2023-01-18 13:00:00+02:00,34,52.044
2023-01-18 14:00:00+02:00,34,57.438
2023-01-18 15:00:00+02:00,34,63.890
2023-01-18 16:00:00+02:00,34,69.721
2023-01-18 17:00:00+02:00,34,75.020
2023-01-18 18:00:00+02:00,34,81.208
2023-01-18 19:00:00+02:00,34,87.955
2023-01-18 20:00:00+02:00,34,94.559
2023-01-18 21:00:00+02:00,34,101.214
2023-01-18 22:00:00+02:00,34,108.093
2023-01-18 23:00:00+02:00,34,118.215
2023-01-19 00:00:00+02:00,34,129.966
2023-01-19 01:00:00+02:00,34,122.875
2023-01-19 02:00:00+02:00,34,120.282
2023-01-19 03:00:00+02:00,34,113.709
2023-01-19 04:00:00+02:00,34,108.932
2023-01-19 05:00:00+02:00,34,105.576
2023-01-19 06:00:00+02:00,34,102.015
2023-01-19 07:00:00+02:00,34,104.267
2023-01-19 08:00:00+02:00,34,111.771
2023-01-19 09:00:00+02:00,34,105.252
2023-01-19 10:00:00+02:00,34,90.458
2023-01-19 11:00:00+02:00,34,77.338
2023-01-19 12:00:00+02:00,34,69.470
2023-01-19 13:00:00+02:00,34,66.320
2023-01-19 14:00:00+02:00,34,68.188
2023-01-19 15:00:00+02:00,34,73.868
2023-01-19 16:00:00+02:00,34,81.516
2023-01-19 17:00:00+02:00,34,79.563
2023-01-19 18:00:00+02:00,34,76.944
2023-01-19 19:00:00+02:00,34,74.179
2023-01-19 20:00:00+02:00,34,71.808
2023-01-19 21:00:00+02:00,34,68.636
2023-01-19 22:00:00+02:00,34,65.665
2023-01-19 23:00:00+02:00,34,63.333
2023-01-20 00:00:00+02:00,34,109.195
2023-01-20 01:00:00+02:00,34,110.203
2023-01-20 02:00:00+02:00,34,105.782
2023-01-20 03:00:00+02:00,34,99.922
2023-01-20 04:00:00+02:00,34,85.693
2023-01-20 05:00:00+02:00,34,74.685
2023-01-20 06:00:00+02:00,34,65.061
2023-01-20 06:00:00+02:00,34,59.558
2023-01-20 07:00:00+02:00,34,57.363
2023-01-20 08:00:00+02:00,34,55.780
2023-01-20 09:00:00+02:00,34,53.800
2023-01-20 10:00:00+02:00,34,52.338
2023-01-20 11:00:00+02:00,34,51.137
2023-01-20 12:00:00+02:00,34,50.091
2023-01-20 13:00:00+02:00,34,49.229
2023-01-20 14:00:00+02:00,34,49.010
2023-01-20 15:00:00+02:00,34,51.335
2023-01-20 16:00:00+02:00,34,58.045
2023-01-20 17:00:00+02:00,34,71.171
2023-01-20 18:00:00+02:00,34,83.643
2023-01-20 19:00:00+02:00,34,96.167
2023-01-20 20:00:00+02:00,34,100.974
2023-01-20 21:00:00+02:00,34,112.831
2023-01-20 22:00:00+02:00,34,111.338
2023-01-20 23:00:00+02:00,34,159.169
2023-01-21 00:00:00+02:00,34,225.899
2023-01-21 01:00:00+02:00,34,234.749
2023-01-21 02:00:00+02:00,34,231.051
2023-01-21 03:00:00+02:00,34,221.853
2023-01-21 04:00:00+02:00,34,213.515
2023-01-21 05:00:00+02:00,34,204.689
2023-01-21 06:00:00+02:00,34,195.778
2023-01-21 07:00:00+02:00,34,190.151
2023-01-21 08:00:00+02:00,34,185.957
2023-01-21 09:00:00+02:00,34,183.509
2023-01-21 10:00:00+02:00,34,181.939
2023-01-21 11:00:00+02:00,34,182.111
2023-01-21 12:00:00+02:00,34,181.791
2023-01-21 13:00:00+02:00,34,185.073
2023-01-21 14:00:00+02:00,34,197.352
2023-01-21 15:00:00+02:00,34,231.443
2023-01-21 16:00:00+02:00,34,281.753
2023-01-21 17:00:00+02:00,34,349.538
2023-01-21 18:00:00+02:00,34,402.826
2023-01-21 19:00:00+02:00,34,451.461
2023-01-21 20:00:00+02:00,34,468.240
2023-01-21 21:00:00+02:00,34,510.696
2023-01-21 22:00:00+02:00,34,503.230
2023-01-21 23:00:00+02:00,34,518.390
2023-01-22 00:00:00+02:00,34,515.688
2023-01-22 01:00:00+02:00,34,486.088
2023-01-22 02:00:00+02:00,34,461.780
2023-01-22 03:00:00+02:00,34,418.325
2023-01-22 04:00:00+02:00,34,393.369
2023-01-22 05:00:00+02:00,34,406.074
2022-12-30 06:00:00+02:00,35,1022.789
2022-12-30 07:00:00+02:00,35,1009.330
2022-12-30 08:00:00+02:00,35,1011.996
2022-12-30 09:00:00+02:00,35,1005.949
2022-12-30 10:00:00+02:00,35,980.071
2022-12-30 11:00:00+02:00,35,950.996
2022-12-30 12:00:00+02:00,35,911.282
2022-12-30 13:00:00+02:00,35,873.048
2022-12-30 14:00:00+02:00,35,829.756
2022-12-30 15:00:00+02:00,35,803.318
2022-12-30 16:00:00+02:00,35,781.686
2022-12-30 17:00:00+02:00,35,763.874
2022-12-30 18:00:00+02:00,35,751.334
2022-12-30 19:00:00+02:00,35,774.596
2022-12-30 20:00:00+02:00,35,788.388
2022-12-30 21:00:00+02:00,35,787.795
2022-12-30 22:00:00+02:00,35,803.622
2022-12-30 23:00:00+02:00,35,805.965
2022-12-31 00:00:00+02:00,35,828.758
2022-12-31 01:00:00+02:00,35,762.957
2022-12-31 02:00:00+02:00,35,717.817
2022-12-31 03:00:00+02:00,35,668.610
2022-12-31 04:00:00+02:00,35,631.617
2022-12-31 05:00:00+02:00,35,603.456
2022-12-31 06:00:00+02:00,35,576.597
2022-12-31 07:00:00+02:00,35,555.925
2022-12-31 08:00:00+02:00,35,542.279
2022-12-31 09:00:00+02:00,35,516.109
2022-12-31 10:00:00+02:00,35,503.062
2022-12-31 11:00:00+02:00,35,515.511
2022-12-31 12:00:00+02:00,35,535.805
2022-12-31 13:00:00+02:00,35,518.955
2022-12-31 14:00:00+02:00,35,446.184
2022-12-31 15:00:00+02:00,35,400.913
2022-12-31 16:00:00+02:00,35,370.544
2022-12-31 17:00:00+02:00,35,333.631
2022-12-31 18:00:00+02:00,35,314.622
2022-12-31 19:00:00+02:00,35,304.935
2022-12-31 20:00:00+02:00,35,305.771
2022-12-31 21:00:00+02:00,35,318.690
2022-12-31 22:00:00+02:00,35,319.576
2022-12-31 23:00:00+02:00,35,297.370
2023-01-01 00:00:00+02:00,35,278.255
2023-01-01 01:00:00+02:00,35,179.536
2023-01-01 02:00:00+02:00,35,153.074
2023-01-01 03:00:00+02:00,35,159.651
2023-01-01 04:00:00+02:00,35,171.458
2023-01-01 05:00:00+02:00,35,186.941
2023-01-01 06:00:00+02:00,35,203.315
2023-01-01 07:00:00+02:00,35,159.142
2023-01-01 08:00:00+02:00,35,123.068
2023-01-01 09:00:00+02:00,35,101.294
2023-01-01 10:00:00+02:00,35,101.123
2023-01-01 11:00:00+02:00,35,105.553
2023-01-01 12:00:00+02:00,35,109.014
2023-01-01 13:00:00+02:00,35,112.587
2023-01-01 14:00:00+02:00,35,117.806
2023-01-01 15:00:00+02:00,35,118.708
2023-01-01 16:00:00+02:00,35,118.874
2023-01-01 17:00:00+02:00,35,118.933
2023-01-01 18:00:00+02:00,35,123.434
2023-01-01 19:00:00+02:00,35,124.711
2023-01-01 20:00:00+02:00,35,127.386
2023-01-01 21:00:00+02:00,35,142.554
2023-01-01 22:00:00+02:00,35,150.138
2023-01-01 23:00:00+02:00,35,153.821
2023-01-02 00:00:00+02:00,35,148.765
2023-01-02 01:00:00+02:00,35,90.324
2023-01-02 02:00:00+02:00,35,57.361
2023-01-02 03:00:00+02:00,35,40.455
2023-01-02 04:00:00+02:00,35,34.713
2023-01-02 05:00:00+02:00,35,34.481
2023-01-02 06:00:00+02:00,35,38.961
2023-01-02 07:00:00+02:00,35,42.497
2023-01-02 08:00:00+02:00,35,42.293
2023-01-02 09:00:00+02:00,35,44.556
2023-01-02 10:00:00+02:00,35,55.141
2023-01-02 11:00:00+02:00,35,62.962
2023-01-02 12:00:00+02:00,35,75.076
2023-01-02 13:00:00+02:00,35,93.361
2023-01-02 14:00:00+02:00,35,112.811
2023-01-02 15:00:00+02:00,35,128.944
2023-01-02 16:00:00+02:00,35,144.145
2023-01-02 17:00:00+02:00,35,152.031
2023-01-02 18:00:00+02:00,35,159.368
2023-01-02 19:00:00+02:00,35,178.875
2023-01-02 20:00:00+02:00,35,188.604
2023-01-02 21:00:00+02:00,35,183.522
2023-01-02 22:00:00+02:00,35,188.626
2023-01-02 23:00:00+02:00,35,186.857
2023-01-03 00:00:00+02:00,35,202.806
2023-01-03 01:00:00+02:00,35,127.211
2023-01-03 02:00:00+02:00,35,76.989
2023-01-03 03:00:00+02:00,35,46.422
2023-01-03 04:00:00+02:00,35,36.089
2023-01-03 05:00:00+02:00,35,35.505
2023-01-03 06:00:00+02:00,35,36.021
2023-01-03 07:00:00+02:00,35,35.709
2023-01-03 08:00:00+02:00,35,34.359
2023-01-03 09:00:00+02:00,35,39.884
2023-01-03 10:00:00+02:00,35,47.932
2023-01-03 11:00:00+02:00,35,49.322
2023-01-03 12:00:00+02:00,35,54.700
2023-01-03 13:00:00+02:00,35,73.734
2023-01-03 14:00:00+02:00,35,83.200
2023-01-03 15:00:00+02:00,35,78.904
2023-01-03 16:00:00+02:00,35,84.738
2023-01-03 17:00:00+02:00,35,90.299
2023-01-03 18:00:00+02:00,35,115.257
2023-01-03 19:00:00+02:00,35,146.752
2023-01-03 20:00:00+02:00,35,127.870
2023-01-03 21:00:00+02:00,35,107.422
2023-01-03 22:00:00+02:00,35,128.087
2023-01-03 23:00:00+02:00,35,138.598
2023-01-04 00:00:00+02:00,35,167.641
2023-01-04 01:00:00+02:00,35,113.182
2023-01-04 02:00:00+02:00,35,67.900
2023-01-04 03:00:00+02:00,35,37.714
2023-01-04 04:00:00+02:00,35,30.841
2023-01-04 05:00:00+02:00,35,28.800
2023-01-04 06:00:00+02:00,35,34.090
2023-01-04 07:00:00+02:00,35,36.620
2023-01-04 08:00:00+02:00,35,43.955
2023-01-04 09:00:00+02:00,35,49.346
2023-01-04 10:00:00+02:00,35,57.492
2023-01-04 11:00:00+02:00,35,67.206
2023-01-04 12:00:00+02:00,35,75.990
2023-01-04 13:00:00+02:00,35,95.100
2023-01-04 14:00:00+02:00,35,101.922
2023-01-04 15:00:00+02:00,35,123.593
2023-01-04 16:00:00+02:00,35,143.053
2023-01-04 17:00:00+02:00,35,133.475
2023-01-04 18:00:00+02:00,35,128.425
2023-01-04 19:00:00+02:00,35,131.401
2023-01-04 20:00:00+02:00,35,142.748
2023-01-04 21:00:00+02:00,35,145.706
2023-01-04 22:00:00+02:00,35,147.303
2023-01-04 23:00:00+02:00,35,165.325
2023-01-05 00:00:00+02:00,35,164.010
2023-01-05 01:00:00+02:00,35,111.525
2023-01-05 02:00:00+02:00,35,97.645
2023-01-05 03:00:00+02:00,35,99.406
2023-01-05 04:00:00+02:00,35,107.364
2023-01-05 05:00:00+02:00,35,118.622
2023-01-05 06:00:00+02:00,35,133.191
2023-01-05 07:00:00+02:00,35,145.044
2023-01-05 08:00:00+02:00,35,160.330
2023-01-05 09:00:00+02:00,35,182.435
2023-01-05 10:00:00+02:00,35,196.268
2023-01-05 11:00:00+02:00,35,200.429
2023-01-05 12:00:00+02:00,35,207.802
2023-01-05 13:00:00+02:00,35,221.578
2023-01-05 14:00:00+02:00,35,229.992
2023-01-05 15:00:00+02:00,35,236.862
2023-01-05 16:00:00+02:00,35,247.823
2023-01-05 17:00:00+02:00,35,264.264
2023-01-05 18:00:00+02:00,35,285.195
2023-01-05 19:00:00+02:00,35,325.064
2023-01-05 20:00:00+02:00,35,367.461
2023-01-05 21:00:00+02:00,35,384.935
2023-01-05 22:00:00+02:00,35,386.496
2023-01-05 23:00:00+02:00,35,352.268
2023-01-06 00:00:00+02:00,35,317.871
2023-01-06 01:00:00+02:00,35,222.314
2023-01-06 02:00:00+02:00,35,208.415
2023-01-06 03:00:00+02:00,35,248.806
2023-01-06 04:00:00+02:00,35,349.305
2023-01-06 05:00:00+02:00,35,531.581
2023-01-06 06:00:00+02:00,35,817.819
2023-01-06 07:00:00+02:00,35,1209.833
2023-01-06 08:00:00+02:00,35,1674.139
2023-01-06 09:00:00+02:00,35,2146.986
2023-01-06 10:00:00+02:00,35,2557.643
2023-01-06 11:00:00+02:00,35,2854.117
2023-01-06 12:00:00+02:00,35,3016.615
2023-01-06 13:00:00+02:00,35,3055.337
2023-01-06 14:00:00+02:00,35,2998.719
2023-01-06 15:00:00+02:00,35,2880.437
2023-01-06 16:00:00+02:00,35,2776.614
2023-01-06 17:00:00+02:00,35,2665.243
2023-01-06 18:00:00+02:00,35,2520.946
2023-01-06 19:00:00+02:00,35,2401.521
2023-01-06 20:00:00+02:00,35,2271.519
2023-01-06 21:00:00+02:00,35,2193.090
2023-01-06 22:00:00+02:00,35,2146.784
2023-01-06 23:00:00+02:00,35,2129.027
2023-01-07 00:00:00+02:00,35,2084.226
2023-01-07 01:00:00+02:00,35,1958.001
2023-01-07 02:00:00+02:00,35,1868.856
2023-01-07 03:00:00+02:00,35,1812.087
2023-01-07 04:00:00+02:00,35,1755.444
2023-01-07 05:00:00+02:00,35,1713.582
2023-01-07 06:00:00+02:00,35,1690.725
2023-01-07 07:00:00+02:00,35,1679.237
2023-01-07 08:00:00+02:00,35,1674.810
2023-01-07 09:00:00+02:00,35,1681.091
2023-01-07 10:00:00+02:00,35,1695.622
2023-01-07 11:00:00+02:00,35,1720.357
2023-01-07 12:00:00+02:00,35,1751.144
2023-01-07 13:00:00+02:00,35,1780.899
2023-01-07 14:00:00+02:00,35,1805.303
2023-01-07 15:00:00+02:00,35,1821.564
2023-01-07 16:00:00+02:00,35,1827.037
2023-01-07 17:00:00+02:00,35,1830.555
2023-01-07 18:00:00+02:00,35,1830.324
2023-01-07 19:00:00+02:00,35,1814.093
2023-01-07 20:00:00+02:00,35,1813.921
2023-01-07 21:00:00+02:00,35,1795.761
2023-01-07 22:00:00+02:00,35,1794.182
2023-01-07 23:00:00+02:00,35,1792.141
2023-01-08 00:00:00+02:00,35,1798.853
2023-01-08 01:00:00+02:00,35,1677.910
2023-01-08 02:00:00+02:00,35,1593.308
2023-01-08 03:00:00+02:00,35,1518.738
2023-01-08 04:00:00+02:00,35,1453.938
2023-01-08 05:00:00+02:00,35,1397.526
2023-01-08 06:00:00+02:00,35,1354.101
2023-01-08 07:00:00+02:00,35,1310.559
2023-01-08 08:00:00+02:00,35,1257.365
2023-01-08 09:00:00+02:00,35,1237.038
2023-01-08 10:00:00+02:00,35,1219.341
2023-01-08 11:00:00+02:00,35,1217.286
2023-01-08 12:00:00+02:00,35,929.789
2023-01-08 13:00:00+02:00,35,770.521
2023-01-08 14:00:00+02:00,35,645.828
2023-01-08 15:00:00+02:00,35,543.578
2023-01-08 16:00:00+02:00,35,420.856
2023-01-08 17:00:00+02:00,35,329.806
2023-01-08 18:00:00+02:00,35,263.120
2023-01-08 19:00:00+02:00,35,220.968
2023-01-08 20:00:00+02:00,35,182.483
2023-01-08 21:00:00+02:00,35,158.333
2023-01-08 22:00:00+02:00,35,126.846
2023-01-08 23:00:00+02:00,35,117.164
2023-01-09 00:00:00+02:00,35,121.890
2023-01-09 01:00:00+02:00,35,58.149
2023-01-09 02:00:00+02:00,35,30.872
2023-01-09 03:00:00+02:00,35,19.858
2023-01-09 04:00:00+02:00,35,17.436
2023-01-09 05:00:00+02:00,35,20.891
2023-01-09 06:00:00+02:00,35,26.991
2023-01-09 07:00:00+02:00,35,30.893
2023-01-09 08:00:00+02:00,35,35.893
2023-01-09 09:00:00+02:00,35,43.658
2023-01-09 10:00:00+02:00,35,50.451
2023-01-09 11:00:00+02:00,35,58.517
2023-01-09 12:00:00+02:00,35,67.683
2023-01-09 13:00:00+02:00,35,71.926
2023-01-09 14:00:00+02:00,35,77.143
2023-01-09 15:00:00+02:00,35,87.017
2023-01-09 16:00:00+02:00,35,98.676
2023-01-09 17:00:00+02:00,35,93.653
2023-01-09 18:00:00+02:00,35,90.492
2023-01-09 19:00:00+02:00,35,95.003
2023-01-09 20:00:00+02:00,35,104.775
2023-01-09 21:00:00+02:00,35,119.319
2023-01-09 22:00:00+02:00,35,137.475
2023-01-09 23:00:00+02:00,35,125.420
2023-01-10 00:00:00+02:00,35,108.974
2023-01-10 01:00:00+02:00,35,40.232
2023-01-10 02:00:00+02:00,35,22.784
2023-01-10 03:00:00+02:00,35,18.734
2023-01-10 04:00:00+02:00,35,20.913
2023-01-10 05:00:00+02:00,35,25.303
2023-01-10 06:00:00+02:00,35,31.477
2023-01-10 07:00:00+02:00,35,34.576
2023-01-10 08:00:00+02:00,35,35.343
2023-01-10 09:00:00+02:00,35,36.539
2023-01-10 10:00:00+02:00,35,44.817
2023-01-10 11:00:00+02:00,35,54.309
2023-01-10 12:00:00+02:00,35,65.982
2023-01-10 13:00:00+02:00,35,70.287
2023-01-10 14:00:00+02:00,35,74.110
2023-01-10 15:00:00+02:00,35,70.093
2023-01-10 16:00:00+02:00,35,70.087
2023-01-10 17:00:00+02:00,35,74.818
2023-01-10 18:00:00+02:00,35,86.817
2023-01-10 19:00:00+02:00,35,88.272
2023-01-10 20:00:00+02:00,35,103.935
2023-01-10 21:00:00+02:00,35,111.816
2023-01-10 22:00:00+02:00,35,129.538
2023-01-10 23:00:00+02:00,35,125.772
2023-01-11 00:00:00+02:00,35,139.829
2023-01-11 01:00:00+02:00,35,66.368
2023-01-11 02:00:00+02:00,35,40.179
2023-01-11 03:00:00+02:00,35,37.450
2023-01-11 04:00:00+02:00,35,37.945
2023-01-11 05:00:00+02:00,35,38.477
2023-01-11 06:00:00+02:00,35,43.738
2023-01-11 07:00:00+02:00,35,53.326
2023-01-11 08:00:00+02:00,35,63.165
2023-01-11 09:00:00+02:00,35,67.391
2023-01-11 10:00:00+02:00,35,58.367
2023-01-11 11:00:00+02:00,35,59.801
2023-01-11 12:00:00+02:00,35,72.014
2023-01-11 13:00:00+02:00,35,75.253
2023-01-11 14:00:00+02:00,35,79.352
2023-01-11 15:00:00+02:00,35,90.749
2023-01-11 16:00:00+02:00,35,94.848
2023-01-11 17:00:00+02:00,35,78.647
2023-01-11 18:00:00+02:00,35,74.163
2023-01-11 19:00:00+02:00,35,77.236
2023-01-11 20:00:00+02:00,35,81.211
2023-01-11 21:00:00+02:00,35,84.844
2023-01-11 22:00:00+02:00,35,89.887
2023-01-11 23:00:00+02:00,35,90.494
2023-01-12 00:00:00+02:00,35,98.938
2023-01-12 01:00:00+02:00,35,44.887
2023-01-12 02:00:00+02:00,35,25.214
2023-01-12 03:00:00+02:00,35,15.326
2023-01-12 04:00:00+02:00,35,14.685
2023-01-12 05:00:00+02:00,35,18.861
2023-01-12 06:00:00+02:00,35,21.877
2023-01-12 07:00:00+02:00,35,26.363
2023-01-12 08:00:00+02:00,35,31.937
2023-01-12 09:00:00+02:00,35,41.879
2023-01-12 10:00:00+02:00,35,55.313
2023-01-12 11:00:00+02:00,35,63.837
2023-01-12 12:00:00+02:00,35,68.134
2023-01-12 13:00:00+02:00,35,75.693
2023-01-12 14:00:00+02:00,35,72.189
2023-01-12 15:00:00+02:00,35,69.037
2023-01-12 16:00:00+02:00,35,63.661
2023-01-12 17:00:00+02:00,35,69.855
2023-01-12 18:00:00+02:00,35,81.275
2023-01-12 19:00:00+02:00,35,86.465
2023-01-12 20:00:00+02:00,35,99.281
2023-01-12 21:00:00+02:00,35,106.578
2023-01-12 22:00:00+02:00,35,116.091
2023-01-12 23:00:00+02:00,35,120.259
2023-01-13 00:00:00+02:00,35,117.158
2023-01-13 01:00:00+02:00,35,57.636
2023-01-13 02:00:00+02:00,35,31.079
2023-01-13 03:00:00+02:00,35,16.927
2023-01-13 04:00:00+02:00,35,14.482
2023-01-13 05:00:00+02:00,35,18.809
2023-01-13 06:00:00+02:00,35,23.358
2023-01-13 07:00:00+02:00,35,28.124
2023-01-13 08:00:00+02:00,35,33.491
2023-01-13 09:00:00+02:00,35,34.548
2023-01-13 10:00:00+02:00,35,48.644
2023-01-13 11:00:00+02:00,35,64.518
2023-01-13 12:00:00+02:00,35,72.044
2023-01-13 13:00:00+02:00,35,68.720
2023-01-13 14:00:00+02:00,35,66.974
2023-01-13 15:00:00+02:00,35,69.435
2023-01-13 16:00:00+02:00,35,79.027
2023-01-13 17:00:00+02:00,35,80.859
2023-01-13 18:00:00+02:00,35,96.025
2023-01-13 19:00:00+02:00,35,112.706
2023-01-13 20:00:00+02:00,35,120.467
2023-01-13 21:00:00+02:00,35,118.968
2023-01-13 22:00:00+02:00,35,140.513
2023-01-13 23:00:00+02:00,35,164.713
2023-01-14 00:00:00+02:00,35,188.109
2023-01-14 01:00:00+02:00,35,162.936
2023-01-14 02:00:00+02:00,35,154.120
2023-01-14 03:00:00+02:00,35,146.143
2023-01-14 04:00:00+02:00,35,142.966
2023-01-14 05:00:00+02:00,35,141.873
2023-01-14 06:00:00+02:00,35,142.284
2023-01-14 07:00:00+02:00,35,150.262
2023-01-14 08:00:00+02:00,35,171.456
2023-01-14 09:00:00+02:00,35,197.457
2023-01-14 10:00:00+02:00,35,180.304
2023-01-14 11:00:00+02:00,35,167.288
2023-01-14 12:00:00+02:00,35,183.154
2023-01-14 13:00:00+02:00,35,184.931
2023-01-14 14:00:00+02:00,35,182.912
2023-01-14 15:00:00+02:00,35,192.758
2023-01-14 16:00:00+02:00,35,214.627
2023-01-14 17:00:00+02:00,35,235.470
2023-01-14 18:00:00+02:00,35,298.658
2023-01-14 19:00:00+02:00,35,336.081
2023-01-14 20:00:00+02:00,35,377.234
2023-01-14 21:00:00+02:00,35,437.919
2023-01-14 22:00:00+02:00,35,512.690
2023-01-14 23:00:00+02:00,35,572.683
2023-01-15 00:00:00+02:00,35,648.468
2023-01-15 01:00:00+02:00,35,609.914
2023-01-15 02:00:00+02:00,35,551.245
2023-01-15 03:00:00+02:00,35,521.792
2023-01-15 04:00:00+02:00,35,486.928
2023-01-15 05:00:00+02:00,35,420.813
2023-01-15 06:00:00+02:00,35,402.635
2023-01-15 07:00:00+02:00,35,250.864
2023-01-15 08:00:00+02:00,35,166.784
2023-01-15 09:00:00+02:00,35,140.002
2023-01-15 10:00:00+02:00,35,121.028
2023-01-15 11:00:00+02:00,35,106.526
2023-01-15 12:00:00+02:00,35,93.469
2023-01-15 13:00:00+02:00,35,94.024
2023-01-15 14:00:00+02:00,35,100.415
2023-01-15 15:00:00+02:00,35,128.317
2023-01-15 16:00:00+02:00,35,173.872
2023-01-15 17:00:00+02:00,35,192.085
2023-01-15 18:00:00+02:00,35,201.893
2023-01-15 19:00:00+02:00,35,217.591
2023-01-15 20:00:00+02:00,35,232.031
2023-01-15 21:00:00+02:00,35,236.739
2023-01-15 22:00:00+02:00,35,258.905
2023-01-15 23:00:00+02:00,35,285.069
2023-01-16 00:00:00+02:00,35,326.108
2023-01-16 01:00:00+02:00,35,281.088
2023-01-16 02:00:00+02:00,35,220.858
2023-01-16 03:00:00+02:00,35,170.868
2023-01-16 04:00:00+02:00,35,159.271
2023-01-16 05:00:00+02:00,35,167.571
2023-01-16 06:00:00+02:00,35,134.578
2023-01-16 07:00:00+02:00,35,87.796
2023-01-16 08:00:00+02:00,35,74.540
2023-01-16 09:00:00+02:00,35,85.704
2023-01-16 10:00:00+02:00,35,96.332
2023-01-16 11:00:00+02:00,35,108.173
2023-01-16 12:00:00+02:00,35,101.150
2023-01-16 13:00:00+02:00,35,90.079
2023-01-16 14:00:00+02:00,35,84.073
2023-01-16 15:00:00+02:00,35,88.917
2023-01-16 16:00:00+02:00,35,89.832
2023-01-16 17:00:00+02:00,35,75.726
2023-01-16 18:00:00+02:00,35,74.055
2023-01-16 19:00:00+02:00,35,75.228
2023-01-16 20:00:00+02:00,35,80.511
2023-01-16 21:00:00+02:00,35,78.425
2023-01-16 22:00:00+02:00,35,77.577
2023-01-16 23:00:00+02:00,35,86.827
2023-01-17 00:00:00+02:00,35,94.689
2023-01-17 01:00:00+02:00,35,41.878
2023-01-17 02:00:00+02:00,35,23.664
2023-01-17 03:00:00+02:00,35,17.818
2023-01-17 04:00:00+02:00,35,17.561
2023-01-17 05:00:00+02:00,35,24.784
2023-01-17 06:00:00+02:00,35,29.931
2023-01-17 07:00:00+02:00,35,34.155
2023-01-17 08:00:00+02:00,35,35.929
2023-01-17 09:00:00+02:00,35,43.323
2023-01-17 10:00:00+02:00,35,45.491
2023-01-17 11:00:00+02:00,35,54.083
2023-01-17 12:00:00+02:00,35,67.346
2023-01-17 13:00:00+02:00,35,69.597
2023-01-17 14:00:00+02:00,35,62.581
2023-01-17 15:00:00+02:00,35,63.782
2023-01-17 16:00:00+02:00,35,67.058
2023-01-17 17:00:00+02:00,35,77.446
2023-01-17 18:00:00+02:00,35,83.468
2023-01-17 19:00:00+02:00,35,95.454
2023-01-17 20:00:00+02:00,35,108.640
2023-01-17 21:00:00+02:00,35,108.012
2023-01-17 22:00:00+02:00,35,105.774
2023-01-17 23:00:00+02:00,35,110.788
2023-01-18 00:00:00+02:00,35,114.980
2023-01-18 01:00:00+02:00,35,56.009
2023-01-18 02:00:00+02:00,35,31.148
2023-01-18 03:00:00+02:00,35,18.612
2023-01-18 04:00:00+02:00,35,19.708
2023-01-18 05:00:00+02:00,35,26.076
2023-01-18 06:00:00+02:00,35,30.702
2023-01-18 07:00:00+02:00,35,32.175
2023-01-18 08:00:00+02:00,35,34.695
2023-01-18 09:00:00+02:00,35,43.742
2023-01-18 10:00:00+02:00,35,46.205
2023-01-18 11:00:00+02:00,35,50.587
2023-01-18 12:00:00+02:00,35,53.398
2023-01-18 13:00:00+02:00,35,58.926
2023-01-18 14:00:00+02:00,35,68.050
2023-01-18 15:00:00+02:00,35,74.164
2023-01-18 16:00:00+02:00,35,78.495
2023-01-18 17:00:00+02:00,35,84.084
2023-01-18 18:00:00+02:00,35,94.283
2023-01-18 19:00:00+02:00,35,98.378
2023-01-18 20:00:00+02:00,35,109.173
2023-01-18 21:00:00+02:00,35,110.958
2023-01-18 22:00:00+02:00,35,127.241
2023-01-18 23:00:00+02:00,35,143.470
2023-01-19 00:00:00+02:00,35,159.446
2023-01-19 01:00:00+02:00,35,89.987
2023-01-19 02:00:00+02:00,35,92.621
2023-01-19 03:00:00+02:00,35,106.817
2023-01-19 04:00:00+02:00,35,116.710
2023-01-19 05:00:00+02:00,35,128.927
2023-01-19 06:00:00+02:00,35,142.394
2023-01-19 07:00:00+02:00,35,149.636
2023-01-19 08:00:00+02:00,35,112.048
2023-01-19 09:00:00+02:00,35,91.552
2023-01-19 10:00:00+02:00,35,71.223
2023-01-19 11:00:00+02:00,35,64.413
2023-01-19 12:00:00+02:00,35,63.769
2023-01-19 13:00:00+02:00,35,66.200
2023-01-19 14:00:00+02:00,35,77.711
2023-01-19 15:00:00+02:00,35,89.447
2023-01-19 16:00:00+02:00,35,109.176
2023-01-19 17:00:00+02:00,35,171.335
2023-01-19 18:00:00+02:00,35,225.683
2023-01-19 19:00:00+02:00,35,272.015
2023-01-19 20:00:00+02:00,35,320.312
2023-01-19 21:00:00+02:00,35,329.548
2023-01-19 22:00:00+02:00,35,321.369
2023-01-19 23:00:00+02:00,35,320.999
2023-01-20 00:00:00+02:00,35,345.006
2023-01-20 01:00:00+02:00,35,334.523
2023-01-20 02:00:00+02:00,35,321.039
2023-01-20 03:00:00+02:00,35,303.720
2023-01-20 04:00:00+02:00,35,243.614
2023-01-20 05:00:00+02:00,35,197.662
2023-01-20 06:00:00+02:00,35,152.755
2023-01-20 06:00:00+02:00,35,130.108
2023-01-20 07:00:00+02:00,35,135.733
2023-01-20 08:00:00+02:00,35,151.467
2023-01-20 09:00:00+02:00,35,150.717
2023-01-20 10:00:00+02:00,35,161.094
2023-01-20 11:00:00+02:00,35,176.256
2023-01-20 12:00:00+02:00,35,201.347
2023-01-20 13:00:00+02:00,35,214.441
2023-01-20 14:00:00+02:00,35,204.732
2023-01-20 15:00:00+02:00,35,171.778
2023-01-20 16:00:00+02:00,35,159.972
2023-01-20 17:00:00+02:00,35,164.019
2023-01-20 18:00:00+02:00,35,192.569
2023-01-20 19:00:00+02:00,35,226.683
2023-01-20 20:00:00+02:00,35,280.547
2023-01-20 21:00:00+02:00,35,310.788
2023-01-20 22:00:00+02:00,35,385.746
2023-01-20 23:00:00+02:00,35,394.454
2023-01-21 00:00:00+02:00,35,328.670
2023-01-21 01:00:00+02:00,35,256.945
2023-01-21 02:00:00+02:00,35,229.967
2023-01-21 03:00:00+02:00,35,188.341
2023-01-21 04:00:00+02:00,35,178.607
2023-01-21 05:00:00+02:00,35,195.744
2023-01-21 06:00:00+02:00,35,210.921
2023-01-21 07:00:00+02:00,35,225.523
2023-01-21 08:00:00+02:00,35,244.075
2023-01-21 09:00:00+02:00,35,251.710
2023-01-21 10:00:00+02:00,35,270.020
2023-01-21 11:00:00+02:00,35,286.850
2023-01-21 12:00:00+02:00,35,312.092
2023-01-21 13:00:00+02:00,35,327.307
2023-01-21 14:00:00+02:00,35,324.609
2023-01-21 15:00:00+02:00,35,310.913
2023-01-21 16:00:00+02:00,35,326.869
2023-01-21 17:00:00+02:00,35,366.762
2023-01-21 18:00:00+02:00,35,421.742
2023-01-21 19:00:00+02:00,35,479.544
2023-01-21 20:00:00+02:00,35,541.141
2023-01-21 21:00:00+02:00,35,592.948
2023-01-21 22:00:00+02:00,35,664.341
2023-01-21 23:00:00+02:00,35,620.049
2023-01-22 00:00:00+02:00,35,472.765
2023-01-22 01:00:00+02:00,35,369.595
2023-01-22 02:00:00+02:00,35,329.086
2023-01-22 03:00:00+02:00,35,266.346
2023-01-22 04:00:00+02:00,35,247.735
2023-01-22 05:00:00+02:00,35,286.492
